# --- Comparative Meta-Gene Profiler (CMGP) Results ---
# Total Datasets (N)   : 52 across 4 groups ['Cachexia', 'Sepsis', 'Disuse', 'Denervation']
# Input Significance   : PValue < 0.1
# Permutations         : 100000
# Mode                 : eFPR Boundary (min datasets where eFPR < 0.05)
# k-adj/boundary Applied: Ignored
# Expected Common FPR (ecFPR)          : 1.0638e-07
# Base Universe Size (for ecFP)        : 7608
# Expected Common False Positives (ecFP) : 0.00081 genes
# Sorting Criteria     : Count_Ratio (Average of hit ratios across all groups)
# ----------------------------------------------------
# Group 'Cachexia' (N=27, Univ=6286):
#    UP Req  : 5 (mFDR=0.2691) | E_UP=198.68, eFPR_UP=3.1607e-02
#    DOWN Req: 6 (mFDR=0.1206) | E_DOWN=92.08, eFPR_DOWN=1.4649e-02
#    Total Expected Noise (E) : 290.76 genes, Total eFPR : 4.6255e-02
# Group 'Sepsis' (N=7, Univ=4169):
#    UP Req  : 3 (mFDR=0.2348) | E_UP=58.89, eFPR_UP=1.4125e-02
#    DOWN Req: 3 (mFDR=0.2080) | E_DOWN=57.44, eFPR_DOWN=1.3777e-02
#    Total Expected Noise (E) : 116.32 genes, Total eFPR : 2.7902e-02
# Group 'Disuse' (N=11, Univ=6658):
#    UP Req  : 4 (mFDR=0.1409) | E_UP=63.26, eFPR_UP=9.5012e-03
#    DOWN Req: 3 (mFDR=0.2369) | E_DOWN=105.61, eFPR_DOWN=1.5862e-02
#    Total Expected Noise (E) : 168.87 genes, Total eFPR : 2.5363e-02
# Group 'Denervation' (N=7, Univ=7608):
#    UP Req  : 3 (mFDR=0.1449) | E_UP=75.93, eFPR_UP=9.9798e-03
#    DOWN Req: 3 (mFDR=0.2726) | E_DOWN=152.21, eFPR_DOWN=2.0006e-02
#    Total Expected Noise (E) : 228.13 genes, Total eFPR : 2.9986e-02
# ----------------------------------------------------
Geneid	Geneid_clean	GeneSymbol	Dominant_Direction	Count_Ratio	Cachexia_sig_up	Cachexia_sig_down	Sepsis_sig_up	Sepsis_sig_down	Disuse_sig_up	Disuse_sig_down	Denervation_sig_up	Denervation_sig_down	Final_Avg_logFC	Final_Median_logFC	Cachexia_Avg_logFC	Sepsis_Avg_logFC	Disuse_Avg_logFC	Denervation_Avg_logFC	Cachexia_Median_logFC	Sepsis_Median_logFC	Disuse_Median_logFC	Denervation_Median_logFC	ERP145838_Sham_vs_334P_cells_injection_edgeR_results.tsv	SRP055049_Control_vs_C26_cells_injection_edgeR_results.tsv	SRP125804_Fasted_vs_CACS_edgeR_results.tsv	SRP148786_PBS_vs_LLC_edgeR_results.tsv	SRP172440_Control_vs_KPC_tumore_cells_injection_edgeR_results.tsv	SRP224400_Control_vs_C26_cells_injection_edgeR_results.tsv	SRP238415_Control_vs_C26_cells_injection_edgeR_results.tsv	SRP246188_PBSinjection_vs_LLC_cells_injection_edgeR_results.tsv	SRP279572_Control_vs_KPC_edgeR_results.tsv	SRP288335_Control_vs_LLC_edgeR_results.tsv	SRP304002_CACS_neg_vs_CACS_pos_edgeR_results.tsv	SRP321471_Control_vs_C26_cells_injection_edgeR_results.tsv	SRP337393_Control_vs_Melanoma_edgeR_results.tsv	SRP342685_Control_vs_KPC_tumore_cells_injection_edgeR_results.tsv	SRP400565_Control_vs_TOV21G_cells_injection_edgeR_results.tsv	SRP426212_Control_vs_KIC_edgeR_results.tsv	SRP436115_Control_vs_LLC_cells_injection_edgeR_results.tsv	SRP441976_Control_vs_KPC_tumore_cells_injection_edgeR_results.tsv	SRP468164_Control_vs_C26_injection_edgeR_results.tsv	SRP518009_Control_vs_C26_injection_edgeR_results.tsv	SRP519530_Control_vs_KIC_edgeR_results.tsv	SRP526827_PBS_vs_LLC_edgeR_results.tsv	SRP535687_Control_vs_Kras-IKKaL_cells_injection_edgeR_results.tsv	SRP544896_Control_vs_CT26_cells_injection_edgeR_results.tsv	SRP560874_Control_vs_B0092_cells_injection_edgeR_results.tsv	SRP567610_Control_vs_C26_injection_edgeR_results.tsv	SRP597284_Control_vs_CT26_cells_injection_edgeR_results.tsv	ERP131935_Sham_vs_CLP_edgeR_results.tsv	SRP388005_Saline_vs_LPS_edgeR_results.tsv	SRP475349_Saline_vs_LPS_edgeR_results.tsv	SRP511238_Saline_vs_LPS_edgeR_results.tsv	SRP553590_Sham_vs_CLP_edgeR_results.tsv	SRP591840_Sham_vs_CS_edgeR_results.tsv	SRP646634_Sham_vs_CS_edgeR_results.tsv	SRP114869_Control_vs_Hindlimb_unloading_edgeR_results.tsv	SRP220337_Control_vs_Casting_edgeR_results.tsv	SRP293052_Control_vs_Hindlimb_unloading_edgeR_results.tsv	SRP307991_Control_vs_Hindlimb_unloading_edgeR_results.tsv	SRP395698_Control_vs_Casting_edgeR_results.tsv	SRP396700_Control_vs_Casting_edgeR_results.tsv	SRP449926_Control_vs_Casting_edgeR_results.tsv	SRP454976_Control_vs_Hindlimb_unloading_edgeR_results.tsv	SRP455216_male_Control_vs_Hindlimb_unloading_edgeR_results.tsv	SRP522174_Control_vs_Hindlimb_unloading_edgeR_results.tsv	SRP588888_Control_vs_Hindlimb_unloading_edgeR_results.tsv	ERP143166_Control_vs_Denervation_edgeR_results.tsv	SRP196460_Control_vs_Denervation_edgeR_results.tsv	SRP371311_Control_vs_Denervation_edgeR_results.tsv	SRP406911_Control_vs_Denervation_edgeR_results.tsv	SRP411450_Sham_vs_Denervation_edgeR_results.tsv	SRP420335_Sham_vs_SCI_edgeR_results.tsv	SRP484329_Control_vs_Denervation_edgeR_results.tsv
ENSMUSG00000121137.2	ENSMUSG00000121137	Gm56555	UP	0.8632756132756133	21	1	6	1	9	0	7	0	1.7627900065514979	1.6237921146586576	1.4105563098016343	2.6037038844341898	0.6572552903660581	2.3796445416041085	1.615257091688582	2.37483984338639	0.5856601614307773	1.6323271376287334	1.615257091688582	3.973021196792277	0.4022561383817096	0.3299703459103859	1.8003108251665505	2.72078653383766	1.8280843224416785	0.9870364362686588	1.7606058850834534	0.1018325793895966	0.6712571819823686	-1.291707713921372	1.655944973229126	2.2736106855311458	1.7203966131009842	-0.157329884177839	0.4035075609075561	1.138540038344565	1.6329417824828034	1.9644253380399284	0.4089285627506974	0.6354412685870661	1.0842049947723356	2.0178561840849416	0.4046500469639982	3.5988940268464304	4.404297350158839	2.37483984338639	-0.4333559948558872	4.44434202379728	5.503343087895357	1.6129139553202054	3.790857414862355	0.9329868606336272	0.5243015835580331	1.2546812308216408	0.6802021168962625	0.9722085634279826	1.130836557994591	0.1674133478976738	0.5856601614307773	0.1982103687469054	0.5215962191644343	0.5788448338547217	0.6158532102336166	2.200629894690728	1.307637046368309	1.4971230442733412	4.3157982942274735	1.6323271376287334	0.4960970261580272	5.207899347882148
ENSMUSG00000143907.1	ENSMUSG00000143907	Gm74406	UP	0.8498075998075998	22	0	6	0	8	0	7	0	1.258694619111794	1.277289740466986	1.2767494923311706	1.4235234947821016	0.59734639769501	1.7371590916388941	1.3312758723701177	1.2233036085638544	0.5240812437391474	1.6809612537177536	0.952294799010325	2.2781355016496883	-0.4031821934220239	0.4526726693856231	1.6904847195225572	1.738430119095554	1.7691920436022777	0.999510466955973	2.0099134590463965	0.6732344644114273	-0.0326294062036009	0.8650087698528807	0.9538341308464522	2.782397075035912	0.6052570434610071	1.0378078914755864	1.0444833257781203	1.3312758723701177	1.6676542349607266	1.6722921044766366	1.9743706122990723	-0.5780244622203528	1.633478317343308	1.7562589509715218	1.20222741011344	2.064757752842839	2.3311006202801408	1.9815305897809417	0.5226772330933475	0.8616993345952828	2.8080226786371587	1.2233036085638544	1.720777518244007	0.8466535005601188	0.237769713290895	0.5070667567719199	1.2434899597989466	0.3998548072135683	1.241273381316759	-0.1744067429643522	0.5299669488079575	0.5240812437391474	0.5339172432963553	1.1054452297971833	0.4223518335767293	1.87136185038319	2.4643183411816096	1.3832483416135746	1.5416953480402285	2.21165551709597	1.0068729894399329	1.6809612537177536
ENSMUSG00000085965.4	ENSMUSG00000085965	2310016D23Rik	DOWN	0.8460798460798461	0	23	0	5	0	9	0	7	-2.0185183996442273	-1.5461888661191567	-1.8736062982305925	-1.4117300221900375	-1.2942258920898206	-3.4945113860664576	-1.6214104521958665	-1.4709672800424471	-1.2888995947397264	-4.138451548382076	-1.7932734105348205	-4.276112320774535	-2.159606203099172	-1.0473539689640756	-4.088507085676658	-1.384614691559955	-2.6778182214188537	-1.203376782610132	-1.672192069229086	-0.3235723157542106	-2.017749428165219		-1.3217319799042213	-3.1409928748586537	-0.3665316158821763	-1.5128596315691478	-1.0766087566400178	-1.5706288351626474	-2.270451934636942	-2.375833740034963	-2.6569356553907344	-0.4303700314018039	-3.914515201395977	-1.1131921260122306	-2.0068139003564416	-0.8838924576806384	-1.428228515282097	-0.905806936042784	0.1772162512567125	-0.9803251863613344	-1.7408473380494096	-3.290726681184457	-1.6706529849065432	-1.4709672800424471	-0.8136352015612489	-2.04191277972612	-2.044120531141482	-0.706903529589427	-2.069490683886057	-0.0916101089755113	-1.9210227119987728	-0.9863502366089156	-1.557904198079068	-0.7146352366816955	-1.2888995947397264	-2.584081376708651	-4.646680976023303	-4.560235528534329	-2.236561435187882	-4.138451548382076	-1.8947986887022048	-4.400770148926761
ENSMUSG00000117545.4	ENSMUSG00000117545	Gm30794	DOWN	0.8423520923520923	0	24	0	4	0	10	0	7	-2.5660876855334775	-2.2099584236993843	-3.28351911683137	-2.1224688141531662	-1.227162449640772	-3.631200361508602	-2.9334041999662137	-1.486512647432555	-1.2128356462205745	-3.818017438474828		-5.660630368611949	-1.3204356350414437	-1.8386483559293527	-5.32060246882828	-2.776870399188377	-5.120465932118607	-1.1398070465141503	-4.161301026877133	-0.560201061283026	-2.5983979759956224		-2.23179049978331	-5.632359405520182	-1.7257170631527905	-2.945165069083771	-1.7122151204271925	-2.9216433308486565	-3.6953582597049306	-5.274162871916601		-0.9101659966433766	-4.230412912777754	-5.669475530866498	-2.8603451326528218	-4.051740781195043	-4.446546558992001	-1.2823316998410128	0.116673500112319	-1.486512647432555	-3.305801360086109	-4.783575443030375	-2.8937017076400178	-1.2220323411544138	-0.7099095508245927	-1.4483039110736462	-1.2128356462205745	-1.3161607301276177	-3.210321969879853	0.0583866203855242	-1.5843548194008437	-1.5039579406406418	-0.8102867294542346	-0.9877367327850244	-0.7733055360269887	-3.042901902281168	-4.793313988945807	-4.035969789186116	-3.6358245540313554	-5.010761492915742	-1.0816133647251958	-3.818017438474828
ENSMUSG00000086841.4	ENSMUSG00000086841	2410006H16Rik	UP	0.8326118326118327	24	1	6	1	8	1	6	0	1.825080688808785	1.482491431562186	2.553825351965247	3.4196051921628268	0.8994138910575002	0.42747832004956665	2.399552949078701	3.889446035408388	0.5654299140456711	0.4825097221185149	3.5661616729978616	4.755322056871297	0.9556273632781672	0.7683902825299056	5.088056046388446	3.410258711864936	4.245782662179119	2.01083695512991	2.399552949078701	0.0642140553285993	1.4390828731550411	-0.6115746455478394	2.0043308804644586	4.728977405304521	1.1348577925792367	2.2117115767968856	2.0209112954789097	3.44437345939648	2.572530365047254	4.519177781904631	2.441287830118688	0.4139494652734737	4.54176206173733	2.071042751456329	2.0364970219994443	3.1666913896916022	3.553472442558292	4.321974845337345	-0.3858523937389773	3.4089930104475843	3.111385904198604	3.889446035408388	4.58875153776365	5.002537405723193	0.4445088191857688	2.0743609479576035	2.378501009251853	0.551617633834599	2.156137088292465	-0.5144879086141858	0.8111135500659804	0.9933359360807597	0.5654299140456711	0.0134450310725068	0.4195907804594805	0.4825097221185149	0.5439000395891719	0.3270794278838351	0.6649730521570693	-0.0418870852878583	0.6812076353711898	0.3345654485150438
ENSMUSG00000086584.11	ENSMUSG00000086584	Gm12002	DOWN	0.8312890812890812	0	20	0	6	0	8	0	7	-0.9153446361532489	-0.7996831451141675	-0.8374221165862618	-1.0942608821221018	-0.7267315911801467	-1.0029639547244857	-0.8018131786906614	-0.7975531115376737	-0.6950977290145848	-0.9487949179471958	-1.423015343593807	-0.3642537288584094	-0.4379909690537938	-0.8155319669675102	-1.3474598942812055	-0.5558148560246372	-0.7750300113207405	-1.6478532911130177	-1.286285956170066	0.0729266740628453	-0.4518882002857742		0.0616504448361841	-1.2380740252514184	-0.3249445535913347	-0.7880943904138126	-1.0681198517296069	-1.3964614749786792	-0.2695711044861341	-0.5450379789169101	-0.2930952501275133	-1.4346855968467516	-1.6989858443927122	-0.1996661542261768	-1.5110971155305772	-1.0590713646798455	-0.9755232273013984	-0.7975531115376737	-0.5482502790002425	-1.8071703388474871	-2.0478022243706424	-1.2260084288249828	-0.6673877188181331	-0.5656540734555513	-0.6210399529471453	-1.2978267995966466	-0.7510382242567003	-0.0132142595829252	-1.7402525412666634	0.0551100539525229	-1.309979424032734	-1.060904913154325	-0.3173148868843361	-0.6950977290145848	-0.2424888261980768	-0.7612740831362377	-0.6297415228015264	-1.4605601582390393	-0.9487949179471958	-1.4776900110649305	-0.5815807252879751	-1.1611062645944954
ENSMUSG00000143680.1	ENSMUSG00000143680	Gm69864	DOWN	0.8158970658970659	0	25	0	4	0	10	0	6	-1.730495879198327	-1.360032065278539	-1.614091301174677	-1.3156123352901372	-1.0884508647140911	-2.903829015614402	-1.5416795612184626	-1.0168061255377843	-1.178384569338615	-2.9583840346123167	-1.3210538561860548	-3.143652316927028	-1.3391557362390438	-0.922129312258342	-2.5703019799752376	-0.8163269599837374	-1.7011745583286382	-0.7983438016361943	-1.9416541806182075	-0.5082252904597182	-1.5146985223699043		-1.2273900148015833	-1.709840211818994	-0.8202807542014059	-1.1965559949470448	-1.164562896597122	-1.5975770848735094	-2.141550153007467	-2.879301640671512	-1.4690587684436451	-0.428418018135098	-2.8088865127118723	-2.067875422447169	-2.396081129531465	-1.5686606000670211	-1.913618113304585	-0.8448236740401612	-0.4386970023161519	-1.1887885770354072		-3.1039155551948765	-1.8985587281138256	-0.4188904750404006	-0.7926310450044884	-1.1470158306581637	-1.0879520632433404	-1.2898845224595734	-1.477102366307316	0.4079865869634654	-1.9636813893787248	-1.178384569338615	-1.2341165728045842	-0.8245097932060561	-1.3856679464176027	-1.6013001012446808	-2.9084032199444496	-4.247068965200163	-2.9583840346123167	-3.5638812797416963	-1.1073014191938806	-3.9404640893636302
ENSMUSG00000053332.16	ENSMUSG00000053332	Gas5	UP	0.8140933140933141	22	1	6	1	8	0	6	0	0.9883179593648488	0.7458968172200263	1.288519919803075	1.6189657502330526	0.4947441902290431	0.551041977194225	0.976201603914088	1.5701594448037597	0.3575240506268756	0.5155920305259647	1.872195929750366	3.1609360379494738	0.6053169431927103	-0.0342846464417625	2.659930323389444	1.8790717285553251	2.545084279236765	0.7763304281903646	0.92582811015863	0.1532082135943554	0.7036184974949887	-0.3001517328793477	0.7030723162748594	2.3763413173486683	0.976201603914088	0.8275752535480096	0.3490624024061584	1.607046852678283	1.4834968171367346	2.3047662630396224	0.917535709274556	-0.0099645216699284	2.606512845337425	0.8472951402716353	1.228201881425521	1.723277804366987	1.9025320371390904	2.0310035325614137	-0.251759359355957	1.385533775400668	1.2095639390631865	1.5701594448037597	2.3959286240343958	2.992330295123901	0.3552188460198522	0.9812429837548629	1.1713832855399735	0.3575240506268756	0.929937357117572	-0.048074063611117	0.5687129583858096	0.5592120182460832	0.147208717980355	0.1288308790390189	0.2909890594201881	1.195145985839095	0.6138384119444852	0.2058477789703665	1.0594779920092456	0.1942426865704299	0.0731489544999881	0.5155920305259647
ENSMUSG00000140465.1	ENSMUSG00000140465	Mir1a-1hg	DOWN	0.8006253006253006	0	23	0	5	2	7	0	7	-1.4286621340201493	-1.3509891290569742	-1.577112074551396	-1.4212593806164686	-0.7473456371800224	-1.9689314437327095	-1.5736370929665549	-1.1283411651473938	-0.4443355853073537	-1.8427939605621904	-1.9192943839923136	-2.9604364978379296	-1.086276948139878	-0.171997624532772	-3.635665763441196	-1.5545672177994756	-1.867371311015692	-0.7895366889353702	-1.9720317867777464	-0.5225561248697738	-0.944511004371292		-0.7320318342828042	-2.335220473319814	-1.262723535580413	-1.0582870696631903	-0.526261734501539	-1.599310138042899	-0.6534094583934777	-2.419182612283898	-0.7920132184508499	-0.0561550590072511	-3.126430643577704	-2.521192264993649	-1.592706968133634	-2.1898823829293104	-2.715861193462422	-1.1283411651473938	-0.4815898470750224	-1.1278456813016349	-1.917545773279417	-2.495594362566029	-1.7453228666745475	-1.052575968271236	0.4187432341604041	-2.351908923137864	-1.5277984388045482	-0.4047698427625028	-2.3950384124912367	-0.0142084341335241	-0.993539365804354	-0.8926262988354695	0.1516439982069134	-0.4443355853073537	0.2330360599292893	-1.8427939605621904	-1.30731611415509	-2.552864358507316	-1.298299557616044	-2.694732757910968	-1.1944259560165893	-2.89208740136077
ENSMUSG00000120414.2	ENSMUSG00000120414	Gm32261	DOWN	0.8002645502645503	0	17	0	5	0	11	0	6	-1.0687072373263855	-0.7537305127926652	-0.561622525270679	-0.8374093808322876	-0.6693407152368185	-2.2064563279657565	-0.5428417341550812	-0.9075515131179034	-0.5999095124674271	-2.2950258154173917	-0.4548251664330333	-1.0827525476242816	-0.4032687115671711	-0.7689655447569305	-1.2647694307404895	-0.5408080362428109	-0.5541414494176763	-0.3538851990823695	-0.7960037850142169	-0.1715024913954247	-0.5554651233421388		-0.6330190234687659	-0.9490192010346052	-0.0149335928650257	0.1261128424504888	-0.0971027443969756	-0.4820449244491133	-0.0882230326744281	-1.3005961457325657	-0.0857943071949508	-0.0421127354574329	-1.7590869430927938	-0.6141257818810677	-0.6433532308843128	-0.5448754320673515	-0.5276239186722127	-0.8726625209251396	-0.1058964010574238	-0.462732056029433	-0.9933293610589368	-1.5086136116936928	-1.0110802019434828	-0.9075515131179034	-0.9665255008390812	-1.284625959891351	-0.5635923855691969	-0.4114183465562408	-1.0222866095847596	-0.2616917522225006	-0.5999095124674271	-0.3178019150538515	-1.1150186123426833	-0.1630049088672246	-0.6568723642106863	-2.298430921230564	-2.1464006105774485	-2.9569323575342303	-2.2950258154173917	-2.2130952887784274	-0.4045921220671808	-3.1307171801550537
ENSMUSG00000119954.2	ENSMUSG00000119954	Gm35546	DOWN	0.7973785473785474	0	23	1	3	0	10	0	7	-1.7058057413645673	-1.3493589606478844	-1.7787941798338283	-1.1638829295236364	-1.0855790759287798	-2.7949667801720253	-1.578574614949595	-1.1201433063461737	-0.9992882149627664	-2.680520413212486	-1.0239724352198654	-3.2781062906052627	-0.2596212062235125	-0.5906926507584503	-3.5763865180295835	-1.5575777555617911	-2.869259737042882	-1.2654657490718744	-2.52024950977881	-0.7923957106664378	-0.3134266764704086		-1.599571474337399	-3.096991891314293	0.0695185882387675	-2.030484740644791	-1.4043482470658046	-2.0744513421693807	-1.4720015860551594	-3.707398822851932	-2.77542293271584	-0.4366375896066712	-2.2154111994673067	-1.517507302863691	-2.029016056956832	-1.172866396892595	-2.738903441547725	-1.1201433063461737	0.8162290573562837	-0.3833218440582264	-3.4338318948980437	-1.383102943796281	-2.174544209987463	-0.4684653649355503	-0.741853977381692	-0.9992882149627664	-0.8542178299035567	-0.4092641938085215	-1.6823084556374248	0.3245582121170199	-2.0552144480768333	-0.7203517205953418	-1.0849543880848342	-1.0509965913663073	-2.667478227516319	-2.091281746501325	-2.680520413212486	-4.528324936783799	-2.4134325098996894	-3.759714066760722	-1.2979752373922957	-2.793518550653858
ENSMUSG00000118107.3	ENSMUSG00000118107	Gm34455	DOWN	0.7955747955747956	0	20	0	5	0	8	0	7	-2.086806587129117	-1.830440282619695	-2.402589654991743	-1.3847490343337754	-1.4030965616673077	-3.1567910975236413	-2.3955169028185033	-0.9115756964271412	-1.2653636624208868	-3.077285437224375	-2.6509034211371327	-2.7470635936465326	-1.3118816644265758	-1.518753349979947	-4.792373625213855		-3.9581103465540983	-1.1828538968478528	-3.934086420406437	0.0404214853297206	-2.1437236606246413			-3.658299762780249	-1.604744960446271		-1.1739805713289977	-3.65280580461285		-4.320266479676224	-3.5965101537802644	-0.7702389771467595	-2.9364100401889037	-2.6473101450123657	-1.9566514375537944	-0.465466486410529	-1.8749590973737824	-0.6978368843882117	-0.5443608197373528	-0.9115756964271412	0.337403323351739	-5.125666931689194	-1.3602306275263527	-1.390975603919914	-0.5139287986745046	-2.777921510405736	-1.6508861885535666	-0.5140567174311843	-2.519198349982952	0.0658047467306576	-3.1553981906262347	-1.2356988715409472	-1.2653636624208868	-0.3062813514923305	-1.5611332839426988	-3.192704944050615	-2.900017094189769	-4.98880314302754	-1.0122266172014416	-4.660777340781724	-2.265723106190024	-3.077285437224375
ENSMUSG00000118221.3	ENSMUSG00000118221	Gm50194	DOWN	0.7881192881192881	0	22	0	3	0	10	0	7	-1.8251146476474474	-0.9905730408974729	-1.4748336527133505	-1.1519058332017775	-0.9236688330475143	-3.750050271627147	-1.25034822181733	-0.6752440330116622	-0.7307978599776157	-3.860479856988011	-0.818122233000688	-3.362766240327261	-0.1897814487310171	-1.1393358659904722	-2.289694833707255	-1.0113780400364718	-2.892606379430388	-0.9301096755701244	-2.136562941146071	-0.0462696953336703	-1.2101725921626432		-0.5409054863927598	-1.8037891698833357	-0.4155280381276987	-2.849175287491773	-0.7660688629960288	-1.5057746362901072	-1.744696348081317	-2.878740117129132	-1.6737417934424696	-0.3703551978034714	-2.575985467195866	-1.2905238514720168	-2.1990290698143524	-1.1520211233094553	-0.5525405756812716	-1.3397200867761934	-0.3834239912809684	-0.431015440848604		-3.490729813977248	-0.3470730411529314	-0.9194726251747204	-0.7249023375962675	-1.6975918649032995	-1.062997571652108	-0.6848668515302586	-1.841172828237872	0.0481294623238886	-1.501871068023258	-0.7169284098489153	-0.7307978599776157	-0.7543958818540462	-0.4929619522229061	-3.178380908192253	-3.8895398461585633	-5.055420594405077	-3.269480244573036	-5.756285026766297	-1.2407654243067945	-3.860479856988011
ENSMUSG00000103114.3	ENSMUSG00000103114	Gm32200	DOWN	0.7876382876382877	0	23	0	4	1	8	0	7	-1.7374536898241126	-1.5188724764994712	-1.9889180553061174	-1.4851844850088693	-0.8604024248392164	-2.615309794142248	-1.9202915106353644	-1.117453442363578	-0.5705532335278812	-2.4595755059512925	-1.1559143297954535	-3.1043851675448426	-1.566680730648397	-1.0857510955775993	-3.751462982109821	-2.7400772900795407	-2.064651984553918	-0.6452984461521082	-2.429285630667154	-0.2743310468341667	-1.9257701592183167		-1.914812862052412	-3.593497986218819	-1.747286058249334	-0.8044943585741198	-0.9279087300714514	-2.048183692450916	-2.9287171796449547	-3.1824388178287504	-1.2065048783488963	-0.7142532280300424	-3.168993110878053	-1.817723007714061	-2.872835322517709	-1.8449433771087944	-2.1956679650894166	-1.908986440493306	-0.3707869106174938	-1.117453442363578	0.4332278218978476	-4.192776548139708	-3.190367255233347	-0.0491486201125012	-0.493653313168618	-2.5237885713153325	-1.2829772210922183	-0.5705532335278812	-1.9247328654304336	0.1417364324650207	-1.3823869495280297	-1.2752378837190532	-0.1520204271681978	-0.3689418876592769	0.3681292469126404	-2.4595755059512925	-2.2608595400242018	-3.813033665069477	-1.2865339537539324	-3.9105369025736256	-0.9312877606445288	-3.6453412309786746
ENSMUSG00000110547.2	ENSMUSG00000110547	Gm29773	DOWN	0.7839105339105339	0	24	0	4	0	9	0	6	-1.1833004882502838	-1.1440168697079875	-1.805473050588288	-1.2033002956015815	-0.8573413036627048	-0.867087303148561	-1.5793603484478256	-1.204227799646949	-0.6610665956072543	-1.083805939769026	-1.2087821838048125	-3.232562859661728	-0.8715535794118437	-0.7523129623589285	-4.398101585232947	-1.358745362706696	-3.2362260772157483	-0.8929812082708001	-1.278131655065225	-0.8264726661288937	-0.7056282740955774		-0.792675098466626	-3.4902198902124253	-0.8541283761596731	-1.4321044925813762	-0.7933059458733406	-2.1118274389632026	-2.651937405173437	-2.2647110551986787	-2.11115115984053	-0.4914106371509457	-2.868676347445713	-1.7266162043142748	-1.9702787701320763	-2.203114289128419	-2.418643790701573	-1.204227799646949	0.1120174305596358	-0.7875597404283355	-1.7113783613127789	-1.885204022915654	-2.257720081745997	-0.689029493720993	-0.5000822982843339	-0.0427402990097936	-1.2264966473352688	-0.2165916665559029	-2.4687103219586843	-0.2202801131670878	-1.388442378156853	-0.8486996805555846	-0.6026176162100793	-0.6610665956072543	-1.2550267234489083	-0.6781897007941419	-1.146164243551039	-1.0930997751753473	-0.4403520847464559	-1.083805939769026	-0.4689104308043277	-1.159088947199589
ENSMUSG00000106981.2	ENSMUSG00000106981	Gm45495	DOWN	0.7834295334295334	0	25	0	4	0	7	0	7	-1.1410247202495942	-1.3169483986866113	-1.2785951282926018	-1.1752785900241804	-0.6178281546748446	-1.4923970080067501	-1.3458023588283787	-1.2880944385448436	-0.5383339703319763	-1.3721845970876207	-0.747009712532216	-2.183468054575985	-0.5684601500422342	-0.528822005812022	-3.203047912160176	-0.8282673883221949	-2.0779564298023847	-0.8452860615408985	-1.006562700589864	-0.1026037529633126	-0.794366678463464	-1.204354683048533	-0.6774605954300191	-2.2553923329460672	-0.7149013068967559	-1.3950531647377642	-0.4399902032547637	-1.3458023588283787	-1.478428543382875	-2.1525462820422256	-1.6019747885566975	0.0271320858570623	-1.769732913891329	-1.4485885673214134	-1.8387909152705435	-1.7207125366999918	-1.619620510645201	-0.9424330998479082	0.268382883462448	-1.2537325186272543	-1.8004702341231622	-1.3224563584624327	-2.0009622125467725		-0.8741850343806374	-1.5169112662951811	0.1737928847375106	-0.7886889081487463	-1.556163156430136	-0.3587138087348043	-0.5383339703319763	-0.4318974212413706	-0.0944613213394843	-0.2559118978365274	-0.5546358014219381	-0.8225033101521573	-2.2817607259366657	-1.576501932352394	-2.1929101291598463	-1.3721845970876207	-1.076991805742657	-1.1239265556159097
ENSMUSG00000100599.5	ENSMUSG00000100599	1700120C14Rik	DOWN	0.7825877825877826	1	20	0	4	0	9	0	7	-1.2986135415054618	-0.5913249248139076	-0.8282998184598505	-0.7728480076037882	-0.4937647661200483	-3.099541573838161	-0.7801092392703917	-0.4025406103574235	-0.2948548538939869	-3.149644481534184	-0.6027116710665491	-2.1378779200354785	-0.7796273073684056	-0.6330494736518323	-1.8587715119322237	-0.7805911711723778	-0.975439448594475	-0.4134498732095066	-1.2600205971483276	0.0018918658668902	-0.381478407005961		0.0173138271441387	-1.4190421247576817	0.2722065930162636	-0.37784196687902	-0.0521685226637	-0.7046660392396844	-1.0445569255569465	-0.8565893721419934	-1.1573018781651725	-0.315881380474793	-1.693734662337346	-1.1444328245364992	-1.5317503910764383	-0.7405159731620818	-0.9657081238069104	-1.2374983980868224	-0.2423383752718622	-0.4025406103574235	0.2540788120844824	-2.316890661000491	-0.4022905789253222	-1.0624562416690777	-0.2386426549513318	-0.7704774285897076	-0.6285141388731963	-0.2948548538939869	-1.83241514657891	-0.2581029795453209	-0.706201626843542	-0.255403034601528	-0.4415045699337338	0.1024795849254285	-0.1077755784347028	-2.9586178694122207	-2.6883253367102897	-3.844621596216741	-3.149644481534184	-4.3347398316060906	-0.9871929466946688	-3.733648954692932
ENSMUSG00000121093.2	ENSMUSG00000121093	Gm56906	UP	0.7770562770562771	18	1	6	0	8	0	6	0	1.3207229140159849	1.0499432516187994	1.3165843066505383	2.07681002890697	0.3923625996959253	1.4971347208105052	1.193277462430688	1.7821036477043417	0.3013567889751106	0.9066090408069106	1.19784601772406	4.097011170207736	-0.4532612768144053	-0.0633813386534797	1.2705878542232272	2.761946692241548	1.7290628373179755	0.3863202137252111	0.9966653283310262	0.0786501741677879	1.193277462430688	-0.350933696829556	1.4531273374196687	1.4698249447210276	1.9851100955076264	-0.6389606430798451	0.4973569314996827	0.9998127566169857	1.85001394967222	2.5785699917513374	0.309729432170656	0.3650163810517332	1.1042063176861028	2.352085251369532	0.1932032007215978	3.743181376861808	4.441707517522579	1.7821036477043417	0.0358794182657866	3.22445445212241	4.414341967680346	1.2772281725257058	2.9541117955375373	0.849550748512665	0.1420646874928303	0.9987387372613242	0.6473658244453429	0.5545251586978747	0.7130675504115336	0.1491074762221297	0.4925440851564243	0.2234573296716577	-0.1786845807978427	0.2724455391187934	0.3013567889751106	0.7636341003780058	0.9796426853407496	0.510459521530214	3.113681990311824	0.3188935198860689	0.9066090408069106	3.8870221874197655
ENSMUSG00000108414.4	ENSMUSG00000108414	Snhg1	UP	0.7741702741702742	24	1	6	0	7	1	5	1	1.055426550364192	0.8664690462190174	1.4609516670153926	1.8944192176950168	0.3500955481267832	0.5162397686195751	1.141731500162121	1.9712900307604184	0.2982610262845027	0.5912065922759137	2.0732096507613904	2.8912086507849395	0.3865329307557634	-0.0990824257726907	3.5585879342834303	1.8432094177059053	2.332862158803685	0.8294297596074917	1.141731500162121	0.3920421170770899	0.7574708651048058	-0.6094105048033568	1.2429787344828716	3.02799774100064	1.0519522335406253	0.9529599463649971	0.9783202792587186	2.433021401982556	1.6284446335655447	2.17676239574586	0.8846537788698394	0.0036918691263316	3.336475633771099	0.8024721482864117	1.0965219188748652	2.0783603534903325	2.253289886584336	2.3222497647700435	-0.2126704403862664	1.9712900307604184	1.5014873215107434	1.121635559937162	3.301286870636731	3.255655416636285	0.2694936484109373	0.5115920118530234	0.1752181527914432	0.2982610262845027	0.8731425190876108	-0.3059608868391866	0.6580285428413212	0.4621558502296129	0.2553668294249983	0.2598051168300997	0.3939482184802522	0.9107407410464352	0.5912065922759137	0.4372745123076628	1.0345600488291278	-0.2042381635281374	0.1162065155610709	0.7279281338449535
ENSMUSG00000108980.3	ENSMUSG00000108980	Gm45155	UP	0.7681577681577682	23	0	6	1	4	1	7	0	0.9680694005192235	1.2105359767413495	1.238528818823715	1.2477506415493196	0.30815762626509907	1.0778405154387607	1.3800008630993048	1.1997748796372265	0.3144890001321266	1.2212970738454725	0.7699720172388742	1.9498238073668384	0.441450475860298	-0.2918094135003668	2.091024762712064	1.9853367599986933	1.742592339144761	0.4573109553264945	1.6290054646262084	0.3589637760994904	0.6520697608305701	1.2585339493911536	1.4197627774645645	2.0445203672533694	0.7835962603908581	0.8875473269666425	1.0086892516218895	1.856027911064208	1.748550126549116	1.3800008630993048	0.491925893461392	0.6555769308175498	1.6116810568097768	1.619891662347864	1.3734996082429216	1.5936587453836366	1.921074671672132	1.80852516892568	-0.3422967796118253	0.8243560447805001	2.7216672534008537	1.1997748796372265	1.369674396249862	1.1525535274629393	0.1534890984735016	-1.2166115759837923	1.208088471060286	0.4706467736360472	1.36278685278534	0.1119678478457309	0.565636750725139	-0.0212090691421907	0.3144890001321266	0.328910599986466	0.1115391393974355	1.2212970738454725	1.5574299599541397	1.3180392457079002	0.5889661450174419	1.4667287043794668	0.6911707571627516	0.7012517220041534
ENSMUSG00000143161.1	ENSMUSG00000143161	Urml	UP	0.7673160173160173	18	1	6	0	6	0	7	0	1.7737398001570757	1.4482026431051023	1.5555946638303324	2.8576200070371867	0.6575012667780643	2.024243262982719	1.5560938120213794	3.130759161787502	0.5097865805447774	1.3403114741888251	1.4417592475940069	3.961273734329688	0.0401514828073676	0.5232867514198973	2.115611557372453	3.2341678850748985	1.7997722298995755	0.9016007970615804	1.7150285342085376	0.1906279098886192	1.163790470025584	-2.3375903780865124	1.4840523622670294	2.5806511767610103	1.5560938120213794	-0.6606086277406276	0.6552482210351296	2.0785986391294347	1.8869644531438183	2.711515201250182	0.6673539646968559	0.64451452393267	1.8599248485425632	2.559217670015906	0.3075904451537801	4.070881083473346	4.849577928140808	3.130759161787502	-0.042778782851749	4.244811364586835	5.068584734890274	1.9074407684013248	4.051656071335114	1.6428667311110068	0.2470269636071349	1.7408027805963011	0.8609390537431695	0.8896961533973596	1.031757193779008	0.4124336538162345	0.5097865805447774	0.4018694980751307	0.4113863397426457	0.1496122330135837	0.5772034842433628	0.8377137413380975	0.5576248622202135	1.3403114741888251	4.238919591694902	1.0472104978692744	1.486563674713013	4.661358998854706
ENSMUSG00000116066.4	ENSMUSG00000116066	Cmarr	DOWN	0.7673160173160173	0	18	0	6	0	6	0	7	-2.217583887603188	-1.1019374367941488	-1.3329446967581409	-1.482664131642723	-0.7112881180657638	-5.343438603946125	-1.1855431962308454	-1.0183316773574524	-0.582419602684789	-5.571065510957759	-1.0675221954448393	-3.696722526861267	-1.539245212654092	-0.708699894922105	-2.723192649893776	-1.082554472239991	-1.3727459291418402	-0.4794072049295064	-2.489886373864425	0.0423571415811729	-0.9222455248608504		-1.4343320785529032	-1.4188424954845598	-0.446611128901706	-0.0172745860021657	-0.3903784728731305	-0.6042629657570441	-0.919323889131479	-2.449510645557865	-1.5047784889553304	-0.1518896989128829	-2.4556200769517664	-3.339407646832662	-1.67558693932018	-0.5203462390247712	-1.2885319202217	-1.2718715067488324	-0.3875139926593816	-0.50585017386194	-0.9465237619827526	-4.69041083672103	-1.0183316773574524	-1.558146972167671	-0.845749010094874	-2.035722520297488	0.0431919495400911	-0.2100959304502013	-2.275804002047573	-0.0111154727351491	-0.8427907625699997	-0.582419602684789	-0.6832250209046975	-0.2572622127820423	-0.1231767136966776	-5.224589123742385	-5.571065510957759	-6.241553499524892	-6.233185786137664	-5.507939693934388	-1.889354351297634	-6.736382262028151
ENSMUSG00000135122.1	ENSMUSG00000135122	Gm59199	UP	0.7635882635882636	19	1	6	0	7	0	6	0	1.680866147435645	1.511341982551421	1.2700758607205909	2.548606682010607	0.5386596180658223	2.36612242894556	1.1870676828190565	2.71695988702452	0.5218464562228377	1.8356162822837856	1.7730230203575574	3.6550032460351742	-0.2460097247111305	0.3881032878955533	1.1870676828190565	2.450423134850284	1.8712729356067643	0.3744298195280159	1.3294467049457193	-0.0226033282177552	1.1601631236351229	-2.2612395693026053	1.6901806862824793	1.697227424240933	1.0820601115820725	0.8404014598912088	0.9112402429312246	1.3875371850366442	0.0229838554119953	2.1848498830538454	0.7646649738885022	1.1078189008088706	1.7362729830505927	1.3456757303953315	0.5663331247095834	3.198239278659353	4.097482066071553	2.71695988702452	0.2486399026017169	3.5109467571657547	5.055586393036493	1.3934470674063155	3.429798204244101	1.4848685625953446	0.0799837187276036	1.1356776335746623	1.170396194247234	0.5218464562228377	0.6897513700106673	-0.0632331755292348	0.3416504328325893	0.4820726144179	0.1918302952580434	0.8177150066624377	0.5575652522993051	1.955698784847251	0.941778650275352	1.084098350539932	4.951797055048689	0.901189758590051	1.8356162822837856	4.892678121033858
ENSMUSG00000089781.4	ENSMUSG00000089781	Gm15756	DOWN	0.7607022607022607	0	25	1	4	0	6	0	7	-2.5717369394953398	-1.9390466045448804	-2.743430010855963	-2.255722650892762	-0.8639733419097407	-4.423821754322893	-2.3462717028929445	-1.5318215061968163	-0.6629996029612735	-4.726895299351286	-2.1214203458838754	-6.514058668225148	-0.1294970871824072	-1.172959491715529	-4.664979301477263	-1.930846078197309	-4.261288151840215	-1.2022510498049042	-2.8308752771946764	-0.9252735369675902	-1.1984493960026206		-1.5301599442304816	-3.787676766987932	-0.5552654714970331	-1.422606809584045	-0.958104433912126	-2.0116600076445432	-4.787105292656953	-6.562496241692869	-3.756722986628696	-1.137565702439138	-5.346068818573329	-4.592691928589047	-2.649807973191099	-2.571123059902014	-2.7082264602341835	-1.5318215061968163	0.3334336276378343	-1.344909458324287	-3.252820169898292	-7.234765470607774	-1.947534460324476	-0.8116411185355215	-1.2290835585587774	-1.9885898342466044	-0.6629996029612735	-0.067878277690796	-2.59646064474928	-0.0388473059536491	-0.8309753825726441	-0.2573204790574919	-1.2593396567200157	0.0561477604236678	-0.6283597789202838	-5.500354568307006	-5.581097446267813	-4.726895299351286	-4.330132904056752	-5.270916054855274	-1.4312982046747014	-4.12605780274742
ENSMUSG00000140700.1	ENSMUSG00000140700	Gm75569	UP	0.7588985088985089	22	1	6	0	4	1	7	0	2.0135504548662086	2.2186137875868654	1.790295359508695	3.2022238639228595	0.48156689826609744	2.5801156977671824	1.5182797485926756	3.58254444885386	0.3274736869986	2.918947826581056	1.7028368726312018	4.576254102249132	-0.2529639141711181	0.7296323459926229	3.229833647956589	3.086137142050359	2.516629426484848	1.8355192448345408	1.5053053676972252	0.3351524132627931	1.169707907598598	-1.847770349891296	1.29123427779321	2.924017568514309	2.000713894439523	0.1137925842618479	1.0012167102687743	1.2925985220712923	1.865326841924372	2.5543345952498164	1.4089608245903682	1.3318735760390754	1.8968328134744756	1.5182797485926756	0.890806158459595	4.178691745446577	5.483020638913353	3.6104633082362176	-0.3140759223963882	4.623132767840547	6.407874804111254	1.9297569003889377	3.58254444885386	2.575870740425588	-0.0055820325692098		1.4634990384164333	0.0212636722653179	1.847711514037688	-0.8392460219753737	0.9676050673855217	0.0599673208365143	0.2805657077807623	0.3743816662164377	0.6455030502668816	0.6453419867294199	1.889995726708135	3.061288991904951	4.096720340687567	2.918947826581056	1.0928077750652752	4.355707236693871
ENSMUSG00000106874.4	ENSMUSG00000106874	Gm20186	UP	0.7580567580567581	17	2	6	0	6	0	7	0	1.4399758016201167	1.311963748882439	1.3073754457376334	2.4320586233246075	0.31292267479667957	1.707546462621546	1.480205497982599	2.260887375059494	0.2175642039848111	1.143721999782279	1.539477408271174	4.329817578613693	-0.4563312857017209	0.187382808133687	1.5829026164174174	2.739624448665648	1.961622244523311	0.2700550505372667	1.588328964930959	-0.0200665831975252	0.886422075624773	-2.1685465836623745	1.5960241486218891	1.480205497982599	2.0962807459451573	-0.9864155128932433	0.1325393410444257	0.7224460037741581	2.1186857870424887	2.5321017646073254	0.2076763683829683	0.5897257666701048	1.068490563430094	2.538279131996874	-0.1105290199406936	4.109430119550377	4.763507585545264	2.260887375059494	-0.1004646287524517	3.854135227540596	5.141390893816229	1.2771581601875592	3.4226018847142248	1.1687014507066007	0.0032721954987233	0.9736129770785552	0.3003104908047508	0.6316169082343299	0.6879152957959961	0.0666745730047687	0.2151290637140149	-0.0119749229885921	-0.0467842357094432	0.2175642039848111	0.4048128733455606	1.067765223718813	1.0334336964297386	1.143721999782279	2.629533908336167	1.2821024154437202	0.8959783252979774	3.900289669342126
ENSMUSG00000135102.1	ENSMUSG00000135102	Gm61113	UP	0.7556517556517557	22	2	6	0	7	0	5	0	2.4599813794538883	1.5740282012721163	2.354888922641895	4.853637060831969	1.1673408306877364	1.464058703653952	2.3048900956494927	5.313882704242547	0.6877059691158051	0.84316630689474	1.3864240293318348	5.215185800260569	-0.6063873212126473	0.9598152249836662	4.278589632525469	3.3039302771031718	2.165701410196213	2.385659727807332	4.525566325561213	0.6185585259821204	1.6518909676456122	-2.1522513899324696	1.7355032007871358	5.050977634427063	3.006486077216026	-1.8625474266564923	2.3048900956494927	3.99486294266975	2.6544746345301835	3.23769661760985	1.0689475740043393	1.9394950988855384	2.153720287865842	3.5127809061697275	0.8564957543908507	4.468595740991082	5.726938562538698	5.313882704242547	-0.2921253784946129	7.305942503027228	7.446244185965755	4.617697203928046	6.741022908285966	2.8427952988688445	0.5157348787367061	2.2791733547186968		1.9365992326205632	1.9259987303764043		1.83008623796802	0.5502401191296227	0.1878212147871251	0.5927077387366849	0.6877059691158051	-0.0823450517351073	0.84316630689474	2.2636628617733976	0.6322584526917081	-0.1406389649243211	1.1627626151848929	5.569544705692353
ENSMUSG00000121069.2	ENSMUSG00000121069	Gm56730	UP	0.7551707551707552	23	2	6	1	5	0	6	0	1.5172894033796716	1.238621448420711	1.6606938730961507	2.657373843914027	0.3968041596836774	1.3542857368248316	1.6132897360436882	2.6223382979334837	0.329943652647185	0.8639531607977338	1.3924618663331465	4.741282829400268	-0.0594217268304262	0.7284013719498104	2.307496899588092	3.002803143679478	2.1300521783641355	1.183236449453038	1.9878251478364184	0.2742757432689259	1.2335610564113366	-2.276575673546095	1.6132897360436882	2.906705716328476	2.1443792721059385	-1.0221070210196306	0.8121306482916132	1.6681531741391509	1.9410586643216736	2.727807373048839	0.7302951244427058	1.2511092077145924	1.5593461896729133	2.650184919616597	0.141366551778706	4.124131312404655	4.945484418798024	2.6223382979334837	-0.3910697047948586	4.346732535647727	5.72746114247126	1.6830613140792845	3.572458912066124	1.0406344099951672	0.0889294285045521	0.9894784193404969	0.329943652647185	0.8515339800321878	0.5926064924490572	-0.0042903102116671	0.403381203840661	0.1939841173057374	-0.0066453601081016	0.3220546785130154	0.6038694542073271	0.8639531607977338	0.5478560284525701	0.9681821139949748	2.555542438288677	0.1695493652206611	0.8019437487140273	3.572973302305177
ENSMUSG00000113585.4	ENSMUSG00000113585	Gm19605	DOWN	0.7551707551707552	0	23	0	5	1	5	0	7	-0.9686605689988455	-0.8997040097520468	-1.1136464060065072	-1.3541650424978393	-0.33659917797382427	-1.070231649517211	-0.9001103239695889	-1.273682438755875	-0.1522862362436149	-0.8992976955345048	-1.3153046617894448	-2.6729192043950163	-0.7605007615257249	-0.4973327280549071	-2.655193840875172	-0.9974040547767375	-1.658260134894629	-0.5965987369299877	-1.0284972981313378	-0.0795244605542556	-0.6319595713365801	0.7512477877926296	-0.860252342220104	-2.158264551961997	-0.4867828334520522	-0.887607885300985	-0.6059930975368336	-1.3521279558386177	-0.6010004946678792	-1.823952630480856	-0.9001103239695889	-0.2335863781598651	-1.9549865216825717	-1.3729440104909314	-0.8941500915702824	-1.4127921459811703	-2.3816540333908	-1.0107275845775348	-0.3754054266572778	-1.273682438755875	-1.322564987413272	-2.1413262652220504	-2.2581516854985546	-1.0972969093603118	0.0123386446705516	-0.8489476237487418	0.2502882814089793	-0.7696053389839483	-0.9756150367943238	0.27679557123767	-0.8467526600634373	-0.6270587750810808	-0.0284477033872285	-0.1522862362436149	0.0066999192731081	-1.2196109416850631	-0.8886260224500412	-0.7287321399444331	-1.8191105493206488	-0.8992976955345048	-0.6369092308696273	-1.2993349668161596
ENSMUSG00000112041.3	ENSMUSG00000112041	9530020I12Rik	DOWN	0.751082251082251	0	18	0	3	1	10	0	7	-1.557172924429096	-1.335523383472165	-1.3128532901613832	-1.3395053077162649	-1.2763601826558082	-2.299972917182927	-0.9656643062156995	-1.1514556709874315	-1.5195910959568986	-2.798346456486863	-1.558146174716631	-3.1567982398088223	-0.0735028772845863	-0.3628734621521033	-3.2895759987402267	-0.8297202590807009	-1.8104522244619448	0.0390516489832528	-1.137398808196422	0.0248152506955517	-1.0657412820454473		-0.5744208672878558	-2.2238963693555918	0.2221185873241787	-0.6280212173292504	-0.3439995569975408	-2.283796116731437	-1.905015632103328	-2.092937060816513	-0.8655873303859517	-0.3440381802821763	-2.762315266747481	-0.80158039809355	-3.851817758770905	-0.694882033549023	-1.7636539162614593	-1.478712271348099	-0.8402966156129595	-1.4586800051783098	-0.8442313367965533	-2.6199964818816888	-0.7951151354799788		-1.6659791969045998	-1.5195910959568986	-0.8271472662643429	-0.820668227495345	-2.2517222231042986	0.5916296220065271	-1.6545464419502365	-1.1858270859656532	-1.7719711181665228	-0.7308997103495384	-2.203239265062984	-2.798346456486863	-1.9852563436908743	-2.810303761288313	-0.8412981511895099	-3.52002847503927	-1.0885271712145568	-3.056050061371099
ENSMUSG00000133849.1	ENSMUSG00000133849	BC062258	DOWN	0.7496392496392497	2	21	0	6	2	4	0	7	-0.7830045350712129	-0.8536438437183346	-0.8885386665666118	-0.9539691830636727	-0.1385230133910849	-1.150987277263482	-0.9320155389292591	-0.77527214850741	-0.1786391934840079	-1.2305688327229498	-1.2558578784800294	-1.6213971611530908	0.7127471185503906	-1.0473178201014262	-2.0129695168533925	-1.0168955999122893	-1.1641477163811225	-0.1951176786508444	-1.193059315270813	-0.2170679026062409	-0.0711202893587555	0.886278449821222	-0.7474432748519982	-2.1304417331524323	-0.0167157967795052	-0.7179390271499344	-0.3451941290839737	-1.2584047420945552	-0.9320155389292591	-1.6313572477388365	-0.914186881307402	-0.198872491254623	-1.834962576909799	-1.8258048145912105	-0.6841336352729644	-0.9208548946154972	-1.6362919031701348	-1.184485367475055	-0.1581035124552567	-0.5504105603481091	-0.77527214850741	-2.0231396715368173	-1.3825737311433206	-0.6037992899797405	-0.4354943628886063	-0.1786391934840079	-0.1824617723521762	-0.4861272151451452	-0.9281228750126332	-0.0164039278308101	-0.127789339001998	-0.3370770452427827	0.7438446841382703	-0.0788291875447182	0.5033470870626741	-1.2987675104081835	-0.5970671091428253	-1.2305688327229498	-1.2522452076313215	-1.1417522873591333	-0.2295613334282363	-2.306948660151724
ENSMUSG00000099364.4	ENSMUSG00000099364	5730419F03Rik	UP	0.7413419913419914	18	0	4	1	8	0	7	0	1.7772176205928054	1.2962504912404866	1.2390543722827678	1.1505662366243772	0.6677477679391958	4.051502105524881	1.2303776037758027	1.3621233787051708	0.7630675897125236	3.450283723507773	0.1424521485748309	-0.2641987947433542	1.6775118177193094	0.3524599423053619	2.7783981734459027	0.5112122478131986	2.128889213492549	1.4274652509756074	2.2121825671673423	0.6778238900514644	1.6223256735369325		0.9588403032069364	1.6252398811243771	0.7367807771980281	0.6687925690278279	0.7253193624217023	1.0207917833368974		1.2303776037758027	2.5176106767821453	2.810978547062488	1.4484071218800325	1.2426182638038374	0.8358217573928295	2.114634236790056	-0.2263757070729077	3.384494553564325	-0.1500295296856023	-0.7457361419961849	1.690421780453384	1.475922585336527		1.2483241720738143	1.0427437084768283		0.8277266835771404	0.3834943268457307	1.681922925317207	-0.4128810514902603	0.6676074172699084	-0.0771612015736152	1.03788969154397	0.7894887040231259	0.7366464754019214	6.891079094257703	3.0091896964519336	3.450283723507773	6.231794130359292	3.2551866434285635	1.4936183241755951	4.029363126493307
ENSMUSG00000123750.1	ENSMUSG00000123750	Gm67682	UP	0.7413419913419914	18	1	6	0	8	0	5	0	1.4632042572366282	1.0257237020390608	1.177052478326377	2.472028233046531	0.5454587344603303	1.658277583113275	1.105639813973564	2.407470710361526	0.449655907411535	0.9458075901045576	1.362835724723859	4.142856922970316	0.5503865193869457	0.0067874408935169	1.6469831582487375	2.6709314727285243	1.6952427347245709	0.4014245343449729	1.1310039018738518	0.0812217935247171	0.7837950034919335	-1.731222840457587	1.5365482733708842	1.709018759557599	1.4603667317583786	-0.1055511834619302	0.3191943009833526	1.0480810600344426	1.0913448968549253	2.0279788941836623	0.1439930606107844	0.3587088261136444	1.105639813973564	2.06571432271693	0.3462810784675252	2.457639922176373	3.473211791017682	2.407470710361526	-0.3307435020247021	3.64497560639799	4.380494739732819	1.7591012756388125	3.9040146467924086	1.5388841544268632	0.1227507130423673	1.8952700995292917	0.6009412605287251	0.7403654071109665	0.5983355516220771	0.1383152816829062	0.449655907411535	0.3492404485869936	0.5160600782251805	0.2335494903822008	0.3555618409413896	0.9458075901045576	0.9276542038212732	0.7807421058330931	4.112783089560782	0.0113444815160272	1.1978672744569283	3.631744336500263
ENSMUSG00000129800.1	ENSMUSG00000129800	Gm40442	DOWN	0.7241462241462241	0	20	0	4	1	8	0	6	-1.5510237274399512	-1.332446477429834	-1.378487844497	-1.2810828426121754	-1.1840252953627761	-2.360498927287853	-1.4287547403904923	-0.8325597211911775	-1.2361382144691753	-2.7768276141716868	-1.817871621080552	-1.2949236224594391	-1.3641954734330015	-1.2852273834447023	-1.707415050859616	-0.7783926543112583	-1.5702081250786233	-0.2156801258841132	-2.2358988282571555	-0.2588290957409438	-1.1598044784658674		-1.6744321421559896	-1.9074065234705333	-0.9706328591974002		-0.6400654327070455	-1.5580947818780466	-1.717122339858034	-3.014543061727904	-0.4388781721239072	-0.6867705306223939	-2.046997240572896	-1.6465759183308804	-1.7646911306404711	-1.2787847797337284	-1.4287547403904923	-0.8325597211911775	-0.6287244922620071	-0.5748510382288384		-3.248560542424263	-1.120718418954591		-0.001342814505504	-2.0435282425247583	-1.81557863169796	-1.9655747929756304	-3.0895183291229658	-0.6464945987512473	-1.6797188099261522	-0.9788105676689728	-0.3340771514078685	-1.2361382144691753	0.766503904059696	-2.088674135217546	-3.325299011896881	-2.7768276141716868	-2.9284199405521	-2.643404582371082	0.3940820896764529	-3.154949296482125
ENSMUSG00000124311.1	ENSMUSG00000124311	Gm5785	UP	0.7236652236652237	21	1	6	0	6	0	5	0	0.7690211646893421	0.6327941783158895	0.956064126057864	1.3759397181465238	0.3684667702485015	0.37561404430447926	0.8599416087598819	1.626481674166283	0.4056467478718969	0.3796009310161422	0.7168863638353953	1.849281435317443	-0.4822501095783341	0.8599416087598819	2.37277091125172	1.6799398134381935	1.4800025912846464	0.0531741641231578	0.6267956662717861	0.0014128700251504	0.3896980444434641	-0.4004520300129345	0.7647805115620288	1.901784256684808	0.4034313743154244	0.3237603947991724	0.5131789960375468	1.8867909516988688	1.4090356742659154	1.640063803420946	0.8677872565765276	0.2231362898792942	1.3779912198600577	1.3636870160938594	0.7906840958830409	1.7405571295673938	1.4598611037578733	1.8908429281505523	0.2823942319862594	1.2192778026797415	1.626481674166283	1.897328572739016	1.8182680110124456	0.896984806291369	0.4709693669816894	0.3958965799855284	0.5067980362383453	0.7841836532396561	0.6971591973537475	-0.1960814113929231	-0.0248872213521169	0.3508403492806527	0.4056467478718969	0.0079167989264235	0.6546923756006167	0.1153262841961214	0.507994056631196	0.3670615122449798	0.3796009310161422	0.4157408595247257	0.099667328091762	0.7439073384264281
ENSMUSG00000087410.9	ENSMUSG00000087410	2310065F04Rik	DOWN	0.7236652236652237	0	21	0	4	2	6	0	7	-1.8626441604345878	-1.6341249725220939	-2.2195750811898587	-1.3986206183401275	-0.5594493212573443	-3.272931620951021	-2.1175030397151176	-1.1507469053290702	-0.5603964261037798	-3.4773672296511107	-2.548407320559103	-4.87334990546598	-0.6885090043013415	-1.3477726147664508	-3.564937329183796	-2.09653702687902	-2.6416718393426497	-0.2233493363107492	-3.4088019829829146	-0.1161447916055188	-1.2271807171159412		-1.4867612449874965	-3.8083181189003614	-1.588835426116153	-0.5946483881265487	-0.9460770825851256	-2.138469052551215	-2.597835602411831	-4.194832187197939	-2.6964900942891123	-0.3683825869757827	-3.815691700368845	-4.253066450902164	-1.958377897498792	-1.8366303086511624	-2.687874100860332	-1.2546515476414506	0.0469543514745838	-0.7173971172571724	-0.2566024207370991	-5.069990386544398	-1.1507469053290702	-1.387910302346287	0.6676429700537975	-1.932553269888348	-1.5201224736131378	-0.5603964261037798	-2.6943355630608776	-0.0723514858213133	-1.4076210423006328	-0.7734059025728748	0.7930463432748427	-0.2256738874767704	1.571828203678307	-3.414408977772511	-4.154498046305696	-3.604493544671865	-3.273169546770564	-3.4773672296511107	-1.0975537518143312	-3.889030249671069
ENSMUSG00000085088.3	ENSMUSG00000085088	4931413K12Rik	UP	0.7199374699374699	22	0	3	1	7	1	7	0	1.7914446548006588	1.209396796909069	1.3344849108979242	1.7138498063289191	1.101855169966706	3.015588732009086	1.3418281494698134	0.7783895489627952	1.0769654443483248	3.5552207820915944	1.0343886574573875	1.216449706133165	0.434968275662092	-0.0029666961276884	0.9849541181934413	1.9233469243319787	2.2287915075728466	1.0760911927925905	1.9555175695575024	1.88332306760204	0.7764840457555379		1.4825255270735302	2.290853231108445	1.4672065928064617	2.113503313075485	0.4225520249580136	0.9991152059838304	1.9686614960088675	1.1384933218520403	1.8615904869127728	1.1870042550934077	-0.2635575066354435	2.141713243466866	0.935299526060785	1.643081572574428	1.7972170240756462	4.219219929000953	-0.3881728107728667	0.7783895489627952		3.210491539475354		0.7493208249783605	1.870983252102812	1.0769654443483248	0.4113105606953415	-0.4148026780471025	1.1926288961476017	-0.0363529414294987	0.9713642881686698	0.6107897489207189	1.6001752651987238	1.4399357629420086	3.397409270586166	3.61392437250701	2.3417887878482797	3.903865360729614	4.108273207965665	3.5552207820915944	0.808445316225729	2.777603296695711
ENSMUSG00000085148.2	ENSMUSG00000085148	Mir22hg	UP	0.7190957190957191	17	0	5	0	9	0	5	0	0.6377363776752556	0.5286078025135135	0.6908124333149432	0.7485317129423864	0.47288758677401826	0.6387137776696744	0.5681726398661257	0.4890429651609013	0.4067664201004093	0.5900963024103465	0.351302816778169	0.1420260256843694	0.5212667801669058	0.3145133286084557	2.7363403450707686	0.3661724048799626	0.7014074253699355	0.4783875731447071	0.7447281593145452	0.5681726398661257	1.2429398975334938	0.0301270138473739	0.1771191457985332	1.0790351769221738	0.787659460789906	0.5585741729940192	0.6158634817480767	1.0979158026362703	0.0270346412148569	1.0259874016348425	-0.2620589333345203	0.0642888385705958	2.384029999447581	0.9086927450120036	0.9374135089628962	0.2688401947295355	0.7841556521118842	1.9587960531267476	0.0928232883346398	0.4347498559984362	0.0615899647834164	0.4890429651609013	0.8752802342199076	1.327439628972656	0.1996262374825254	0.4542447505545635	1.577515688724734	0.3009253735243481	0.6431454373243701	0.1698271345869924	0.7831079657196169	0.4679976416499813	0.4067664201004093	0.3373532425487793	-0.1387464377021205	1.1178006464821717	1.0713407499481378	0.5900963024103465	0.1167683943243124	0.3227364005294247	0.0454867353057215	1.2067672146876067
ENSMUSG00000021268.20	ENSMUSG00000021268	Meg3	DOWN	0.7148869648869649	0	19	0	4	0	8	0	6	-0.6487900266359953	-0.6304241534552322	-0.7114531254331097	-0.5666350485546339	-0.6603441362421292	-0.6567277963141084	-0.7073434580267497	-0.4433323183772206	-0.6760106985933239	-0.5848376083171406	-0.4862521575590426	-0.6665664475182497	-0.5852061541818913	-0.4116985891864118	-1.639396567937197	-0.7862957012840348	-1.319609747346579	-1.5544037741144148	-0.1027754275452794	-0.0088720773716922	-0.4279119257926495		-0.0377261241003868	-0.8878074457747591	-0.3140643861912455	-0.766635923716033	-0.7743023064932552	-1.5548984235309258	-0.3753466833066644	-0.9171865433784452	-1.0848815220487984	-0.4366109682522588	-0.8235688173249277	-1.0310909132906476	-0.089985717961566	-0.7165956060200719	-0.6980913100334275	-1.7929243974368718	-0.4433323183772206	-0.3912393529586668	0.3770233864266521	-1.0926692301028929	-0.1184535416267675	-0.5048498858066697	-0.895950014456414	-1.6382235433329335		-0.7815736396448445	-1.4630827667836237	-0.2821424167188799	-0.5704477575418032	-0.0663858459354664	-0.8210489763947074	0.1231869532768375	-0.2077733548894568	-0.8456189123610794	0.0266200435278899	-0.430974119703627	-1.289373310646574	-0.9313111386501012	-0.5415995280481264	-0.5848376083171406
ENSMUSG00000121122.2	ENSMUSG00000121122	Gm56904	UP	0.7144059644059644	20	1	4	1	6	0	7	0	0.7991638161573118	0.8754248602695421	0.8550657851359039	0.6253600887260656	0.6026848077542206	1.1135445830130573	0.9485317185938225	0.8023180019452618	0.7229821625429218	1.123452248875679	0.9586371696252224	1.0925058283287452	0.6697591975015925	-0.1936128135357189	2.2143008431161477		0.9117969533887648	1.2445529207526116	0.9384262675624224	0.0432480266495845	0.693513570869456	-1.2003488456877944	1.3310286716431297	1.5325641687937834	0.3065369421212048	0.696814958199765	0.1664675144217545	1.0800390759852174	1.9086646166691967	0.6005667815463458	0.9855361652856098	0.2977467795544107	1.4760484627182675	1.2741158305017322	0.3021915389397669	1.5337558990076734	1.3668538895746098	0.8023180019452618	-0.7025305210666012	-0.0777804911138759	1.0327754430209446	1.6780065834476086	1.478655995960472	0.1660756088886495	0.7274004809933808	0.6941789711354068		0.0373432793474123	0.2629134515392463	-0.2100840231017352	1.0884365649809724	0.881804566808275	0.8354994609706935	0.7185638440924629	0.9907914807760908	1.4622291976520867	0.6808673664806703	1.2930100160924562	1.3828421922223055	1.123452248875679	0.8274962518376971	1.0249148079305055
ENSMUSG00000087523.4	ENSMUSG00000087523	Gm12319	DOWN	0.7106782106782107	0	21	0	3	2	7	0	7	-1.6343543349998515	-1.1749109369128905	-1.3267376744742865	-1.2395577792142056	-0.42476151175228405	-3.546360374558629	-1.223862567945696	-1.1259593058800852	-0.2083452619633949	-3.678596015923461	-0.9947860445317928	-2.9303836460402475	-0.8197991191133676	-0.9952195278038916	-3.14940695661944	-1.434742242955644	-1.8245171589075548	-0.5837954516290645	-1.7688102858420864	-0.3122182522456352	-0.6206654825112287	-0.1555896498415829	-0.738265276101752	-2.395893054477857	-0.1705157461217908	-0.6545080853539017	-0.4136510678372279	-1.302765520831897	-1.317584607614591	-2.13452772367623	-1.7689508641066678	-0.0884082868437462	-2.838499836724186	-2.176938440926821	-1.223862567945696	-1.202667187508379	-1.8049451266934529	-1.1259593058800852	0.000842746271876684	-0.8699102156506655	-0.7083800516583095	-2.8846075531408384	-1.6164276507031543	-1.4724624237382642	-0.2083452619633949	-1.9795950202901476	-0.562894904719103	-0.3598873784627392	-2.258040186852983	-0.0476118050668431	-0.7145026160131701	-0.1972223641111608	0.6204910263845361	-0.1878758992492875	1.2231077810691688	-3.2504319744753207	-4.466772509211285	-4.150440379017052	-3.316046554508463	-3.678596015923461	-1.1080523622607787	-4.854182826514044
ENSMUSG00000124684.1	ENSMUSG00000124684	Gm71882	DOWN	0.7101972101972102	0	22	0	4	3	5	0	7	-2.2513058892609434	-1.630860056300304	-2.0424736302241517	-1.6816802066231538	-0.4351962820327492	-4.845873438163719	-1.753537062734856	-1.5081830498657518	-0.3225375453303817	-4.719573351621126	-2.079389265369377	-4.721706333722396	-0.9876241045714912	-1.2086147547687265	-5.467159388727383	-1.646602498945711	-2.3543477058114664	-0.6747403498583062	-1.963768925817616	-0.514406644871617	-0.8319006883901346		-1.0558403235667864	-3.067116116040977	-0.4148529926855971	-1.073433962453876	-0.8395757010365543	-1.642923623929926	-1.8604716265240009	-3.690622284342527	-3.1315278269160056	0.0235904688713018	-4.92076767931629	-2.450158282100769	-2.827889415712673	-1.394040826057879	-2.308423533161144	-1.3477246919938306	-0.0105448961182961	-1.0324262404091633	-1.863169491631883	-3.975431812247719	-2.0342812640954344	-1.5081830498657518	0.5590647426073254	-2.669010072646025	-1.3018274891226171	-0.2457418664626477	-2.0962136088750416	-0.2487920780596561	-1.0992814801422577	-0.353128110173678	1.7483262467302496	-0.3225375453303817	1.241982159114487	-3.996169810254836	-8.627941093295581	-5.088707210891327	-4.719573351621126	-4.293488776817924	-1.3420652744763866	-5.853168549788848
ENSMUSG00000121096.2	ENSMUSG00000121096	Gm57390	DOWN	0.7088744588744589	2	18	0	5	0	5	0	7	-0.5313163074586644	-0.4257105048355462	-0.3510284112832987	-0.4899451295971692	-0.2674202712467535	-1.0168714177074365	-0.4007169206955496	-0.4507040889755427	-0.0571463201438236	-0.9877927830291172	0.0633201096504845	-0.4007169206955496	-0.5094395636819751	-0.5555218062913332	-1.2285444944478483	-0.3952160787035544	-0.5120442646208276	-0.3760862944945099	-0.4902660578309131	0.0657931868722772	-0.3617980529876237	0.263692723228447	-0.5252467680254191	-0.1812782128795169	-0.6132712942943591	-0.1680098999440013	-0.785259630473165	-0.4055310927601832	-0.4110326320499213	-0.5069316200138712	-0.3634486024957332	-0.5035168414855182	0.1562732032168023	-0.3361547037365683	-0.6725215946325582	-0.0909112612422284	0.3659013601701023	-0.411573319601071	-0.3210554894329528	-0.7402823070369012	-0.4507040889755427	-0.4716885560429308	-0.3086519338770436	-0.725660212213742	0.0646665532002423	-0.4467431028763224	-0.4327451479945952	-0.0141528303348327	-1.3266518322758514	-0.0571463201438236	-0.5941938599288435	-0.3615626455780844	0.0255851699517465	0.1059563080634782	0.0953647242025979	-0.9159852931356528	-0.9877927830291172	-1.0931339410652032	-1.2005046032899396	-0.946383394888992	-0.4266434667451351	-1.5476564417980163
ENSMUSG00000087120.4	ENSMUSG00000087120	Gm12279	UP	0.7064694564694565	23	0	3	0	6	0	7	0	1.0720990351472808	0.8163231286860797	1.4135003807026105	1.173574047854014	0.532971021402347	1.1683506906301522	1.479340509924678	0.6042351773621785	0.3998253470380843	1.0284110800099808	1.7478121435611575	1.674830921527303	0.849318294446213	0.481288740681202	3.321255115205299	1.6189086031172029	2.0503661711660017	0.742632708251711	1.3423447377930695	0.3214250062153319	1.100990579583575	0.4345436982539888	0.9866795455052456	2.8353794915236694	-0.0444733350273942	1.1155433875056031	0.8853006951234479	2.027262605344219	2.3489457149616824	2.133308195116032	1.500430459197441	0.3324491383134214	2.5146818571201326	1.479340509924678	1.7338377551247293	1.649055249186829	0.9810522902486852	2.7183073096314057	-0.073807071133229	0.3867619003137388	0.6042351773621785	2.3835965727328534	1.6269739574101558	0.5689504886609937	0.7527601225463615	0.3998253470380843	0.8227735953389731	0.0629267602832756	1.849459171114112	-0.1888530766707772	0.8666122618562412	0.6089642135632791	0.0170881123017115	0.3898121073687651	0.2813126206857905	1.5907941840955708	0.8569750337903174	1.0993557949328938	0.9783025182644868	1.9487830677087257	0.6758331556090905	1.0284110800099808
ENSMUSG00000121489.2	ENSMUSG00000121489	Gm66230	DOWN	0.7043049543049543	0	14	0	5	0	8	0	6	-0.546560630669546	-0.429416783287245	-0.2710924315807566	-0.5197307367706253	-0.30741278552109247	-1.0880065688057095	-0.213235344282421	-0.608731178984167	-0.250102387590323	-1.07790821604304	-0.7813981182509587	-0.3062901425987177	-0.0637534064033059	-0.70170007477586	-0.5033782751271556	0.2325755440423678	-0.1810051914696025	-0.2189139954735674	-0.1956079859314411	0.0851004211031879	-0.1070815699695974	-0.6740299587211073	-0.4228789949881766	-0.3757919376642013	-0.2017067541205947	0.1126198055584951	0.051766307646018	-0.1378990277834919	0.0639597384756429	-0.3808934015532705	-0.1474361170863798	-0.213235344282421	-0.910820582154536	0.0606161995826369	-0.4112428457263081	-0.3765522377957244	-0.6145177072123582	-0.2156818894305537	-0.0783454956311792	-0.7295483196078283	-0.9166476641504678	-0.3991864484538715	-0.6899741611363104	-0.608731178984167	-0.4999690488482098	-0.4983003074746222	-0.3233736039670136	-0.2258969775803413	-0.6409293571483808	-0.245325151872799	-0.2719466311663149	-0.187522165961357	-0.1364214709282909	-0.250102387590323	-0.1017535381943642	-0.952718366488526	-1.0215151571032417	-1.5923865851251786	-1.535448542053601	-1.07790821604304	-0.1122013160768123	-1.3238677987495655
ENSMUSG00000121001.2	ENSMUSG00000121001	Gm57461	DOWN	0.7022607022607023	0	25	0	3	0	5	0	7	-2.8814342922742044	-2.88793183165557	-3.5829969948549905	-2.831043524929352	-1.395357039030232	-3.7163396102822426	-3.63092995869185	-2.3007063480239287	-0.9090941094558032	-3.4751573152872117	-4.014067876213006	-7.11426278277971	-2.2518299711349656	-2.023827178610827	-6.499336338477703	-2.8083766169719326	-5.42889287417343	-1.4356949744111116	-6.327495988882188	-0.6285715283735359	-1.5459062135844597		-3.31640590460874	-4.89486101366911	-2.297850422326575	-1.9451373785036803	-2.0475502855334717	-2.272032974785676	-3.124442250170812	-4.577900489885722	-4.048407932518465	-1.384893242801898	-5.3841330220784185	-5.487438628216428	-4.00176302513266	-3.94545401277496	-4.351388939610269	-1.4153837747507685	0.0358230954285885	-2.3007063480239287		-6.72288377693475	-3.7520668203659024			-4.959407894138419	-0.0451120252878994	-1.214395910096246	-3.410459539414118	0.2106086276674503	-1.1115432256087543	-0.7066449933028521		0.0740986479389839		-4.030991491947628	-3.188113030792402	-3.4751573152872117	-3.1330327637698483	-4.33769613639801	-2.329369102755113	-5.520017431025482
ENSMUSG00000097666.5	ENSMUSG00000097666	A330094K24Rik	DOWN	0.6972101972101972	0	22	1	4	0	6	0	6	-1.3557167383009785	-1.4062554277781625	-1.689563489080336	-1.876246907325262	-0.44538657997875924	-1.4116699768195566	-1.4474630506674735	-1.4554738556667557	-0.4168651023118217	-1.3650478048888517	-1.191669956588889	-3.07259065501708	-0.4225236194892764	-1.0059852468093589	-2.635749824997045	-0.9784755166172496	-3.073729472208806	-0.9539217321708572	-2.095788287432208	-0.5330189237754178	-1.0824990990360357		-1.026427451684408	-2.8491296401791604	0.2541578762660272	-1.61509682075328	-0.571941014718302	-1.75947980554738	-2.1582367248811667	-3.738491361412057	-0.9252964385356396	-0.5495102400629879	-2.335689135147433	-2.103743600673948	-1.279829280581667	-2.918032634503242	-3.305952109531867	-0.8888673517510393	0.3470913397025298	-1.4554738556667557	-3.6522672241883263	-3.125895949275059	-3.760233442002119	-0.5980818680960636	-0.5894496790962325	-0.5917351353151866	-0.4168651023118217	-0.319003066929057	-1.7382807164708836	-0.0183157368234584	-0.6262327360507413	-0.5558252340097258	0.1112334914330506	-0.0227437781611537	-0.1320346860311418	-0.586646624392848	-2.467476707532103	-1.3650478048888517	-1.6190733590599855	-1.780432949402784	-1.123069914894389	-0.9399424775659332
ENSMUSG00000137264.1	ENSMUSG00000137264	Gm54159	DOWN	0.6967291967291968	0	23	0	4	2	4	0	7	-1.5666399829476112	-1.522798199661964	-1.5872970237990154	-1.5735969099089069	-0.4201750667959562	-2.6854909312865667	-1.4816073882948424	-1.5639890110290855	-0.4241566534545313	-3.169841659628112	-1.098347439393234	-3.3974660783438786	-0.1830351738506235	-0.6335616817145162	-2.795643317640817	-0.8419355388113423	-2.208040452240749	-0.686596540496174	-2.265254287194272	-0.4510394387619844	-1.1905333885491436		-1.6541707168164084	-2.790976545528045	-0.7644853254120166	-1.1085403225556807	-0.8566513255138613	-1.6244268058607465	-2.190908654653178	-3.402246378666532	-1.3682352559719844	-1.0474412940840423	-2.4417191293405462	-1.7296708055155792	-1.2164958535286678	-1.5949795206177002	-1.7273213477126834	-1.4909359525432642	-0.2645464727801606	-0.7640446015486078		-3.6461930383393257	-1.6388193247271774	-1.6370420695149068	-0.581234480968042	-1.1891649703906415	1.3217703862533037	0.3529006735788678	-1.57168597666744	-0.0877765397914451	-0.5425272365436373	-0.2789411419929488	0.007725460896966	-0.4241566534545313	-1.628835255675969	-0.9091837468024982	-3.534573072275869	-3.435438480785721	-2.590710520952836	-4.183541143937134	-0.9751478946237948	-3.169841659628112
ENSMUSG00000085653.10	ENSMUSG00000085653	Gm15179	DOWN	0.6926406926406926	1	18	0	3	0	9	0	6	-0.9974469147364068	-0.7432530383285254	-0.6417825338932699	-0.7502970432625226	-0.7469141086387132	-1.8507939731511214	-0.5492735403901143	-0.8213326498551362	-0.6651734268019145	-2.109522525357888	-1.2960780234334932	-0.6546853105446677	-0.5743439249133977	-0.2255536302500003	-1.6052174879092145	-0.2655135296457606	-0.4678864665967415	-0.089151956032309	-0.7707160958424685	0.1556214110043094	-0.5426541695684582		-0.2649056013164146	-1.0313214394018106	-0.3888827279216287	-0.5040996740039019	0.027505717664295	-0.8608291458194091	-0.023052944291887	-0.8294707858924995	-0.5206332356833796	-0.143047198690921	-2.0445770850193967	-0.8663974879711138	-1.0483800736520932	-0.5558929112117703	-1.2961821042808843	-0.7971509105020822	0.0919816034121017	-1.2422946085581594	-0.8213326498551362	-1.111643298094562	-0.8305655124034794	-0.5410739268363399	-0.5015185136938061	-1.2901553459428752	-1.9201342622673887	-0.7642712239591077	-1.4361688316588517	0.1438084283358413	-0.6872684114432364	-0.6651734268019145	-0.3682094641506541	-0.3393755005086069	-0.3875886429352448	-2.8917574938636146	-1.511484968702392	-2.1365973119278805	-2.109522525357888	-2.154744487166667	-0.0736762836775518	-2.077774741361857
ENSMUSG00000115186.3	ENSMUSG00000115186	Gm49417	UP	0.6897546897546898	24	0	4	1	8	0	4	0	1.1321191188917437	1.301721218899234	1.7621310702435662	1.4214865386621756	0.7578537009842187	0.5870051656770141	1.7121999023270607	1.9114541988129372	0.8912425354714073	0.7061510798985056	1.2710242798889222	2.7384441582561587	1.1010389102882352	0.4617039195358111	3.31874148622702	2.2547389627161145	2.932095639058644	0.6470383449136284	1.6648942830730495	0.477972460691424	1.7779276753230604		1.650344100337917	2.8350698714253078	0.8411545495358198	0.8787801744397273	0.909004182335327	2.5074760718121434	2.8992760517222145	2.986776919037972	0.6401133640005523	0.5204770977861519	2.4891723410177176	2.235382605902561	1.6392646504722563	1.759505521581072	2.377990204953917	1.944774565875115	-0.612743710070082	1.484698952131912		1.9114541988129372	2.3792486865609943		0.9496728104014688	0.5020657155660724	1.2793735726759456	0.9537113219927622	0.9018496672653874	-0.1017450115633381	0.373141742171694	1.071260926306018	0.8912425354714073	0.7143824237395423	0.801435006799445	1.1574931250583018	0.7622363957283285	0.7061510798985056	-0.0808793425969315	0.8369450112435433	0.4436829704070242	0.2834069200003276
ENSMUSG00000097368.4	ENSMUSG00000097368	Gm10390	DOWN	0.6892736892736893	0	25	1	3	2	6	0	6	-1.1733665632355528	-1.2867672951394051	-1.7889640483608542	-1.241618704449661	-0.27392508049579195	-1.3889584196359042	-1.5005453143823204	-1.0982147504677215	-0.603406593725241	-1.4753198398110885	-1.0121305487837833	-3.263147853082966	-0.9821427647575192	-1.301130629844326	-2.5838203699976434	-1.5203922994208434	-2.0379429923620576	-1.2478760466052254	-2.396356021205627	-0.6197661770576595	-1.2650944858801567		-1.0210898474585015	-2.7788527328682338	-0.4886621541809323	-1.642099510533534	-1.251827425221974	-1.0209606299950291	-2.744786773656313	-2.7826548863207865	-1.4806983293437972	-0.8313419309164215	-3.282258545057525	-3.168031908201528	-1.7998379003278902	-1.264163869518088	-2.725998624783853	-1.2320596756998206	0.6846018097300371	-0.8114952789223848	-1.9869132934420028	-3.139475963128173	-0.9643698252356224		-0.603406593725241	-0.9135548427494936	-0.6322235597946351	0.0417719344288996	-0.7902283346522132	0.1498980141424022	-1.0331749856673935	-0.7456955671771551	0.8475126308015486	0.009737871621246	0.6561875473183225	-2.3336206812874	-1.2001693848561168	-1.824764158735978	-1.689342352475137	-1.4753198398110885	0.1455036909518427	-1.3449962112374534
ENSMUSG00000090778.4	ENSMUSG00000090778	Gm3235	DOWN	0.6861471861471862	0	18	0	5	3	4	0	7	-1.3013944584807653	-0.8652289266682699	-0.7310080936707111	-1.1569393775970631	-0.2354184834216162	-3.082211879233671	-0.7551178552656101	-0.9753399980709296	-0.4171905890090015	-3.126733445828018	-0.7678726196926782	-1.717688257148909	-0.5663767510058036	-0.7931537431824166	-1.8511996616755708	-0.728867871819407	-0.9033421830436263	-0.1107586908568088	-0.7079612082526793	0.0711418265299847	-0.8818188523424618		-0.7686753987624231	-0.9648075136669764	-0.2463600379173344	-0.1320055543394168	-0.5324407873539482	-0.267958820054386	0.024255958933362	-1.4483229306976109	-0.6157334030688268	0.5522874917483773	-1.422968097310099	-1.3483838293498556	-1.2797747228445149	-0.7423630908385421	-0.8550616874259152	-0.9753399980709296	-0.5334256630197469	-1.7035786292129451	0.3448540279151812	-2.902921620695308	-0.8538280243238782	-1.4743357357718148	0.42201209383526	-1.606071430101546	0.213425172024847	-0.5176258654863051	-0.975276489142555	-0.0540195155210145	-0.4626375545267787	-0.8491042020540421	0.9205695594134145	-0.4171905890090015	0.7363155029299429	-3.126733445828018	-1.6047080175611776	-4.28372284771832	-4.209496943573501	-2.4114202845765917	-0.9511576937136772	-4.988243921664409
ENSMUSG00000120402.2	ENSMUSG00000120402	Gm56886	DOWN	0.6832611832611832	0	24	0	4	3	3	0	7	-2.0347569876349754	-1.8334178060859454	-2.256910748071434	-2.1925573261559	-0.2723280358917883	-3.417231840420779	-1.8914061590029303	-1.7754294531689607	0.0321100033092732	-3.745683114797873	-1.803398302354688	-5.974941912188676	-1.007307893684206	-0.8354014085372776	-3.4680154257979705	-1.9794140156511728	-3.560915638651172	-0.675286474013339	-3.045111577509445	-0.4575978692410909	-1.062955004274825		-1.2717702637996005	-3.606397255671951	-1.0367669034824536	-1.0030845521420673	-0.8949975876707967	-1.6330150611376304	-3.203007628860908	-3.735030734962583	-2.4244314073760216	-0.2743659320406764	-3.845444337548922	-3.746072478744509	-1.6257165141702772	-2.4061108286468555	-4.103122441698176	-1.140096164146455	-0.1120553484846546	-2.1234030438065723	-1.7754294531689607	-4.416055610571519	-4.58348861454806	-1.1973730483650775	0.6334589459007696	-1.9768186135431185	-0.4292142096784881	-0.521400498496565	-2.7097036583269225	0.0321100033092732	-0.5588531309536288	0.108265778287797	1.1909688346207654	0.2017859168228426	1.0337922372476038	-2.5116461286423	-4.644718525089223	-3.745683114797873	-3.1733360059474656	-4.067864386342324	-1.5005582529186792	-4.27681646920759
ENSMUSG00000121377.2	ENSMUSG00000121377	Gm5113	DOWN	0.6795334295334295	0	25	1	4	2	4	0	6	-0.7792537211636605	-0.872226224192787	-0.9646255997441018	-1.0541719686000153	-0.26717551612154455	-0.8310418001889806	-0.90900568344529	-1.1141478834561978	-0.1762261813482083	-0.8354467649402839	-0.4189541485418904	-2.2752383169081223	-0.4307666221323231	-0.4714092937205001	-1.657030875450669	-0.8304918867920168	-1.9404933791279972	-0.6466281825152741	-1.2821355700840056	-0.2095744794771214	-0.2437494422051638	-0.5772925942559896	-0.909638772270588	-1.773319931598907	-0.259379297754517	-0.8883138172230199	-0.315721367438448	-0.9140983849190334	-1.0995210221933196	-1.998865973088995	-0.9479795832022768	-0.500278761896552	-1.073340183692787	-0.8168456955625594	-0.90900568344529	-1.2462375291174292	-1.408580398475951	-1.1141478834561978	0.4531004941765364	-1.0993189702588544	-1.140640906517253	-2.2125720031708904	-1.5592482038129454	-0.7063763071605033	-0.4124663349429796	-1.5163140853217656	0.5458183619988273	-0.1872830469361834	-0.7711240072071368	0.314565450342093	-0.1762261813482083	-0.0336596265109563	-0.1632844818375531	0.1396830489101065	-0.6786397744832341	-0.1165372629468541	-0.8354467649402839	-1.0598506512176404	-1.0807704951637915	-1.3029939080804356	-0.7349002619300488	-0.686793257043809
ENSMUSG00000107585.3	ENSMUSG00000107585	3300002P13Rik	DOWN	0.6786916786916787	0	20	1	4	0	6	0	6	-1.0355505650091368	-1.034638396423659	-1.009032351647692	-1.1590447556108183	-0.49628290269744524	-1.4778422500805917	-0.9376668076221057	-1.1316099852252124	-0.3011900993659904	-1.3594746077074624	-1.0123962628035823	-1.4237946229581642	-0.5693886289958217	-1.004704477399357	-2.579822416278618	-0.5368424819791403	-0.7379297560121391	-0.300738961063168	-1.2437169898602742	-0.2029286509925709	-0.1603352435248568		-0.7630646610545695	-1.870899524405271	-0.7144654991973586	-0.4683111476341621	-0.0425501795349396	-1.048002028980318	-0.9178904585332204	-1.522236904918239	-0.3620629826801264	-0.2870402182636977	-2.52849519600905	-1.401716836048302	-1.0477528599466328	-0.9574431567109912	-2.530310997055419	-1.0936908832375305	0.1784220354917386	-1.1316099852252124	-2.06232275751374	-1.5190203683883203	-1.6477905248882063	-0.8373008055144582	-0.0501507884958349	-0.8462584352895147	-0.4755732413022504	-0.8967933457178776	-1.8902863305405049	0.1328228074956692	-0.8646658501814669	-0.2867554797354363	0.1215941170545097	-0.3011900993659904	-0.1018552835932012	-0.8086801492090853	-2.690851703970432	-1.3594746077074624	-1.3646689621026935	-1.0600423085501751	-0.6219054739079377	-2.439272545116356
ENSMUSG00000123692.1	ENSMUSG00000123692	Gm74420	DOWN	0.6782106782106783	0	21	1	4	1	4	0	7	-1.8242726501796562	-1.383747557809059	-1.993248564899608	-1.7445227053840786	-0.49579993267546124	-3.0635193977594772	-1.3719408420636672	-1.395554273554451	-0.0956561482378244	-3.252611350024379	-0.9558793822272152	-5.75656326617478	-0.5819391513708481	-0.978331266670354	-3.9666474859588634	-1.3534176224337642	-2.7265219797683105	-0.440296723068962	-3.8468669111617992	-0.1063917790341759	-0.7637726980933625		-0.9407018673074672	-4.035521624731015	-0.5949305877239843	-0.6371801008210932	-0.5025538062894249	-1.365558487396325	-2.57122811338986	-3.763725272811485	-2.676167122095977	-0.5600431894226224	-3.9904596223834736	-3.3576016998623586	-2.071108623711808	-1.3783231967310097	-1.9027311067494688	-1.0714824497181714	0.3416155827350242	-1.0900427625458118	-2.0661588830006936	-5.160307665951037	-1.395554273554451	-1.769728485653412	-0.4145502640291306	-1.6423633653100254	-1.319083896776729	0.1083039944010529	-2.096182348757454	-0.0956561482378244	-0.8746665917214556	-0.0182019101545959	0.1492718490610916	0.0293394457131488	0.7199899763818487	-3.137848172234308	-3.252611350024379	-2.9094910216291043	-3.924814244865769	-3.941979330749532	-0.8714015903824175	-3.4064900744308284
ENSMUSG00000102101.3	ENSMUSG00000102101	Zbtb11os1	UP	0.6773689273689274	16	0	5	0	6	0	6	0	0.9870266268636549	0.9969193876595829	0.797344583242888	1.3238509068578477	0.4717886349693836	1.3551223823845007	0.6336516571664106	1.3601871181527552	0.2753049440828699	1.4098817640927197	0.3707952999544651	1.544606085811302	0.0922063388632429	-0.3646702601356899	2.587019887118939	0.6611557286638808	0.9477641612948152	0.3963554171426051	0.5199057926762223	-0.3350696036563276	0.2963270247452921	0.5436209565453727	0.4702591196922049	1.9429041851000344	0.4786248465664788	0.1106863660561131	0.2165167621838548	1.3910785880458103	1.3200978103687342	1.3888618886671495	1.2426630034192252	0.261087268409737	1.719219264871051	0.9180339496946388	0.6336516571664106	1.0031440955824396	1.171458112709976	2.554132793497592	-0.0808210425789577	0.3740052659447823	0.5222995958078507	2.310866097559084	2.226286519621828	1.3601871181527552	0.2727179597789979	1.287660236487124	0.2844751326718691	0.5619347627212774	1.3115605136643402	-0.0865368427682354	0.2584628032015209	0.6450504982858078	0.1330675332221449	0.2459774433155021	0.2753049440828699	1.096489077812416	1.2365490840794573	1.4098817640927197	1.682140368150224	1.627710886831352	0.3276056538090375	2.105479841916299
ENSMUSG00000101304.4	ENSMUSG00000101304	Plet1os	DOWN	0.6773689273689274	1	16	0	5	3	6	0	6	-1.0312473806577351	-1.019227942953329	-0.9736052927840209	-1.7745068002431164	-0.2377959747480702	-1.1390814548557335	-0.8503971673488642	-1.9186254306263588	-0.3526093004668159	-1.1880587185577942		-2.222762954475337	-1.0207094338560354	-0.4675189998699081	-2.8575662929309686	-0.4698571568209743	-0.9789008821045844	-0.0719368993421823	-0.5068779006953839	0.4462389309947338	-0.5963571169591818	-2.0135419825497727	-1.2158065475818551	-1.157290916665731	-0.7923594695975438	-0.3584490105009998	-0.4580636586660849	-0.5602817284195402	-0.2868739766078651	-2.4720517699272757	-0.2824808360665158	0.3487748765487364	-2.0586812313323586	-0.9084348651001846	-1.0379769097625828	-1.4369517250546575	-1.8770191550404896	-0.6052366855148301	-0.1483898145391433	-1.9186254306263588	-3.6276753772302186	-2.1643389386143825	-2.756237920838763	-1.2010434343381184	-0.3741486337413438	-1.0212781712871208	0.474905335052272	0.4394290972055594	-1.6391865231450733	0.2523032346390502	-0.6034979200542039	-0.5044152150775504	0.3204228631389496	-0.3526093004668159	0.3923195115075047	-2.186729771531835	-0.8150848296990177	-1.1880587185577942	-1.27386976991561	-0.9139432496525262	-0.2019199322473505	-1.393963912386002
ENSMUSG00000121784.1	ENSMUSG00000121784	Gm68527	UP	0.674963924963925	21	2	3	1	7	0	6	0	0.44113147495835603	0.4333167324548066	0.48450150099406597	0.341826864627104	0.3519237952700395	0.5862737389422149	0.5412462692987546	0.3134884272377307	0.3253871956108586	0.6457821550288874	0.2320128349730315	0.6487789750571112	0.8468315137601252	-1.2385106342899983	0.5302629583503755	0.65899660649511	0.7903494879794837	0.4502034139822441	1.328934097877505	0.0254081974336063	0.3539152287709055	-0.3781340264953997	0.5412462692987546	0.9592683792084288	0.5132975810751564	0.5524489163486148	0.0345309885663688	0.5808758297395078	0.1957972334939994	0.4886264950808094	0.7506813251175825	0.123208353208114	0.7663313339027625	1.494470777429415	0.7765759309473871	0.3710501909279797	0.6840822686008006	1.0258105018154582	-0.1805296651700845	0.2146562791477222	0.3134884272377307	0.0241234000042989	0.5892187382302284	0.406020371124374	0.1820715788034637	0.8365387141346744	0.1177151714281183	0.3648117302302838	0.5561698784167277	0.0850896735466331	0.1707359783580976	0.3253871956108586	0.5103716227409826	0.2839782479999979	0.4382919567005968	0.7568589404208939	0.6114947134087902	0.4294884194097766	1.3070717474958502	0.6457821550288874	-0.4162352658759177	0.7694554627072238
ENSMUSG00000116879.3	ENSMUSG00000116879	Gm49794	DOWN	0.6740019240019239	0	23	0	4	1	3	0	7	-1.9361382104655598	-2.0416869370934365	-2.164038526905732	-2.2722827932381517	-0.33142954201057956	-2.976801979707775	-2.1364404163385866	-1.9469334578482866	-0.0418673513095601	-2.8224643042638995	-2.5297132684247186	-5.7162123524905	-0.5594316716008071	-0.4972837376931628	-3.504520231594715	-1.427168078775749	-2.9020326583445653	-0.1014510447501704	-2.4001630510993257	-0.0915420452266312	-1.095948810036948		-1.3481648946433251	-2.628348454603504	-1.9169268782956368	-1.02660027905649	-1.0355136216209204	-1.7580598310917457	-2.792659031979448	-4.698735487330626	-2.3559539543815364	0.0964395783701349	-3.831687606696727	-4.134801479930944	-1.7963433134369775	-2.395533740676111	-3.816645754137888	-1.557685699627437	-0.7546964099547454	-2.336181216069136		-3.244056309067985	-4.768255914432619	-0.9728212102769878	0.0653536102481554	-1.9900890356805423	0.1394344264714809	-0.0418673513095601	-1.611506095237886	0.0019140910415765	-0.3829560936645139	-0.4390071210368521	0.4868862328144517	-0.1938764404556814	0.3199888146929963	-2.2679216329750123	-1.3384488965516768	-4.730499836915498	-2.8224643042638995	-3.600276790327236	-1.3563511604937262	-4.721651236427373
ENSMUSG00000123342.1	ENSMUSG00000123342	ENSMUSG00000123342	UP	0.6731601731601732	18	1	6	1	5	0	5	0	1.397918078671922	1.0644457970107921	1.3304413455236859	2.425241504686567	0.46911473888392324	1.3668747255935128	1.2884215469197058	2.049431761104989	0.3767143708986961	0.8404700471018783	1.2884215469197058	4.541573512541791	-0.0155230816628544	0.0815615406938664	1.458751191790682	2.8796985994769564	1.9725008681514995	0.6607325507789611	1.0233918070877988	-0.0200875420660203	1.0195589967749976	-1.9737825727819411	1.6154702816690127	1.9066559135450971	1.7300296417444876	0.1107067939210278	0.5185727239070937	1.364196174635542	1.909894238496304	2.1667432423033386	0.641185034485833	0.4054490734320527	1.0052030002518029	1.8807559676756824	0.2184709797504802	3.44765859716558	4.084127248450739	2.049431761104989	-0.2243398506881304	3.536778030440449	4.5419988614216615	1.48607117798267	4.111529027761869	1.4752215247824638	0.1355043250558327	1.942409912612904	0.8713176686379211	0.6002590063125374	0.5291819818856147	-0.1095444230368078	0.3767143708986961	0.314542562457744	-0.0784671506238124	0.1328381930951692	0.4455056804273578	0.3950394043925361	0.8404700471018783	0.5587778592786634	2.924722203302037	0.165521505627687	1.068374768065095	3.615217291386691
ENSMUSG00000110051.2	ENSMUSG00000110051	Gm45322	UP	0.668951418951419	20	0	4	0	4	0	7	0	0.834431568569354	0.8026566943952478	1.0271825459976167	1.0197181061698686	0.28146654286127987	1.0093590792486506	0.8330285231738774	1.0539222417417997	0.2071734785784111	0.7722848656166181	0.5931732428094924	2.034682369666894	0.3439914186886561	0.3176407390381473	2.2564281453568817	1.978656082020716	0.584901349916497	0.0387139047391573	1.0013149923015623	0.3717146191543981	0.7041836166714913	0.8330285231738774	1.6161739443489214	1.6281369129420342	0.8157144869342513	0.3112992109529974	0.4972258882416295	0.9892777744214888	0.3830666838033473	1.5013236803925485	0.823245324903727	-0.1068596186061336	1.366480786301208	2.078895126925826	0.8809704881958186	1.9397605239849771	1.9507885246552443	1.540505574899552	-0.0292865770635905	0.294009051098357	1.306275081738289	0.8015694017453103	2.2052361046012936		0.1303009196772181	-0.5488829537800509	1.1894396456597742	0.3867938826574198	0.7342317431738774	-0.0378698660773173	-0.0582780777739206	0.2124784613626055	0.8547155399151659	0.2071734785784111	0.0260291980808948	1.656101354026135	0.7639926602565023	0.7434306884917123	1.490793231355795	1.050686853810735	0.5882239011830562	0.7722848656166181
ENSMUSG00000110453.3	ENSMUSG00000110453	Gm32352	DOWN	0.6685906685906686	2	14	1	3	0	8	0	7	-1.1071546356941542	-0.6539434548641461	-0.46257690685689296	-0.6246437328523212	-0.6226038332349124	-2.7187940698324904	-0.4415385051400458	-0.7868595251406382	-0.521027384587654	-2.76735635433154	-0.0695864554812549	-0.9551256139577676	-0.6212016848124161	-0.2303768389503953	-1.3651434832680314	0.0622428592270642	-0.6948026693675214	-0.6169724687413054	-0.8763154139254645	-0.3039670066383647	-0.3976286396652619		-0.7181599703285333	-0.1357384573517006	-0.0031989150141889	-0.35206235785964	-0.5849081513445296	-0.5570219828822809	-0.3479200644206949	-1.4254795348012728	-0.4854483706148296	-0.3325627830114183	-0.9723532460230472	0.1802186646042113	-1.9678874937512028	0.5643880189059391	1.18001248119469	-0.7868595251406382	0.3490354247065051	-0.0492524323056767	-0.9956335602584994	-2.151147112413072	0.3007842792782679	-1.0394332038331353	-0.521027384587654	-1.1766288395595936	-0.4780535236266949	0.208614034947848	-1.6968059465376937	0.1294609184926081	-1.4351324577501858	-0.3683104886350322	-0.8287300927071044	-0.0822915922308033	-0.5997367933897303	-2.266327095764428	-1.8709258865438283	-3.294571419956067	-3.254055227570803	-4.115933833064392	-1.462388671596376	-2.76735635433154
ENSMUSG00000085022.5	ENSMUSG00000085022	Gm5860	DOWN	0.6685906685906686	0	14	0	5	0	8	0	5	-1.4250712058402346	-1.0155127297462205	-0.9309581172990279	-1.176119118015832	-0.612986930682995	-2.9802206573630836	-0.7710979799936116	-1.2599274794988296	-0.4070202589423349	-3.0034689054810655		-0.8095978806761168	-0.7325980793111064	-0.6332581775850449	-1.964003072525661	-0.0014081254085568	-1.596936949137293	-0.4447735028578967	-1.6903820693312268	-0.1841353010841012	-0.440725697131083		-0.9094602006275336	-1.982924253236269		-0.3803942341883209	-0.5888980089302761	-1.1205285074116729		-1.1835309195469	-0.1537685160034687	-0.2984147236803228	-1.5814797547554091	-0.9062315872978716	-2.2281752191192497	-0.649453800733235		-1.2599274794988296	-0.2538009774304712	-0.3532964626590442	-1.5679920976315211	-2.844162555627087	-0.1669998710207361	-1.7866543822431349	0.0653826975448661	-0.7736743169500375	-0.8125434398635989	-0.5270975282028644	-2.033682896378668	-0.3472681031344598	-1.3908511796546743	-0.3230909696682789	-0.087121987594389	-0.1058882546685056	-0.4070202589423349	-2.2495077189239048	-2.696623862345425	-3.961552098059078		-4.923613491748809	-0.7397128244845773	-3.310313948616706
ENSMUSG00000110580.3	ENSMUSG00000110580	D830024N08Rik	DOWN	0.6681096681096681	0	15	1	4	2	6	0	7	-0.9371625203335718	-0.8935319457325017	-0.5040666392096897	-1.1146741581509978	-0.5986787128920779	-1.5312305710815217	-0.42568031691974206	-1.3613835745452614	-0.3467225665276344	-1.5525590575974584	0.0211524258724285	-0.225887115251555	0.0601665638279365	-0.0729909508612483	-1.9942736575922744	-0.4995441026524754	-0.8679214851405335	-0.1126655239748132	-0.3209041424323111	-0.0720259325351525	-0.4082397922648461		0.4683104445792877	-0.8126918523581007	0.1422314128808161	-0.6410844744866708	0.0569497288883293	-0.72701368400786	-1.5415498187309544	-1.1632350559614009	-1.218321267485569	-0.093170196316499	-1.0308994988456548	0.3523501121256104	-1.2052254712254562	-0.443120841574638	-0.7561284439283295	-0.7447464628902429	0.3459801912917072	-1.5900872137652082	-2.656458845827687	-1.6431965723895257	-1.3613835745452614	-0.1528266289307668	-0.2296234287718997	-1.7779143924791572	-0.7595848921075824	0.4936840739092508	-2.3533458816669506	0.2761925078964772	-1.3790465333646509	-0.007782997548232	-0.3467225665276344	0.1257995579715723	-0.6271212891240489	-1.8035207940193343	-1.3119279622147086	-1.610283449468162	-2.1129936976827395	-1.5525590575974584	-0.8161551797321165	-1.51117385685613
ENSMUSG00000104011.4	ENSMUSG00000104011	Gm32391	DOWN	0.6657046657046657	0	20	1	3	0	7	0	6	-1.0037815523388538	-1.0662290119739222	-1.0838610960483415	-0.9595154914403272	-0.6351026381579822	-1.3366469837087642	-1.0949374479627054	-1.037520575985139	-0.5189573728152445	-1.4318994134649965	-0.6326311812330979	-1.8070321675242944	-0.4167858563114075	-0.3282587011765708	-2.2005000589749	-0.9512334007535864	-2.1766674424828865	-1.398884177296568	-2.099911451855742	-0.3276048563623566	-0.6782153499613593		-0.5880845114569516	-1.859794952432784	-0.2969530232020184	-1.0661186196602817	-1.1237562762651292	-1.5928285187361746	-0.8799660615023179	-1.5570307131167838	-1.158663008872726	0.1368161717535444	-1.4378665645662432	-0.6369742270327996	-1.85732725268416	-0.1108370251254569	-1.1332792704238286	-0.9491063775091598	0.8299337583973596	-1.125934774461118	-0.4730517730216406	-2.052201756550617	-1.9867320254967875		-0.3970299767801954	-1.0639250088207153	-0.5189573728152445	-0.1648051101727972	-1.4205648548068068	0.1020137372849568	-1.9374323630381949	-0.6001412315542763	-0.3671304854710672	-0.027100595776121	-0.5910557577873421	-1.484503387976719	-1.2642806769098751	-1.3864677352031634	-2.524220720591339	-1.6358906434800833	-1.4318994134649965	0.3707336916648287
ENSMUSG00000127564.1	ENSMUSG00000127564	Gm68748	UP	0.6639009139009139	17	1	5	0	5	0	6	0	2.307500337810314	2.046783445905782	1.132095330491523	3.357848345428888	1.517173317990231	3.222884357330613	1.1001099516832433	3.398084756353838	0.9834325004219088	2.993456940128321	1.1060531069720625	2.014821396482473	0.1487250671015854		2.540801256083093		1.4696444975489067	1.564058187280667	2.1421830316073653	-0.3080605512869396	0.7977174783038488	-2.240997174451625	0.7575339268792168	2.701307819020103	1.602919231600522	0.060865371948493		1.0722884494604612	0.2042152584127802	2.420072534015977	0.6752788851443001	1.0941667963944242	1.7342225411577914	0.5112918994992381	0.3506848855421596	2.07989127689404	2.6706027601856115	2.1399899538089078	-0.1219180236212904	4.76010541041625	6.572743219261782	2.203091928978881	4.593077583728795			6.6488861248651165	0.9834325004219088	0.5739468095306524	1.8998944960995543		1.4694333032433888	1.3215180067397254	0.2916121235327168	-0.1503682362366464	0.6162047337156628	2.050983169444679	1.249809524891828	2.714006995911905	3.650818156665752	3.272906884344737		6.398781412724778
ENSMUSG00000101086.4	ENSMUSG00000101086	Gm28651	DOWN	0.6635401635401635	2	11	0	4	0	9	0	6	-1.151515304108512	-0.7501944226120705	-0.29882326061066594	-0.953981926919746	-0.7710002988227486	-2.5822557300808873	-0.3507262101807346	-0.7909014131187334	-0.7094874321054074	-2.778539593916012	-0.3395610878149635	0.0467749961693568	0.3100704430682786	-0.0850323892058519	-0.1316640151803033	0.7162590653583667	-0.6564042080400585	-0.68628888931784	-0.0752324360432899	-0.3753315326831062	-0.4031681391285502		-0.5016789904149102	-0.3618913325465057	-0.5149889875425653	-0.2751004427850352	-0.217949197868473	-0.078726631385611	-0.5377633098815338	-1.2917490803524383	-0.0948593687470466	-0.0765280763897517	-0.996825334170115	0.4526699120926403	-0.7509856385982956	-0.4275436388801683	-0.4159064655895437	-0.5617218732961187	-0.1958549280820495	-1.112037586975589	-2.235071899883231	-0.7909014131187334	-1.326667760343019	-0.4556180267394808	-0.6877220246143616	-1.4597131953507296	-0.3639301743635523	-0.0064682620648369	-1.4136830938938216	-0.0314778364707577	-1.4329069869108404	-0.7094874321054074	-1.0670334233570795	-0.4567360068417621	-0.8518448510770847	-2.7947137003839773	-2.71917631289254	-3.1758093396028144	-3.45930918273527	-2.778539593916012	-0.5106683824478523	-2.6375735985877427
ENSMUSG00000120179.2	ENSMUSG00000120179	2310047D07Rik	DOWN	0.6596921596921597	0	19	0	4	1	4	0	7	-1.1961677697510562	-0.8798024329343526	-1.0145151075033334	-0.9318440116148242	-0.28615129491463287	-2.5521606649714346	-0.9035746846115015	-0.8560301812572035	-0.3267009179347238	-2.743704325878861	-1.1348535690540456	-1.8976097779800587	-0.8014251667869015	-0.9600001108200245	-2.5158115458338544	-0.4723119302535955	-0.7638421106788054	-0.3952447951423465	-1.5290535172429325	-0.0834277418720818	-0.7762157987098968		-0.1559565191415873	-1.9148102729522185	0.0009501234986015508	-0.8875802009109246	-0.6834485478102439	-0.8404968573979713	-0.2566310115452202	-1.22763921962346	-0.9700136182815328	0.035530961300493	-2.8746574203979987	-1.288896764295531	-1.5621361367089053	-0.9195691683120784	-1.5022420781335468	-0.8560301812572035	-0.0629117306047852	-0.6171616490037631	-0.8923834175318511	-2.1947939129253755	-0.6743334237252087	-1.2252937662555825	0.1990570080733261	-0.704087064966213	-0.6133217855699115	-0.4501905133306745	-1.4218084952669634	0.1168978699179547	-0.3267009179347238	-0.0818103461043308	-0.4591605345077616	0.118640852534571	0.4748196830937646	-2.34464079785548	-3.2749005095502746	-2.8777353584849137	-3.040429180682807	-2.743704325878861	-1.126982292769925	-2.456732189577778
ENSMUSG00000140143.1	ENSMUSG00000140143	Gm73647	UP	0.6504329004329005	18	1	6	0	4	0	5	0	0.9762961758068438	1.1441543318442784	0.9777125767739021	1.4760827790353361	0.44887050612731516	1.0025188412908217	1.1542841196775324	1.7290535510195408	0.3307588232417722	1.1340245440110244	0.4545117936582054		0.4282395318446085	-0.610336127145426	2.717662542970157	2.377348296734	0.8029579941729146	1.195670575900015	1.320269879184069	1.288831871760202	-0.2031989740129481	1.2241766220668302	2.0734746421182337	2.357357253344804	0.6976577335770267	-0.5278160236679608	0.9863244300954056	1.2267301077836843	-0.1517628936132923	1.1595012827835935	0.095427701911763	-1.0150015761262083	1.149066956571471	1.4932637897459953	0.9964966300131244	2.2401096878830176	1.643563266568172	1.1775505260259558	-0.0657283866015674	0.9168070299990124	2.0989379480937465	1.9696433969385845	2.5063153877720805	1.7290535510195408	-0.3097754535062058	0.8726201749630562	1.5496049378712264	0.3198393780606167	1.2818569956820862	0.4427768511769488	0.1359519618083621	0.2675772181039445	0.3307588232417722	-0.323353374123961	0.3697180541226211	0.4345732619154689	1.2861460997781524	1.4026455729410612	0.9895920340083691	1.4719469107922665	0.2987034655894086	1.1340245440110244
ENSMUSG00000108726.3	ENSMUSG00000108726	Gm30684	DOWN	0.6462241462241463	0	20	0	4	1	3	0	7	-1.690049251933364	-1.0908476652815455	-1.0412152255630742	-1.141912186487088	-0.448710609816805	-4.128358985866489	-0.9103169979153227	-1.2713783326477686	-0.0776396852644085	-4.84295164685568	-0.497956868032384	-1.891340815584413	-1.0160822570156798	-0.3494938504824615	-2.2027102101771594	-0.4549607490421736	-1.5199343107648884	-0.6715969488535135	-1.2879456426372924	-0.4332815757933108	-0.7460473947807558		-0.9000799692417641	-1.7304899406241063	-0.6193166979502486	-0.4022847256246604	-1.422544997110648	-0.6670377053062405	-1.1782520164906165	-1.6545645058527545	-0.9205540265888812	-0.3563839484191358	-1.7961740218324962	-0.435445562536939	-1.7557306835422413	-0.8708067450350465	-1.2905796953201163	-1.455580406861974	-0.3290971833601193	-1.2272912812601169		-1.4262137283054614	-1.2713783326477686		0.1729427461166344	-1.7646776487880071	0.0702777325153981	-0.4001150148135894	-2.240615648864324	-0.0776396852644085	-1.0078569348552386	-0.3167488586261827	0.0680179397228585	0.0917384064432713	0.4688602584287331	-4.045123897540215	-1.372222440624876	-5.759018288331988	-5.898161295647865	-5.891849761788034	-1.089185570276765	-4.84295164685568
ENSMUSG00000120563.2	ENSMUSG00000120563	Gm57200	DOWN	0.644059644059644	0	11	0	5	2	5	0	7	-0.8205770699263392	-0.7452910858617134	-0.5357438486212709	-0.9223133297358168	-0.2705748559449324	-1.5536762454033366	-0.3904796707408077	-1.100102500982619	-0.23103640386732135	-1.6720543270138204	-1.6213943489004672	0.0099828315850201	-0.3929498560641603	-0.2296017412429988	-0.6535217594390913	-0.986676064006693	-0.3904796707408077	-0.2660284457565074	-0.2389135375063001	-0.0812198723681883	-0.2588767445410019	-1.12516714440034	-0.3218920447307981	-0.7695799366062357	-0.1311828665675457	-0.3486210513856879	-0.7204808229237033	-0.2046936395667398	-0.0771712215505542	-0.5078431003969819	-0.6870035787267188	0.5491071945673843	-1.5703920136004013	-0.569343089911922	-0.3016193855053858	-1.377795030027553	-1.1917269724599362	-1.4689640917340372	-0.6732046702859495	-0.9264502446741726	-1.3494987106634375	0.1579924962337613	-1.2737547572910657		0.352602233628301	-1.2236944504448748	0.1689857811803437		-0.5895775332317552	0.0489106356040526	-0.7070699023728517	-0.403379548603844	-0.685071446923729	0.3912389308458319	-0.0586932591307987	-1.7335459650906415	-1.6720543270138204	-1.495912407445121	-2.073149274370349	-1.7798038315023128	-0.7292171303161862	-1.392050782084924
ENSMUSG00000135265.1	ENSMUSG00000135265	Gm67192	UP	0.6424963924963926	21	0	5	0	4	0	5	0	1.0527312422830082	1.2622960744484013	1.3534858427560412	1.4401785652322794	0.3051831108648863	1.1120774502788262	1.4540069754523193	1.458387477133483	0.2777208817821137	1.0705851734444836	0.6729353223287293	2.3365325225224605	0.4030720950597319	0.2491559376099628	2.1335321911523164	1.9769748936033091	1.6195052633775662	0.3720759186589674	1.5863092444867015	0.1498844892885245	0.8304895956707463	0.9755787357224888	1.498673105004006	2.187801182704264	0.8404763827565459	1.117682889328546	1.19968953370949	1.4540069754523193	1.478360158179566	1.949160473359001	2.116565346849135	0.4298146589309133	1.1199980941910463	1.8673128083055568	1.2763387766444525	2.357422167593268	2.3447689919235004	1.8175706777376937	0.2010389157883171	1.0360574957933473	2.669629347807352	1.351098526610797	1.5656764276561692		0.2777208817821137	-0.115395382779297	1.0076717128092434	0.4446329498450474	1.3732826034486818	-0.1308770568833018	0.2975301600727341	-0.0596761661761103	-0.0228637503969274	0.3363337076145317	-0.0513454398229664	0.9530030813979316	1.6394918481720069	1.1664000897568156	0.9726491124471096	1.5998382550287171	0.3825745917047176	1.0705851734444836
ENSMUSG00000133905.1	ENSMUSG00000133905	Gm40863	DOWN	0.6392496392496392	1	21	0	4	0	7	0	4	-1.164920672338077	-1.3071136121411742	-1.3690065974537187	-1.3786946465683858	-0.7145387826914515	-1.1974426626387518	-1.3922219803189662	-1.3460054403180437	-0.7492570256032953	-1.2682217839643046	-1.2263256974970191	-2.3368842599846684	-0.7356851683186069	-0.3058756213488105	-2.291250014827713	-1.1198242311078677	-1.6579247554999392	-0.775675929403977	-1.9201326464274109	-0.5274762522794131	-0.9250812661656564		-0.6111522290406249	-2.936197517465143	0.4751528404953061	-1.464069373428863	-1.2673876133686672	-1.583829919688604	-2.158844833291851	-1.7115050042843438	-0.3312063176397554	-0.7707094172962596	-1.4400753398122077	-2.2189176642827952	-2.181603694009024	-1.3443686208257248	-2.227320986997035	-2.066509817275616	-1.3371325145646946	-0.4653274617530925	0.0132789653147887	-3.0615986850603067	-1.354878366071393		-0.2991507471409381	-0.3487751002648545	0.5037330810469262	-0.9044960828465244	-1.6907081164568512	-0.0608967615258052	-0.9344653608816011	-0.7492570256032953	-1.2152299779125733	-0.7400840298341755	-1.420596488186275	-0.2860908166568154	-1.2682217839643046	-1.8626241542603543	-0.8880643478137545	-1.9240063362654831	-0.5380817418809545	-1.615009457629596
ENSMUSG00000115801.3	ENSMUSG00000115801	Gm55330	UP	0.6374458874458875	18	2	6	1	5	0	4	0	1.4118219125368017	1.037636056066407	1.478082347455459	2.396141026381055	0.6016756455801842	1.1713886307305084	1.3553662623028857	2.3091516764127324	0.4354067135919285	0.7199058498299282	1.3553662623028857	4.77799183320008	-0.3294232395809326	0.0726199372697602	1.2295848820448472	3.234150318010152	2.069986799589583	0.2819521943758785	0.9833032161290064	0.3034209887277678	0.8328806970580785	-1.518178800905238	1.7089117128567046	1.7201764430655613	2.481177874877865	-1.0710413202245	0.6940605620388991	1.5951611043848086	2.108400196778658	2.789390197404225	-0.2507288801228745	0.2470198852991717	1.4236306397680851	3.0527155166309883	0.4217604176004682	4.543675057524748	5.1502588851927165	2.3091516764127324	-0.7503825934086016	3.794240134954656	4.566176100646819	1.9022550569336032	3.25307514068127	1.6984716684469057	0.0649281072634689	1.8696660932257545	1.1864761990631854	0.4354067135919285	0.7095341362600784	0.022902276664164	0.8133765414994839	0.2741505341595416	0.3842802217145903	0.2464132023443898	0.6112980755954409	0.455532937518809	0.2984950174896582	0.7359644034114587	1.3182588174527967	0.7199058498299282	0.4930642218403253	4.178499167570583
ENSMUSG00000119959.2	ENSMUSG00000119959	Lppos	DOWN	0.6352813852813852	1	9	0	4	0	7	0	7	-0.536578405504561	-0.39987920885982475	-0.275244454463796	-0.5845953933799558	-0.35825564237956187	-0.9282181317949306	-0.2128857777762041	-0.4412297972418767	-0.3585286204777728	-1.0151269505887472	-0.5826641334445848	-0.7150688234106625	0.1591527149344847	-0.4868546691679022	-0.799065090389309	-0.1800720852609723	-0.0499485353842144	-0.0429845568825403	-0.1777759503445588	-0.1197086289264416	-0.1043366895281155	0.385047508336177	-0.5491267794659244	-0.6580093429392584	-0.0982157344037982	0.2862193176928168	-0.2644602108063139	-0.1830709970381528	-0.2733545092995046	-0.6865998025484581	0.1092667623738498	-0.2128857777762041	-0.9271215347824968	-0.4098043263628336	-0.2995111844165601	-0.1935203133996898	-0.3571268978813239	-0.4136612945950735	-0.2147638802927783	-0.4412297972418767	-0.3816489204592522	-1.0827368486691298	-0.8607541146605527	-0.6973728977410282	0.1421708402480332	-0.5411986161814195	-0.7331080228498551	-0.2382909558975772	-0.8783447895747405	0.1718396559292697	-0.5760456768762875	-0.3356888081608681	-0.5127244835756134	-0.3585286204777728	-0.0808925887583491	-1.30431685185003	-0.9375508307944188	-1.1696205228212426	-0.5076292866174316	-1.2616397206665315	-0.3016427592261113	-1.0151269505887472
ENSMUSG00000103041.3	ENSMUSG00000103041	Gm37305	UP	0.6337181337181337	19	0	4	0	6	0	5	0	0.6209884017787801	0.6295638587006933	0.7623406284683711	0.6158623933807083	0.5876983645775602	0.5180522206884806	0.705500453749372	0.7170208089205619	0.5536272636520146	0.3602477274095314	1.373055533406913	0.7568902636237689	0.1366024641073736	0.0281914160913352	1.8784442193719089	0.4631675720739741	0.3720154846212687	0.2897786917064929	0.4523732246430891	0.2682028439712566	0.4612126150741606	0.4436167385355118	0.7717328493759268	1.4487346900427005	0.9217496289391603	0.1785075374367224	0.4755555837586362	1.20357814113146	1.0578199848723604	0.705500453749372	0.8712184844286295	0.3468158634435525	1.9123267799773949	0.8684206886094324	0.6987164064771172	0.8560272810247161	1.3429415281517871	0.962150725371984	0.1567633578461046	0.8402456043872856	0.7170208089205619	0.2620255449846791	1.2829525963725934	0.0898781157817494	0.5149153764402029	0.5660147758875111	1.1203503226834768	0.0834515052749236	1.2176143359219054	0.5536272636520146	1.0360979441917355	0.6934638061682123	0.1993353192267352	0.1853934808397973	0.2944178800666465	0.0349580765562726	0.3602477274095314	0.3339724975386867	0.9913973680848378	0.5720967991673526	0.2119277904386697	1.121765285624013
ENSMUSG00000120013.2	ENSMUSG00000120013	Gm57273	UP	0.6323953823953824	15	0	5	0	6	0	5	0	0.6707703216155643	0.5846558223879303	0.7924437442447207	0.7846209654403277	0.4593779611535085	0.6466386156236996	0.6190642283656445	1.0038113983686026	0.5148262905297676	0.5502474164102161	0.7007896388661502	1.3228514703534433	0.3279937692042483	0.1205784086500963	1.89470861620314	1.267564343504869	0.8953277626110473	0.1118727759387621	0.6233491426048048	0.0890530573021133	0.5957710664781827		0.5276849918817571	1.4307450950491556	0.418419286301958	0.3789581077625	0.3298168979942415	1.549078683387451	1.3518897693638408	0.614779314126484	0.5677937214787204	0.6358623010886384	1.94927920529248	1.076496589311841	1.0292871326960598	0.4405840945359059	0.3530021083748472	1.7329032010802543	-0.6589244841113161	0.4740972678132706	1.1520270111225528	1.0166848200188845	0.9909379767183206		0.4867254262159392	-0.0977030090385812	1.2377951413564183	-0.3304828779635439	0.857799286705126	0.713490127718534	0.6966158682246918	0.2219395356624012	0.5148262905297676	0.1183692408293162	0.6337825424485236	1.0719498769794331	0.3923244159424623	0.5502474164102161	0.4128154876610958	0.7674703292574102	0.2045959630087054	1.127066820106574
ENSMUSG00000097451.13	ENSMUSG00000097451	Rian	DOWN	0.6257816257816258	0	22	0	3	0	6	0	5	-0.8236602728246382	-0.736707268249426	-1.1251860392952264	-0.7404539403726398	-0.6189510613901978	-0.8100500502404886	-1.114432650805312	-0.243587219647427	-0.6243598378252834	-0.8490546986735686	-1.4126669906746516	-1.3925785378145208	-0.3773090653141569	-0.5387535623065904	-2.683036143953627	-0.8753930438757667	-1.5671610537505123	-1.7255652593160464	0.3552590907309831	-0.0313972304958794	-0.8920017575636474		-0.4032277718165669	-1.955343120231008	-0.5783941466604007	-1.240443016973499	-0.4880564800781916	-2.1658114359385765	-1.0774458475307085	-1.3785825872783108	-1.4010243824489907	-0.6124449905588061	-2.5121892918015902	-1.4566224458298898	-1.1514194540799154	-0.789791949517216	-0.903436546597802	-2.215709122744693	-0.2305726552564143	-0.2045203537590025	-0.243587219647427	-1.8040714143218428	-0.0074982216647911	-0.4772185952143067	-1.0634129706759123	-0.9648975192370332	0.2267096265376725	-1.265504528126955	-1.3295029203168176	-0.1619052908673586	-0.9448110190232932	-0.2512114077264636	-0.6243598378252834	0.0249795692452041	-0.4545453772759357	-1.299444918327891	-0.1277247742994026	-0.4174436048154085	-1.7772931293269505	-0.9078813581012338	-0.2915078681389649	-0.8490546986735686
ENSMUSG00000117869.2	ENSMUSG00000117869	Snhg4	UP	0.6231361231361231	14	1	3	0	6	0	7	0	0.8364067696853401	0.48910909247807083	0.7592304491855605	0.8272176268007542	0.49704534278265994	1.2621336599723862	0.5141113704079568	0.4278223826626131	0.4641068145481848	0.9995644366209346	2.5280819075681458	1.2246418355688335	0.4847449147312527	-0.7703031703654535	0.837216289335018	0.1664500986620657	0.0199519762072205	-0.0688878073742792	2.094440149663874	0.1163947178666422	0.7060615174709689	1.0166283816540251	0.9900852605193844	1.4486670703081337	0.6286952896179576	2.1416719290419324	0.2279386023610034	0.217664242938157	0.16973875453056	0.3193242057159923	0.5141113704079568	-0.0841840017902847	3.167829590411506	0.4261813566524556	0.5843669811913852	0.0319325440792114	1.3597781210364648	1.0490231475572245	-0.2434693314203292	3.297503089568352	0.4278223826626131	0.4033879383577451	0.890812187554698	-0.0345560266750244	0.4641068145481848	0.4496238378741571	0.8772043482080201	0.1891370472190045	0.8721370941139094	-0.0638606225759694	0.710343533155293	0.9902515390296678	0.1969772460114572	0.6101230662660613	0.171454866759474	2.8975063146826683	0.7756050011433623	1.6547949254720846	1.4145457004651083	0.4281366869500224	0.6647825544725225	0.9995644366209346
ENSMUSG00000087221.5	ENSMUSG00000087221	Oxct1as	DOWN	0.6212121212121211	0	18	0	3	0	9	0	4	-1.0206615191445263	-1.0204573764096339	-1.2503746101882363	-0.9073149898829178	-1.0400035647960875	-0.8849529117108631	-1.1572410568869	-0.8817141167173765	-1.1320884892939882	-0.9088262635252795	-0.2065777005573038	-2.8195139215868963	-0.9028006723278064	-0.592724852207679	-2.093161577381586	-0.4754030230344093	-1.7341536497424936	-1.1213140294976236	-1.6372489996554602	-0.5488349550149961	-1.1931680842761767		-0.5523396882549353	-1.6652247357315415	-0.9424247075862368	-1.3798587473938473	-1.4296196050723189	-1.956964511865375		-1.82303252560684		-0.4708465863965187	-0.9354485521797012	-1.6221330961707705	-2.8069146284199	-0.7272420304958233	-0.3720397640614284	-0.7331702109010941	-0.4784949555936963	-1.0302580225336588	-1.2828521346109258	-1.2333855575937736	-0.6857290580643581		-1.1320884892939882	0.0539567765751639	-0.8370686556925773	-0.9914408143544596	-2.032980341387413	0.3656517696401496	-1.5273131356863634	-1.3416716770290302	-1.1505383506775857	-0.8975563623841477	-1.9489899324667088	0.0610247416169085	-1.1544088414661595	-1.1655463337841951	-0.6632436855843996	-1.818192704861056		-0.5693506461862781
ENSMUSG00000097316.4	ENSMUSG00000097316	Gm10516	DOWN	0.621091871091871	0	25	0	4	0	3	0	5	-0.7744810065302474	-0.8455791012872347	-1.154382025592294	-0.8762129203071104	-0.19349424134538415	-0.8738348388762012	-1.0391565159652136	-0.8601259861184065	-0.1521705072762138	-0.8310322164560627	-1.016118084681107	-3.1887713140924507	-0.7237646238263435	-0.6599862119415731	-1.5674359926419617	-1.0350191048835105	-1.9876949516498184	-1.03552669494285	-1.0731750816234913	-0.3785365676851636	-0.6681336145496021	-1.1227677619408531	-0.8840733324209167	-1.159851572313267	-0.53562510898351	-0.9596997972720164	-0.9338699454668083	-1.1681861700249956	-1.859588362977324	-1.9343746109556508	-1.737815559520998	-0.0404741599075184	-1.207255553345069	-1.2194007691811564	-0.878471887146498	-1.0391565159652136	-1.1535413410522728	-0.8601259861184065	0.0212801596811268	-0.769274786304322	-1.175780749643755	-1.6283423376773425	-0.9827851880990331	-0.7384615539880403	0.0643300545081654	-0.3399970749317059	-0.7608360078627406	0.1319667612959875	-0.3756297127186149	0.1460178418029719	-0.234146598653598	0.0640265892433332	-0.1157987181092138	-0.1521705072762138	-0.5561992820975967	-1.5870030867081997	-0.5982091248843612	-0.9577609958411236	-1.2671645462127292	-0.3441786203025154	-0.8310322164560627	-0.5314952817284166
ENSMUSG00000071456.9	ENSMUSG00000071456	1110002L01Rik	DOWN	0.6202501202501203	0	20	1	4	1	5	0	5	-0.36637860866846794	-0.48098889192166006	-0.6234504214214257	-0.47998276263603323	-0.1074993645656129	-0.2545818860507999	-0.617557852083264	-0.6297483588048332	-0.1036392415745081	-0.3444199317600562	-0.8973859920958592	-1.1916420907272878	0.1129789681301767	-0.1582496890589617	-1.6406123353006643	-0.4989583719177589	-0.6659612031279301	-0.2255348859982492	-0.7398637873754939	-0.2829270106891525	-0.0730079247487243	-0.4133691661518145	-0.3370476597250754	-1.370794331250643	-0.2959496380428952	-0.4143863582340818	-0.1705310667290848	-0.617557852083264	-0.224154985843849	-0.95210139665419	-0.7431531825478938	-0.0871419088731549	-1.4530410329975454	-0.9047407442775778	-0.6941546012351623	-0.84486613674464	-1.0490069940777167	-0.6839151091405175	0.4493316158360579	-0.8279985930317346	-0.2969933327344999	-0.8111122837741868	-0.6297483588048332	-0.5594432768025184	0.063982126247535	-0.7925922974956859	0.4821220887883583	-0.2757882850053265	-0.5528710064505558	0.0362378641368862	-0.1036392415745081	-0.2961258596131075	0.2282505453230662	-0.1856127771844155	0.2135438326060116	0.2998871587112179	-0.3260535903710188	-0.4783478450385414	0.086164907901543	-0.5957054709424432	-0.3444199317600562	-0.4235984308563009
ENSMUSG00000089797.3	ENSMUSG00000089797	Gm16118	DOWN	0.6198893698893699	0	14	0	3	0	9	0	5	-0.6907149233123451	-0.6777747164426504	-0.697311729525419	-0.6724261255477587	-0.8516769878066319	-0.5414448503695707	-0.6787875315543489	-0.3556156776103798	-0.6767619013309519	-0.7766938221734891	-0.7918242557897713	-0.9907846395091724	-0.5750023134631725	-0.4642952019366377	-0.8137368390379387		-0.4221712372492545	-0.1599702007953624	-1.279904093805798	-0.469266538035507	-1.018698869940499		-1.380515080150824	-1.2426254036096167		-0.7711467252251722	-0.6988823947537097	-0.8813540977437523	0.3504308255162759	-0.6787875315543489	-0.6731323496797949		-2.0249914537470146	-0.6600825594309618	-0.2410664005438326	-0.5580297320044467	0.4076673134056758	-0.3552405191703475	-0.224222477865087	-0.3559908360504122		-1.508909742946536	-0.0107264072824979	-1.5794667699716718	-0.5211234004981509	-0.7880132162430159	-1.4781641272794523	-0.3313790038009583	-1.2931688111061663	-0.2768472768799327	-1.595822598854766	-0.6767619013309519	-1.2323676177500524	-0.6035195856494946	-0.5712793264800103	-0.7766938221734891	-0.6473389835989913	-0.8898733088376215	0.0758887188444424	-0.8094074368140096	-0.8768093583695045	0.1341202383621786
ENSMUSG00000117399.3	ENSMUSG00000117399	Gm19689	DOWN	0.6184463684463684	0	17	0	4	3	3	0	7	-0.8846707475986542	-0.7780783613387627	-0.7737566812610495	-1.1659730689358925	-0.07717160472407368	-1.5217816354736011	-0.6579598746966269	-0.8981968479808986	0.040701727745217145	-1.5217497774882467	-0.5321308040139935	-0.4573469891192501	-1.1213452733033638	-0.5776140517159494	-1.7299340060128552	0.2064602015299427	-0.4220902644654298	-0.633445997749212	-0.8100292779368241	-0.0937777544154238	-0.7334598058137305		-0.6824737516440419	-1.1929529291613508	-0.2502944356819633	-0.4192031706031415	-0.8906905883508676	-0.5010812798001982	-0.8739358386504594	-1.242697803240426	-1.1949515293185224	0.1928463005274609	-1.749495213875984	-0.5331604364038993	-1.5850132683993536	-1.6679021154738776	-0.6219536296945704	-0.4950714685573359	-0.4970769458090632	-0.9655682340819012	-2.4771631251092217	-1.7301331781779372	-0.8308254618798959		0.8244821558108109	-1.2461411693788935		-0.59165249775041	-1.028109659892727	0.1638071107037108	0.1467510543436712	-0.2237636392565762	0.5276402826690141	-0.0653475988532369	0.7206179143638999	-1.75080314231901	-1.6003137616403014	-1.5100173682668696	-1.2396324290159564	-1.5217497774882467	-1.121198238357129	-1.9087567312276936
ENSMUSG00000085438.4	ENSMUSG00000085438	Oip5os1	DOWN	0.6160413660413661	1	22	1	3	1	4	0	6	-0.7165648231952824	-0.8974865850370094	-0.8880757057963569	-0.7344058235440895	-0.15199774374569797	-1.091780019694985	-0.852746840426006	-0.9422263296480128	-0.1114039562759143	-1.1023559281817104	-0.5785380471954954	-2.2087271225897864	-0.772156840304073	-0.2996157522566621	-1.7674099850670388	-0.852746840426006	-1.288271415051888	-0.3371685197183622	-1.5508135373091256	0.0445234985095119	-0.3006060201906353	0.8338105054937358	-0.9314613906885596	-1.878762195124299	-0.2608444332086975	-0.513147419277717	-0.3057992951650573	-1.1179156271548305	-0.846909820356582	-1.6661680953404596	-1.180850679840295	-0.2503097211883239	-1.7152221164979424	-1.6538359608142408	-0.8991266779499517	-0.7137581810503183	-0.9662123667385306	-1.178676156462917	0.1458151854604631	-0.1879630371124569	-0.4453239312917156	-1.5430462455204808	-0.989420250233506	-0.9422263296480128	-0.3694570716954508	-1.1726293931433622	1.1978789892659956	-0.0457235672113117	-0.8324260105008499	0.0316039171060699	-0.1413071955811781	-0.0317786570912243	-0.0580666227892173	-0.1114039562759143	-0.1386656132862347	-0.7906366394063016	-0.9518844617820796	-1.3987942058156182	-1.2892517325939998	-1.1023559281817104	-0.4506793758932521	-1.6588577941919325
ENSMUSG00000049349.5	ENSMUSG00000049349	Gm5105	DOWN	0.6147186147186148	0	18	0	4	1	4	0	6	-0.9480953102446326	-1.0051443133649958	-1.0523708910755003	-1.0201186155735635	-0.5901690021069648	-1.1297227322225012	-0.8938298220815479	-1.2405761603544632	-0.5486628060762676	-1.1164588046484436	-1.107778622136488	-1.369753734020814	-0.470489365230376	-0.338266988735976	-2.2987953421276988	-0.935925987266142	-0.851733656896954	-0.4308438829600353	-0.6229218412088215	-0.0772120080468997	-0.5730624663436734		-0.2273820703665922	-1.9893944987217516	-0.2434287860057026	-0.6140860147100947	-0.5864776766824857	-1.0221953119365124	-1.186882967238013	-1.2560299569254945	-0.5291143686322307	-0.3136287708980677	-2.6854121780630376	-2.0571528121504508	-1.1377836406392998	-1.93376946162189	-2.5021207583975107	-1.2286116177081845	-0.5012178297417765	-1.7717716217720216	0.3162550540161714	-1.2525407030007418	-1.6828249752348277		-0.9893692573959678	-1.2886432986074423			-1.3951793775588714	-0.2789065580895831	-0.4937750494110954	-0.5486628060762676	-0.6099330020848192	0.0007953942321398066	0.2921529360292247	-0.8955105097689733	-1.1603281088008166	-1.327392887785101	-1.1164588046484436	-1.1070433624365044	-0.3942576766927818	-1.9070677754248884
ENSMUSG00000123536.1	ENSMUSG00000123536	Gm35378	DOWN	0.6123136123136124	0	23	0	3	2	5	0	5	-2.0636631328812816	-1.497738617679371	-2.0531406971114334	-1.5212831218021086	-0.3631660154798038	-4.317062697131781	-1.8881360464329116	-1.1073411889258304	-0.4024319347309305	-5.106612420704378	-1.8805545426116923	-6.1283736681789645	-1.862831340601106	-1.2117804253052322	-3.2703101466237388	-2.2533401913742366	-2.499424382142687	-0.4852421221894863	-2.5037864979747244	-0.2070879245910601	-1.5514354451402308		-1.3032590435002098	-3.303364708795922	-0.5856181935727888	-0.7089671877586189	-1.3522594643091057	-1.2072199649262456	-1.9867618269331992	-3.4613723646303214	-2.167282328448699	-0.0956286404011176	-2.884718687695156	-4.594781574580889	-1.895717550254131	-1.681763520329833	-2.298776382027873	-1.2155512595069575	-0.8425509091016256	-0.066706972180049		-4.639612189096316	-1.3641462825830002	-0.9991311183447033	0.7646004551308925	-1.910961939824836	-0.8862942040381	-0.4769942316434744	-2.004663523985703	0.0389542287130877	-0.1187446977236904	-0.4024319347309305	0.0317364672596856	-0.986618660402438	1.9565918709676635	-3.3999819664923265	-5.576239185874435	-4.63698565553432		-5.981212253729204	-0.6137560531522542	-5.694201068008142
ENSMUSG00000117992.2	ENSMUSG00000117992	Gm41760	DOWN	0.610990860990861	0	19	0	3	0	5	0	6	-0.7893374280700539	-0.6495099725586371	-0.9401639265717427	-0.7459813803470384	-0.3652239930011316	-1.1059804123603025	-0.8533867960887647	-0.4322336096180692	-0.4456331490285095	-1.297599221342129	-0.4699183011844978	-2.0963812416831686	-0.363765942407303	-0.2960792542989671	-1.368763473735448	-0.8687444483592529	-1.2326500452764348	-0.3042373702360636	-1.91367686115488	-0.1917420813100003	-0.0988730424069322		-0.7483641396534494	-1.994516197142767	-0.3027026072150078	-0.7814499241968029	-0.1027728895613327	-0.8380291438182763	-0.7167718142143384	-1.6822241149423087	-0.9259608788635472	0.0227924032452997	-1.7330034563073742	-1.8165026343198272	-1.345333633266957	-0.9313300638773953	-1.3432609346782778	-0.880833118632111	-0.3724414588174878	-0.4169745400366092	-0.4474926791995292	-2.0503655227824544	-0.3077809626140396		-0.4456331490285095	-0.6592974217507893	0.0390017745040553	-0.6800798579047173	-0.8498938121237546	0.1654197211634072	-0.2373834473996347	-0.1509787122326263	-0.503100946294907	-0.1065059123891407	-0.5890121595558306	-0.7371303385391119	-1.297599221342129	-1.456159650968927	-0.9047049139355158	-1.6565122003561632	-0.1542738631950176	-1.5354826981852532
ENSMUSG00000086610.4	ENSMUSG00000086610	Gm15408	DOWN	0.6105098605098604	0	20	1	3	2	3	0	7	-0.7706585790280821	-0.8246159477405728	-0.7661298772187822	-0.98466362530431	-0.10193746773703773	-1.2299033458521984	-0.6945568049068047	-0.9546750905743409	-0.1328320789914571	-1.3440320301444062	-0.7882602067264852	-1.2342495536669649	-0.4496361533329246	-0.7549271931740472	-1.5806083672593187	-0.2138900510644853	-1.10200564835182	-0.7137224780767003	-0.9572017053112998	-0.2456316392298442	-0.4203884566370472		-0.9499865360348436	-1.3510990307971953	-0.1518173416086253	-0.2202278339435625	-0.4770301441458251	-0.6409348438182119	-0.4435405394682174	-1.7632141505400705	-0.5571416617438526	-0.0061698380996682	-1.5430815933506952	-0.6753911317369091	-0.9746897691513134	-1.082345921446016	-0.6221850189723928	-0.6283661248763612	0.3844916511522055	-0.9331236593070604		-1.8833665378665616	-1.8713905590864608	-0.9762265218416212	0.283832169359205	-0.8316993308423765	0.5828775902290397	-0.4049884904526972	-0.7250495738394349	0.264130787124388	-0.1328320789914571	-0.2297500497042594	0.2744505023433118	-0.2800202634333916	0.077736593100257	-0.8636496684970633	-1.6197081368091468	-1.3440320301444062	-1.6262406073613949	-1.3694461025385376	-0.6593732112347443	-1.1268736643800954
ENSMUSG00000123493.1	ENSMUSG00000123493	Gm71768	DOWN	0.6105098605098604	0	20	0	3	3	3	0	7	-1.5067198124104144	-1.4318682993449035	-1.6694668550453575	-1.7370250176025714	0.0478779271082092	-2.6682653041019373	-1.5032506438207136	-1.3604859548690933	-0.0129550624794001	-2.860596477142856	-2.721965667037342	-3.0547503943815	-0.5949971270053017	-0.991941205179822	-3.264186776484603	-1.4732060362600832	-2.8060902155788723	-0.0380747438462503	-1.711534241669577	-0.0011277032066254	-0.9693351655164372		-1.9575782132847404	-2.2677307952760803	-1.2119638423748182	-0.358018745202841	-0.9324411860326214	-1.4613957914880429	-1.5332952513813438	-3.464724621383278	-0.7178908399112557	-0.1758997312544126	-3.3233432492123627	-1.8238456129629568	-1.2733522825886416	-2.4422475995909267	-2.8352011930685608	-1.3604859548690933	-0.8478660213439704	-1.826002058591151		-3.760641188202186		-0.8901298650064553	1.1534486101026522	-1.2909014030117396	-0.3067928354642222	-1.870958426617964	-1.163028059984395	0.0092194090607061	0.1170488134798314	-0.0770583239728491	2.3105743207709444	-0.0129550624794001	1.6580601563067372	-3.130277834476756	-2.860596477142856	-2.769380776401198	-2.340551957827209	-2.871518928354677	-0.6590055302626388	-4.046525624248228
ENSMUSG00000099137.2	ENSMUSG00000099137	Gm10603	UP	0.6101491101491101	14	1	5	0	7	0	4	0	1.2816534775666852	0.7856828432236028	0.8578734455547223	2.715370974139035	1.0321287916452788	0.521240698927706	0.769218260321672	2.6010706300614674	0.8021474261255337	0.4940349684075366	2.64928751574741	1.769633697605843	-0.5818936274705749	0.3578056097356393	2.0491688989157204	1.37599318169725	0.71314802394613	0.9709451919280128	-1.0255955049740066	0.3764307136651678	1.0659613747929677		0.3960207802450703	2.8078655171067983	1.0494650191268853	-0.3157780264379928	0.3959972849491042	3.026700980090818	2.3769100754584738	0.8252884966972139	-0.3341099940555859	-0.8708560680017299	1.429979242666196	0.0802115697987848	1.7008619971227457	0.2944242706934507	-0.2791566366270128	4.737942344459253	-0.0746008738850759	2.8193435313867417	1.479450868609727	2.5352864446665926	4.909103873674538	2.6010706300614674	0.6666744516119901	-0.0908156940477063		1.9998640554146747	0.8021474261255337		2.2207041871793733	1.64536163081332	1.6508923846937025	-0.2416738329638582	0.6360045159804787	0.98538568962812	-0.0699984302985598	0.9354451462821628	0.4940349684075366	0.1445231783546617	-0.0310567374203472	1.190351077540368
ENSMUSG00000139751.1	ENSMUSG00000139751	Gm34317	UP	0.6054593554593555	17	0	5	0	4	0	5	0	4.033841964460276	3.8810748002391318	4.538044630437335	4.799692926033316	2.706318916290028	4.0913113850804255	4.448264602225651	5.60354805799976	2.3689409653842066	3.3138849982526133	3.850282936776945	6.478022416789791	1.0592482255264404	3.227045675569646	8.08298021211256				5.435597479731639	0.60583677691195	1.844272382961388		6.87752399522105	7.9082118908210335		2.6533181405797097	0.9266557278783648		3.621474575465145	7.673888761709949	4.167005852006129		5.900756154706749	5.368398436954661	4.729523352445173	3.5202334383125566	6.830616176265835		-0.5290572645353145	4.537509203680402	5.519026023379853	6.788939631652029	6.793669869403259	5.688070092619666		2.214699709479319		0.496583064156242	4.968808026584931		3.482562815845443	2.3689409653842066					3.3138849982526133	2.8502263002073263	6.157378992993588	3.2616438948992568		4.873422739049345
ENSMUSG00000110156.5	ENSMUSG00000110156	Gm42067	DOWN	0.6054593554593555	0	17	1	4	0	4	0	6	-0.7676340263777699	-0.7029414314802207	-1.0335634261376359	-1.022224561258927	-0.38208193117209766	-0.6326661869424194	-0.7612862760012619	-1.045932230950389	-0.42540971698630314	-0.6445965869591795	-2.0544242834178235	-2.7776998913244086	-0.1805228053670692	-1.2849608036605802	-2.658916418439205	-0.8243595930050581	-1.7420976592595352	-0.2901757363214977	-0.7436269996800793	-0.354319581530243	-0.4644568637192066	0.2677866132322956	-0.6469855800176345	-2.059950651567401	-0.2046928894722433	-0.5977019091193738	-0.5743801291267058	-1.3197045572302433	-0.7612862760012619	-1.8698244691106292	-0.9209063049777804	-0.3310143170755039	-2.002700371430999	-0.2882539834000102	-0.7060385440192206	-1.2541319620107	-1.2608665386640472	-1.0271957288020972	0.2802712073590236	-1.045932230950389	-1.3324884492963072	-2.275909235991386	-1.201796459736832	-0.5525210313945016	-0.5261507151357371	0.0040491325554057		-0.23208835888642	-0.6518217215045621	-0.6082855165468047	-0.401340356951678	-0.3185226845791122	-0.64262148521499	0.0054414715638499	-0.4494790770209282	-0.8852413038321468	-0.710741410898491	-0.6445965869591795	-0.4941164792411731	-1.2039517037397522	-0.5292274404300955	0.039211616503902
ENSMUSG00000087249.4	ENSMUSG00000087249	Gm16062	DOWN	0.6050986050986051	4	11	1	3	0	8	0	6	-0.7897397209595459	-0.649579236229388	-0.36504912959681773	-0.48867574919266243	-0.8458683792176448	-1.4593656258310586	-0.3431419752017287	-0.523122379801036	-0.7760360926577399	-1.3798440176266298	-2.182748635452945	0.0285622561328743	-0.2741525176300556	-0.7897501194001141	-1.5647971383629098	-0.2775375989691908	-0.1212099967482153	-0.4142820084525289	0.6715954412422375	-0.6081400238357944	-0.3431419752017287	-0.0156531149606935	-0.6133421490153338	-0.7902893502298108	-0.5060892330393081	-0.4633276813049988	0.4901395345152469	-0.676375114292624	0.7540941064195928	0.0190197293637178	-0.5953990498060977	0.3997551490323053	-2.861130408040484	0.1204551215606205	-0.7104938676442067	0.6226244357607393	0.8452877092456268	-0.6185687247440506	0.404062060967826	-0.801560310844647	-0.137658508300503	-0.523122379801036	-1.6977172985168272	-0.0461650831093996	-1.8912168596576144	-0.7760360926577399	-0.929697852172691	-0.6099837096311883	-1.2926794587670591	-0.3630040337918246	-1.417499183046513	-0.6640094728445151	-0.7851653691905411	-0.5275570881950182	-0.0477030514393875	-2.0150859248638477	-1.1888448261434943	-1.8988426448072535	-1.7745303953567773	-1.3798440176266298	-0.6940829016523992	-1.2643286703670085
ENSMUSG00000121015.1	ENSMUSG00000121015	Gm56721	DOWN	0.5986050986050986	2	11	0	5	3	3	0	7	-1.317895924118225	-0.7730456289017171	-0.40031259217169446	-1.463750063913208	-0.018011307879571736	-3.389509732508426	-0.3631622696361318	-1.1829289881673024	0.156242123762769	-3.6228838096012006	-1.3476070137387186	-0.5224856718268481	0.0118004037098058	0.5267010605950587	-2.6900858606328724	-0.626029759665146	0.6519871975499199	-1.0229620173638294	-0.5083188970183579	-0.7018255158257475	-0.1134378128713606		-0.1452991420668075	-0.957397074498147	-0.3119254133239326	-0.8514079847915962	-0.414399125948331	-0.6413700395764443	0.2756987523285064	-0.0687060522861119	0.0653985783234182	0.0818639780489143	-1.726068356922468	-0.2482189474437638	-0.4533789763431959	0.5154440843986174	0.8139022107253815	-1.1829289881673024	-0.4841741152935958	-0.1891660129133761	-1.2123747410393355	-0.7352849116599603	-4.395295888984016	-2.04702578933487	0.6242268487897777	-2.7739672114890137	-0.7148419360675698	1.7441418483507616	-1.0829188257104927	-0.1890391149818773	0.2112045378248062	0.6892014019468631	-0.6252212835078159	0.156242123762769	1.7628472244065028	-3.09923815713198	-4.303559140450058	-2.287696217296748	-3.6228838096012006	-4.565024399249769	-2.076528862493566	-3.771637541335662
ENSMUSG00000130119.1	ENSMUSG00000130119	Gm74436	UP	0.5962000962000962	16	3	6	1	4	0	4	0	0.7273656992649525	0.8513903110816115	0.9460786758898618	0.9680445757034535	0.3217587897163758	0.6735807557501193	1.143650806475063	0.9840983312918096	0.2921307963185158	0.7186822908714134	0.4949543520391914	0.0537797175389833	0.6104368466787236	-0.3885430837387564	1.8177768110499533	1.8437598189928632	2.1663113806270964	-0.1351699291857944	1.6320502900896978	1.1776443985707925	-1.071484905432754	1.4532824500448802	0.9874764944711448	2.169339183392836	1.729379016423437	0.4796684122513751	0.8046308033624057	0.6531197013192427	-1.1536965288122127	1.8112118387145624	1.296910904643479	-0.17670274946379	1.5375523477265691	0.5212189444285568	1.143650806475063	2.2850290372480297	1.8005378895706936	1.4781481462162318	-0.5393499167511584	0.902944060321134	1.7022577699695882	1.4211516813525555	0.9840983312918096	0.8270619575240135	0.2921307963185158	0.624505573683249	0.5357898189009986	0.6020029368949846	0.8225220640136728	-0.0730139260259764	0.2594110813973222	0.3585862461955332	-0.0450908531513642	0.2843088846116385	-0.1218059359584405		1.2548435738058672	0.5899397477337199	-0.2557656880621097	1.3635744178268183	0.8474248340091071	0.2414676491873137
ENSMUSG00000124268.1	ENSMUSG00000124268	Gm35607	UP	0.5882635882635883	19	0	3	0	4	1	6	0	1.2671524975534962	1.2741590828850644	1.431564369253355	1.7590356538546572	0.46169395886049713	1.4163160082454753	1.5276665232672482	1.2490343165339743	-0.0055273714315443	1.2992838492361545	1.1715441578935817	3.169033669472722	0.3690871451545036	0.7558318105911844	2.7509839317732165	2.349367154532896	1.9810178233567668	0.477067725542507	1.6413077712400617	-0.1163980224375194	0.1416372086734274		1.4248471817674948	2.2239197119163667	1.0412566463482225	0.5381554068821313	0.1420039513390939	1.5276665232672482	1.2543120066264384	2.6111135867409394	2.062332530489974		2.1250460857286413	1.9940834224413253	1.8442307212610132	0.7678116912892238	1.5418493894424208	3.7267608652828152	0.1619397793560406	-0.1698023298252313	1.2490343165339743	3.8272456379256887			-0.0325028296634646	2.33299770897999			1.5886253594742086	-1.1277734041817384	-0.3614907402457848	0.3634254448749947	-0.010315622995486	1.4078070849332986	-0.0055273714315443	1.2028618299571456	0.928183449537826	2.3833302741767115	1.2992838492361545	2.020793294445321	0.1876988923433889	1.89206046802178
ENSMUSG00000111080.2	ENSMUSG00000111080	Gm20300	DOWN	0.5882635882635883	1	19	0	5	1	4	0	4	-0.28790822291432433	-0.4497141271439806	-0.4316787122538738	-0.4497954929074216	-0.018130332100150526	-0.2520283543958514	-0.4836434049044187	-0.4542343377961212	-0.0999038646001966	-0.44519391649184	-0.6345780859923728	-1.5291032336425394	0.0067929498561391	-0.4353338774946273	-0.7181012739139254	-0.4836434049044187	-0.5306552614299089	0.0232858154991536	-0.694823746298139	0.3992329029168358	-0.1389715111859149	0.6730357545043956	-0.4256959335561688	-0.5889615831124512	-0.3246437248116139	-0.1233884248990773	0.1687065699308875	-0.2656744097224098	-0.6945619567757145	-0.8866170729576001	-0.606384488416852	-0.3149267796541896	-0.7229747464965568	-0.87992012679188	-0.3362988762385882	-0.6556791523507247	-0.9354415529163306	-0.4801608284261796	-0.0861727595414869	-0.3522784844601184	-0.6247780743618621	-0.4542343377961212	-0.3574051230372288	-0.7935388427289543	-0.134593074297855	-0.3529378890455389	1.146032748894162	-0.1453744225177187	-0.379389314936553	-0.0006352375635889063	0.0878019955469285	-0.038892115384268	-0.2222739451889082	-0.0592685340081189	-0.0999038646001966	0.1847163248552787	-0.44519391649184	-0.5707787371894008	-0.0382891821402916	-0.486677338216879	0.206603965654111	-0.6145795972419383
ENSMUSG00000097413.4	ENSMUSG00000097413	A830052D11Rik	DOWN	0.5845358345358345	1	20	0	4	2	5	0	4	-0.5929007539405042	-0.6275789945018373	-0.7381453860989965	-0.9803855898127896	-0.2721689034211316	-0.38090313642909923	-0.8148605516568975	-0.9960503011583948	-0.3082840607825677	-0.4402974373467772	-0.8436491217380003	-0.1595563741564535	-0.1592623646445962	-0.6898059742122113	-1.2168185294946186	-0.9386045921282732	-1.0126288531218122	-0.3815352059834529	-1.6874973028698397	-0.3119199224010737	-0.3220880632679816	0.6194734540931357	-0.5916545584739373	-1.7242196408488863	-0.3525894821450656	-0.6020412191507688	-0.8148605516568975	-1.0029632978266891	-0.9868441009152592	-0.8755803369755197	-1.2354829046197706	-0.2172304604347263	-1.2906329050959204	-0.8809222868440421	-1.1377592572155133	-0.3771296799253569	-0.7361218926193733	-1.2289306078949735	-0.3134300312802315	-0.5877356298792944	-0.4035635139189591	-2.21470564586016	-1.1182833986975134	-0.9960503011583948	0.316700484689365	-0.6798541179845629	-0.9164397234973912	-0.0733379658666937	-1.2596133235209108	-0.3082840607825677	-0.1676100766394337	-0.3627176698931988	0.4896624180091081	-0.5209014173838201	0.4885375152376581	0.2933947622922215	-0.9207035706739908	-0.4402974373467772	0.2824121749343733	-0.0704609954602033	-0.7437097885655009	-1.0669571001838172
ENSMUSG00000006462.9	ENSMUSG00000006462	A530013C23Rik	UP	0.5841750841750841	14	1	3	1	9	0	4	0	0.4994940363019367	0.4846454054620517	0.49986940009231495	0.554246947768507	0.4991470976629136	0.4447126996840113	0.42315791947607323	0.3638035360209232	0.5866569191854552	0.5461328914480302	0.8188836621241606	-0.1882518534721565	0.2677492126272595	0.159709092267044	1.5049029070661777	0.2505806349164018	0.4424732499458078	0.4038425890063387	0.0588842506342686	0.8056127234881765	0.946678667156511		0.0947089190074529	1.5056531669062352	0.3268203109849888	0.9687134650933554	0.3738654833940665	1.3780323649398525	-0.0382441147250328	0.0618044792383666	0.5351925721704834	0.7456645203412127	1.0734521333558775	-0.3775855529926808	-0.0617318916030895	0.4825464191150707	0.4566469914140393	0.6274295877078855	-0.544405271919521	0.3638035360209232	2.442652829735448	-0.3092693752528191	1.689563975786315	-0.3900466476986826	0.8048543828134033	0.6532637493991725	0.6528372255060211	0.5866569191854552	0.2789883840321502	-0.3324940691307325	0.8395816517561351	0.4641651929416451	0.7921311292658333	0.2014196058845651	0.5492139026384015	1.2086761819892644	0.1623494627414425	0.659280197966982	-0.244095577899185	0.1962296375433697	0.5461328914480302	0.5844161039981756
ENSMUSG00000120551.2	ENSMUSG00000120551	Gm56648	DOWN	0.5827320827320827	0	17	1	4	0	3	0	6	-0.57139197403532	-0.5903578858719396	-0.512387224503843	-0.5997007071758377	-0.10904445442606216	-1.0644355100355372	-0.4547988494082236	-0.7259169223356555	-0.0160451553172247	-1.282245239164571	-0.1043473527781576	-0.5301180065964068	-0.001049351519461	-0.459475181485578	-0.4415706391585538	-0.4501225173308693	-1.363727636584856	-0.3536737683987598	-0.9213022224241926	-0.2503609198342967	0.0335830004251073		-1.3957540700304707	-0.097903755536624	-0.7017743159021841	-0.1217922241325309	-0.423080073581706	-0.6360262554960252	-1.0187650605339569	-1.3473100347501266	-0.5714891807984517	-0.3119371795155112	0.4412796360216868	-0.1227503826308528	-0.7896504663206102	-0.6259170613381169	-0.7570328168684155	-0.5802529236887455	-0.30731015399721	-1.1149785809130777	1.0874737994955208	-1.6999543889048576	-0.7259169223356555	-0.856965779886838	-0.1713861870306488	0.028148867423529	0.1321358650647111	-0.0160451553172247	-0.6343405340586964	-0.252117887209896	-0.4132792861554464	0.0930296331621908	0.1244829138346784	-0.189943731562792	0.0998265031629116	-1.1116532934183918	-1.282245239164571	-1.4842078318038785	-1.3808931975258296	-0.4818237477251613	0.0309895879375203	-1.7412148485484469
ENSMUSG00000053263.5	ENSMUSG00000053263	Gm12592	UP	0.5803270803270804	22	1	4	0	4	1	4	0	1.2353829532109917	1.3274573073450768	1.6556588007473962	2.2211958323618832	0.2653747129226226	0.7993024668120646	1.7666051715058817	2.534266682327331	0.6719411378273523	0.888309443184272	1.7748140752918486	2.5572131143991026	-0.6102532739450719	1.2789140777797603	3.5851886730960665	1.7827490645940134	2.544500965326141		2.037752608244795	0.6295586873719017	0.7357115882332063		2.222367709780789	3.703851303877238	-0.4131910431639751	1.1819006959360128	0.6224365676673892	2.598419914389453	1.7583962677199148	2.6919931880197967	1.1715839737384115		2.40892468326879	1.3671781258329028	0.8784798111781225	1.3872699979507672	1.840050441350129	3.062533469556363	0.2548063901481601	2.3920863286683685	0.6502952982926232	2.676447035986294	4.291006471519491		0.8813150669227002	-2.084667367403213		0.0891528219930534	1.199371585420798		1.1095953405714825	0.6719411378273523	0.7300288980235153	0.045601862264707	-0.2539669293167921	1.4238243090843563	0.4428625788398206	0.9796758218391748	0.1629711859766342	0.796943064529369		0.9895378406030332
ENSMUSG00000030664.5	ENSMUSG00000030664	Sox6os	DOWN	0.5776815776815777	0	14	0	4	1	4	0	6	-1.2145617269775921	-0.7688360881242722	-0.6509213086477752	-0.8741863564768507	-0.543634878108008	-2.7895043646777347	-0.7224864682482071	-0.8151857080003373	-0.4008922815436194	-3.327656180998594	-0.9800651077668684	-1.3076908825699294	-0.7224864682482071	-1.109506576025178	-1.0643379835229891	-0.7611453702089341	-0.5296259267400073	-0.4106404450308504	-0.7527257597648638	-0.5979011835253673	-0.4388047433400615		-0.4032139336757881	-0.9581270584533972	-0.0089101898636135	-0.082479073983462		0.0272050519731523	-0.2676251655744322	-1.2345386965410865	-0.8139620345343415	0.269103108789153	-1.2822230125823348	-0.748396160722864	-1.3181894451946827	-0.3037656703381503	-0.4729799887492734	-0.8151857080003373	-0.1179898707960849	-0.4894959465898391	-1.5899833343374203	-2.052203597378933	-0.0179644773526404	-1.0364815608827007	-0.4008922815436194	-1.4982016941733491	-1.0040462404183488	-0.5295965138208202	-2.1316299370088	-0.0972006794175986	-0.9425453032118322	0.0943040099353642	0.2663950518416913	-0.3657331436818568	0.6291630723110814	-2.065365814767466	-3.8559699503875287	-3.4777529569575534		-3.3361820590403544	-0.6826251039566721	-3.319130302956834
ENSMUSG00000100417.5	ENSMUSG00000100417	Gm28578	DOWN	0.5715488215488216	0	20	0	3	0	6	0	4	-1.3085601193193916	-1.4004956248431246	-1.5563868074730303	-1.481547916271809	-0.6413080666550556	-1.554997686877672	-1.197553733281374	-1.6477335363115575	-0.4975183421916443	-1.6034375164048755	-2.061376600185991	-3.743636250516427	-0.7291297465918943	-0.8184539914073116	-2.608337379134645	-1.14605575418135	-3.406021763736101	-0.4373901435777261	-0.7107431857145909	-0.4259903806126096	-1.1871428436596652		-1.2079646229030825	-1.4853899941119626	-0.7765485919558311	-0.0786958922489123	-1.1181315925125117	-1.307018158109472	-1.9947168063339311	-4.198998990423879	-0.905953282840226	-0.1264627654032259	-2.3464987256620806	-2.132354174173995	-0.9302211258144228	-1.2163660957485318	-3.366458136738411	-0.7960911398303574	-0.1822336176799718	-1.6477335363115575		-2.472787798875304	-2.3088934886618544		-0.38493411902296	-1.9445379865242365		-0.4580559901039313	-0.9403196634028248	0.2575112035440764	-0.6427636113382161	-0.6727294835172248		-0.4884246073385385	-0.4975183421916443		-0.8922585887146481		-2.049387764373429	-1.6034375164048755	-0.4773895568796661	-2.7525150080157417
ENSMUSG00000134447.1	ENSMUSG00000134447	Gm61014	UP	0.5697450697450698	17	0	4	0	4	0	5	0	1.4952023645673416	1.2150145417629257	1.51811403744843	2.8181565673092805	0.5259969430943101	1.1185419104173457	1.4088370968263204	2.809783056754144	0.5508407222159948	1.021191986699531	1.6340774222353287	3.155109710952797	-0.8623768291329652		1.5016301469667672	2.1699711976105664	2.1945140594243044	0.8558458125687195	2.5633781032049905	0.7326715271413857	1.0545473552279143	0.4510624204529482	1.3902011193386143	2.2526858771854705	1.9473884488094635	-1.279753276665047	0.8556209948294907	1.6236167840238909	1.4088370968263204	0.9562482162052984		0.7431275733587728	1.0059681112741754	2.275094730703536	0.9653287393303952	3.711661556130928	4.646394038206683	0.6082883981574305	-0.0959754186083583	4.845469525183575	5.9315907856147465	1.4867214722493245	4.132844641258964		-0.3562639502686436		0.7836734036045636	1.800450081637688	-0.4058353424769839	0.5714651114790269	0.1111279228338185	0.2486085545503763	0.5302163329529626	0.8044983493278391	1.1720289673024544	1.272216041990237	0.8640602505800246	0.2770797048215036	2.5970117980028395	1.1783237228190373	0.5225599442904331	
ENSMUSG00000140415.1	ENSMUSG00000140415	Gm52321	DOWN	0.5697450697450698	2	17	0	3	3	4	0	6	-0.7653009667211029	-0.4427609833476622	-0.46963843776263425	-0.5356551526543919	-0.025311341674610546	-2.030598934792775	-0.5491213464780397	-0.3364006202172847	-0.1911698813354983	-2.544549507652216	-0.536788781227736	0.6349204551778169	-0.8763827739354336	-0.5462053368774669	-0.6708191461187033	0.5535483992522918	0.3379966969514828	-0.2540282762566941	-1.2428661366476368	-0.2529017114318559	-0.7997460349445797		-0.5339020673513148	-1.1950814952199096	-0.4475283888029188	-0.4006480817711091	-0.7550002918230725	-0.7229345143427528	0.1326684300897971	0.0451809618962106	0.2146147709726442	-0.6674582160969856	-0.9779805316404924	-1.1637855855555104	-0.5520373560786125	-0.8280219499975733	-0.7054124200483767	-0.540601483198534	-0.3364006202172847	-0.1106827562261499	-1.8863317911425292	-0.1430958201891181	-0.8499651873121324	0.1174915897050045	0.9466790032725824	-1.3305492014068174	0.0669195893333754	-0.2400544167815543	-1.255448373662721	-0.2350571917160751	-0.1911698813354983	-0.2479926067819415	0.75314164758559	-0.0976107735921328	1.5527174466644769	-0.9530360887447769	-3.1691492550110145	-3.253777292928868	-1.4365978764804046	-2.544549507652216	-0.2296524145961831	-2.627430108135961
ENSMUSG00000121776.1	ENSMUSG00000121776	Gm63949	UP	0.5660173160173161	18	0	4	0	5	1	4	0	0.5073222188311141	0.5725700708408858	0.5980220283138498	0.4953763879724151	0.3712406110621225	0.5646498479760688	0.5526051693010455	0.592534972380726	0.3530574577407914	0.6527402785410122	0.6892856896529354	0.4400665549448573			1.9600332247997585	0.7407736802704422	0.6732202913899722	0.1919953945260169	0.3677796604856108	0.262850651736639		0.5127950342234029	0.0901009466161756	1.107892571813794	0.4498216387671738	0.3030594516843489		0.8380733281996781	-0.077151914528254		0.5924153043786882	-0.1330828685226721	1.4007591740062304	0.6279097671610911	0.743158896734365	0.4239283551829523	0.9507997893814925	0.879896045957954	0.0366585811942215	0.7861301014891553	0.0845036544317079	0.5125453265527614	0.6725246182086907			1.163804593634972	1.417884120306195		0.4809503148666014	0.00931682161865	0.3530574577407914	0.0340540409027848	-0.8299637658544129	0.3147728302598959	0.3972890860836252	0.2075461087550433		0.3024691143907854		0.7901333125023204	0.6527402785410122	0.8703604256911824
ENSMUSG00000091985.2	ENSMUSG00000091985	Gm17354	DOWN	0.5604858104858105	0	16	0	3	2	4	0	6	-0.590605951989874	-0.5649358571598245	-0.6047621091400008	-0.5338320587412707	-0.171437854348287	-1.0523917857299374	-0.5394259247788561	-0.590445789540793	-0.2170271314205698	-0.900310612293963	-1.3245035522732724	-0.161735230612994	0.0285206841692047	-0.434818421554086	-2.015734361833834	-0.9173752355856616	-0.7817980776221153	0.1941203198277361	-0.8740872002634108	0.2203250924898552	-0.1056311613810192	0.1865645205001161	-0.1322267510095116	-1.362883605323928	-0.5394259247788561	-0.0464109659411933	-0.3029885365862063	-1.0512891217231826	-0.7179647167230057	-1.1989925110072834	-0.3898687128370285	-0.2263073377957102	-1.6315252368041715	-1.001978403685984	-0.7746008781446966	0.0291293045034796	-0.9950909247832632	-1.1535060939163786	-0.4327679905917756	0.0085901302917263	0.4105373651281037	-0.8085590543316348	-0.590445789540793	-1.1706729782281429	-0.0558279224352419	-1.1793749095416457	0.654812771784622	-0.2170271314205698	-1.4866490037455016	-0.2878323628804288	-0.2416552904387498	-0.304535105736879	0.4761317736948833	0.111149114261952	0.6449916686264018	-0.900310612293963	-1.235533101443742	-0.7571164399427487	-1.5157539718481283	-0.4414043200136869	-0.0163793204277275	-2.5002447341395646
ENSMUSG00000086741.3	ENSMUSG00000086741	Gm15816	DOWN	0.5591630591630592	3	12	1	4	0	4	0	6	-0.7216033299147822	-0.6596324476635307	-0.5584643472256529	-0.7898098583152752	-0.6880136179235272	-0.8501254961946733	-0.6630124416176553	-1.0976638607332694	-0.5483936851680822	-0.656252453709406	-0.6329782491283732	-1.1318897657238634	-0.0211213766805043	-0.6930466341069373	0.1298199127235042	-1.2792108708409786	-1.856143087540374	-0.0227688066040464	0.1363916585905544	-1.1864192682639445	-0.807394993092043		-0.6184445997780657	0.2871989692400575	1.24525243916589	-0.8302093739184822	-0.2920863675766855	-1.482500461971578	-2.603778096375484	-2.202380594061075	-0.3006944086997071	-0.7089892635949868	0.3775462032383425	0.8564700145290882	-1.1578350659930612	-0.8657242612568652	1.140863319852642	0.286545308930491	0.4747402034612254	-1.0184960239948149	-1.853121483741095	-1.1768316974717237	-1.4516954570757334		-0.7949453610946339	-1.3786605500601334	-1.0808998525026934		-1.3759761907178507		-0.2064299197742209	-0.3018420092415305		-0.2025884409654388	-0.1627666190317158	-0.656252453709406	-1.311486258450774	-0.3591491127076852	-0.9776155707791164	-0.4939122106000969	-0.3511170615310273	-1.8013458055846072
ENSMUSG00000105535.3	ENSMUSG00000105535	Gm43077	DOWN	0.5572390572390572	0	16	0	4	0	7	0	3	-1.385879794521769	-1.0426104174779884	-2.223772116979315	-1.7028469038556973	-0.9349532789659414	-0.6819468782861224	-2.193425848713701	-1.2374235638296436	-0.8477972711263334	-0.6264972118788656		-3.0442055667978902		-1.0581513444321051	-3.3434469391583064	-1.417582136259595		-1.5872049480756016	-1.596834583844828	-0.5939401948061823				-3.312233887499875	-1.384321358181868		-1.4616893225967365	-2.4645545951885306		-3.760040617132808	-2.76156179478223	-0.6910450377500059	-4.148533401018948	-2.746166293062269	-0.7594532801974097	-2.193425848713701	-3.927279073108089	-1.0779217289378884	0.1837353205110509	-0.6427356115729383	-3.47172931000693	-3.81150469440608	-1.3969253987213988		-0.7157104946455409	-0.8477972711263334	-1.6184468787684394	-0.3581680405867074	-1.5313561608035269	-0.2825296739439951	-1.4779636584645264	-1.2778278410737998	-0.5038793324389924	-0.965852033487634	-0.7049546832858589		-0.9191898444195497	-0.9261586366970892	-0.6264972118788656	-0.3115002223366654		-0.6263884760984425
ENSMUSG00000132710.1	ENSMUSG00000132710	Gm30020	DOWN	0.5562770562770563	0	18	0	3	1	3	0	6	-1.9919979084109696	-1.4782105074452803	-1.4849995874403878	-1.9294732497807334	-0.5508336200860874	-4.002685176336669	-1.5194549965885085	-1.4369660183020523	-0.3895920642903829	-4.695707916330337	-1.9744569258556024	-3.155180475364856	0.6237668809195299	-0.8618371126375935	-3.1618202610353343	-0.993905718003208	-2.865040947528484	0.0554588482595522	-1.984604758405162	-0.2748957822786383	0.5100179946101144		-2.813894289092619	-2.491878281137714	-0.5201891202672994	0.4220690887073517	0.1512753205582578	-1.6907644445364365	-0.8605278662398974	-4.847225982878229	-1.9486034122389888	-0.1481511328638617	-3.344841871454811	-2.4345063130863345	-1.6021696510075218	-0.961342718422802	-1.436740342169495	-1.3211591988626818	-0.7908916329875622	-0.7436533439659844		-5.379364292708014	-1.7889981924187357	-1.5527728377414225	-0.7223128289026197	-2.366575596308312	0.3041763897905981	-0.4752438789381285	-3.4669266344658367	0.0705831713880347	-0.7051265111741873	-0.3895920642903829	0.8143526930971684	-0.2063231595172999	1.0838185983740047	-3.534706233749662	-5.357543926620273	-5.315304405647729	-4.385441112668238	-4.695707916330337	0.2222077066644274	-4.952300346004876
ENSMUSG00000092241.3	ENSMUSG00000092241	Gm20522	DOWN	0.5559163059163059	0	12	0	3	0	7	0	5	-0.5197292548444234	-0.43743965850712485	-0.3928134114635423	-0.4218585450516352	-0.5142205268799896	-0.7500245359825265	-0.3793058278225959	-0.3189583886904831	-0.4955734891916537	-0.7295211399194484	-0.2006256253249284	-0.21914726444436	-0.8818547110472265	-0.6244925163527296	-0.3760183096876358	0.2001512139677874	-0.7602514030807062	-0.3193332272371341	-0.8335001993738999	-0.382593345957556	-0.3981204469719075		-0.4320639021918945	-0.2857839670857087	0.0267043225211085	-0.1429021881110912	-0.2473195561321625	-0.5108601720847974	-0.6000088470396852	-0.9817854269394922	-0.1803833634752422	-0.3614418364725692	-0.5351480201462834	0.285463497011542	-0.8558158642251079	-0.7871016846956767	0.1910841465252566	-0.2851032778456265	-0.3189583886904831	-0.4519222071044204		-0.8536969980503795	-0.1996118535672665		-0.6071970341282749	-0.7836195787960549	-0.5593337703460011		-0.5188643005510987	0.0689304332544948	-0.4722826778322088	-0.3590452060966144	-1.1865995901722226	-0.2579220706705932	-0.4662714734613223	-1.2190342001094825	-1.026096850691946	-0.7198593908248845	-0.1161838579864528	-0.7295211399194484	-0.8087922283648696	-0.630684083980601
ENSMUSG00000140435.1	ENSMUSG00000140435	Gm61064	UP	0.5525493025493025	19	0	4	0	4	1	4	0	0.9272905387945786	1.1521298847332	1.2810347498867949	1.2751819865482759	0.25122855360057816	0.9017168651426656	1.2983462358417834	1.1003238236394164	0.2817819149931331	1.2039359458269834	0.8113555110739512	0.4684090342498471	0.0715478170011691	-0.1285820426750794	2.057107996121529	1.8755384087619849	2.0115704494118782	0.8023286832961268	1.6201903548819114	0.4765152496884424	0.5376016778071835	1.3066496888443355	1.7729711155538688	2.037255528719284	0.6184135318892479		1.4280755266450265	1.2900427828392316	0.6852692133678019	1.5570325221930867	0.9307861973643918	0.697927175707121	1.406179872423125	2.74104729073132	0.7537135630944883	2.1287548756566976	3.3492014724086947	1.392751790196758	-0.2191568419887581	1.1003238236394164	2.6887081820700853	0.4048855873197301	2.480815668348201	1.0779456962524994	0.0869153487495954	-1.2183722341180674	0.7372874408091934	0.5845989848289211	0.8277588554526012	-0.2160242069050596	0.2817819149931331	0.189911926962799	0.4536494024538692	1.150011037158427	-0.1140043807790529		1.448825980919596	1.201674615819832	1.382171368001483	1.206197275834135	0.3655566109837299	-0.1941246607027819
ENSMUSG00000087038.12	ENSMUSG00000087038	2900079G21Rik	UP	0.5512265512265513	15	0	3	0	4	0	6	0	2.1039033306263764	1.3248624628126637	1.340711645879325	1.5412386029356995	1.2851673800102381	4.248495693680243	1.1388664493079113	1.306371077029798	1.3433538485955294	4.686796243100691	0.5283649101565808	0.4740801488902753	0.5828872212668958		1.7096692322513525	0.5484166357446796	1.1388664493079113	2.5552295534318685	3.8692057055793385	-0.1480567495813021	0.4203407308798006		0.7564203605818067	2.4030661642923143	0.6443607094798833	0.3939697183503245		0.8989310894945455	1.3431461142868757	0.3544398155439569	1.720510289043863		2.3890955138921397	1.321021366285602	2.2592640243344007	3.045433870827671	1.6277049808836876	2.340692211109648		0.9766525206676516	1.306371077029798				0.5240471775035899				2.4534421434240263		0.6063484808899975		1.3433538485955294		1.498645249638047	4.553134981365122	1.3542500462505207	5.184874180809587	4.82045750483626	3.3034257463120373		6.274831702507932
ENSMUSG00000123711.1	ENSMUSG00000123711	Gm42154	DOWN	0.5503848003848004	0	10	0	5	1	6	0	4	-2.2294634439728442	-1.6858380436253482	-1.3585124895131804	-1.8175614475101878	-1.3722612711300655	-4.369518567737942	-1.077322676230502	-1.979413766376852	-1.392262320873844	-4.722007494425202	-3.6488053664518407	-0.033690982208735		-0.057657004975775	-4.2535905092519695	-0.9300000747099914	0.4362541236038665	-1.2246452777510124	0.2895493927991286	0.2384455412628324				-1.463688985207286			-0.7124586784465615	-1.7303571147497996			-1.26500966397485	-0.1151341341140084	-4.35202874650544		-2.913382351529444			-1.7318090463655644		-0.7046386491741929		-1.979413766376852	-2.3379543978684736	-2.333991377765855	-2.865097630352155	-1.45709889173943		1.6333838806400698	-2.760598589958528	0.4868624142870774	-2.8384265155151542	-3.040149604883573	-1.1096133281521716	-0.4444486956185314	-1.3274257500082582		-4.110556897276147	-4.722007494425202	-5.0903357992037135	-7.635864017098319	-0.2888286306863302	
ENSMUSG00000112569.4	ENSMUSG00000112569	Gm33111	DOWN	0.5484607984607984	0	14	0	3	0	9	0	3	-2.375404031493359	-2.3374167934569545	-2.608678818277967	-2.9868004919810516	-2.4528293786940774	-1.4533074370203407	-2.2966197953766283	-2.632848979032555	-2.378213791537281	-1.3566509069538044		-2.367121600822517		-0.9755029409277626	-3.1842281996510127			-1.8279363609726504	-1.7087234402153326	-0.9530090872431392	-2.12031401478411		-1.8847165349767607	-4.408707711826054			-2.2966197953766283	-5.175036706141047			-3.5579351984351706	-1.6632054188165242	-4.4223757167921205		-2.584749547188672			-1.7083421755302235		-2.9359437359729523		-4.973161834328873	-2.329754222092158		-2.9299437109468007	-4.235049111802802		-1.6324910807741695	-1.0494798619804475	0.8397183107698447	-3.62838215110448	-2.313647514450698	-2.4427800686238643	-1.5927898807839895	-5.543448717243368	0.149845109667316	-1.886852498169836	-3.2497730438410697	-0.8264493157377727			
ENSMUSG00000085457.6	ENSMUSG00000085457	1110046J04Rik	UP	0.5461760461760462	12	3	3	0	5	2	6	0	0.6441070404120581	0.4196111480469295	0.31730971236596023	0.5298499005856688	0.26945560678918307	1.4598129419074202	0.37317141069404	0.4258137188203284	0.4134085772735306	1.9460569803285104	0.1448960796560101	0.6869326115652584	0.3039014982928958	-0.511878155755578	0.5449590572512973	1.074478937541008	0.4692213546792607	0.5771191979563982	0.4812518747083624	-0.0138617903337177	0.2250377651947834	-0.9833995409080746	0.6044668277121494	0.3906520072634176	0.204669027196319	-0.3084823356548801	0.37317141069404	0.2192293183633692	1.0994196368558238	0.7770195299191426	0.0115277852184507	0.0046566338303111	-0.6042742012045403	0.1316582899192945	1.015660142926876	0.4969948423713333	1.1523344286219148	0.814075815871395	0.3309017075048929	0.2864710746063562	0.4258137188203284	0.5227688502683604	1.005630399040232	0.323287737988117	0.4203964590390121	0.7203380821089912	-0.5556182120447225	-0.00022094958110038769	1.1771396677202968	-0.603333938619382	0.3115955813966922	0.556374981704457	-0.2594839998504416	0.7834154255336804	0.4134085772735306	2.3170816997421064	0.4359040224872928	2.3130329205801936	1.9460569803285104	1.464799163537328	-0.4060552382664156	2.147871044942925
ENSMUSG00000121780.2	ENSMUSG00000121780	Gm59143	DOWN	0.5461760461760462	1	12	0	3	1	5	0	6	-0.5523688982113749	-0.35539006119030403	-0.32045621906688204	-0.3558542753012806	-0.14466110737738125	-1.388503991099956	-0.3511429106074607	-0.3596372117731474	-0.1862993859715941	-1.7578592224540106	-0.2087350622536012	-0.9570846488168288	0.5188335810204722	0.00023969955377402228	-0.2543653241950018	-0.4479204970199196	-0.511242112604466	-0.0363324660160629	-0.5476772365216356	0.0471581339620674	-0.0590290350086387		-0.612832990927746	-0.8253090732851558	-0.0032566053690467	-0.0473625530206988	-0.7588447952371838	-0.0672819728262623	-0.4932907722944726	-0.9580341194016384	-0.4677857481854939	0.0299609236900403	-0.0936387814999732	-0.5987533059706207	-0.0467387807063197	-0.4679874193184792	-0.464550733486042	-0.5563183196006509	-0.1501037950820721	0.0443616082397068	0.2530695485716726	-1.0135515326727016	-0.3596372117731474	-0.7088002247917713	-0.1862993859715941	-0.5495045638522665	0.9624375368864458	-0.0065068208549686	-0.4492341644555883	-0.0554823663944885	-0.0872101997442924	0.0321930960865403	-0.6098003857451174	-0.2740243344121764	-0.3678405926936878	-1.9290121881916604	-0.3839351613443022	-1.9360652872955515	-1.7578592224540106	-1.4518262264894355	-0.1290243574426412	-2.131805494482089
ENSMUSG00000115970.4	ENSMUSG00000115970	8430426J06Rik	DOWN	0.5461760461760462	1	12	0	3	2	5	0	6	-1.5370522049368085	-0.9675831995416935	-0.925040676294241	-1.5456022165253243	-0.32776211234621183	-3.3498038145814566	-0.7791504512053998	-1.156015947877987	-0.234689198671918	-3.8297178788173047	-0.8063568708506759	-2.2084583407913074	-0.2713544330258238	-0.8400272175658938	-2.349916338594887	0.2631652656959978	-0.6029927464856704	0.2986793778257176	-1.5454099330266775	0.0512564179740546	-0.2298198642670693		1.179613376665415	-2.483370028115894		-0.7791504512053998	-0.2582691556168108	-1.2790408977615442	-0.6309161297135907	-2.1036309842356644	0.8881686651590535	-0.0286202707815271	-3.129656759832921	-1.489854704370346	-3.359175500130809	-0.1075291327042614	-1.3033502515994906	-1.156015947877987	-0.6606232154225199	-0.0552230295357417		-4.471171221634454	-1.3849776681559192		-0.0657643910322461	-1.2603167843304042	0.2161401766209131	-0.8439723300244345	-2.062942244502724	-0.6105284933394606	-0.234689198671918	-0.7338144032769846	0.2310667592176475	1.0147462172730837	0.7446914562581981	-2.34489688020103	-3.450572761917781	-4.967145273541986	-4.782995165874378	-3.8297178788173047	0.3150118926342248	-4.38831063435194
ENSMUSG00000129222.1	ENSMUSG00000129222	Gm74907	UP	0.5406445406445407	10	0	5	0	4	1	5	0	1.5404641655382774	1.0615838886865303	1.5611008048726904	1.7258863205480208	0.08912144657583895	2.7857480901565594	1.1493871108895537	0.9737806664835068	0.6143307231565216	1.39791611567451	0.529267609057602	2.676770624575404	0.3613411058261827	0.416178606510685	2.234932845653166		1.0028761316772907	3.1267590321005945	1.7203149542392822	-0.547821761910026	2.3767024512297468	1.1493871108895537	0.0379467004058452	3.1715969612317347		3.1626629555572423	0.8846397137552243	1.546872849623362	3.4690819290358568		0.9482140239678738	0.3047854975590622	3.3958009974399306		0.8148065639008846			1.858858409934373	0.0108701390117953	0.6000229407513603	4.886618140266791	0.9737806664835068	2.8901525035900644	0.8609014437982554	0.8019690458895709	0.0645035293754975		0.6716074618369791	1.2783016818957575	1.1798031143585022	0.5570539844760641	-1.1287268763220089	-3.1672354403911145	-0.3652208661256733	0.9991588307648148	1.39791611567451	3.2888247843944	1.1136767119461133	-0.6520768059914799	3.770517463824887	1.1380164027091673	9.443361958538318
ENSMUSG00000141782.1	ENSMUSG00000141782	Gm66327	DOWN	0.5369167869167869	1	11	0	4	2	5	0	5	-1.2258151368247874	-1.1591973507729447	-0.9547713836934116	-1.8795748719643122	-0.25512632261680207	-1.8137879690246235	-0.6493381760501815	-1.6690565254957077	0.0309186200884432	-1.8847102422809094	-0.3270879581646531	-2.960312871117132	1.287252187579054	-0.4491093630567306	-2.4452222756675512		-1.5831445006919294	0.1270774697596106	-1.38055671287912	0.1463332149603607	-0.248071969020288		-0.581888600508044	-2.722502468827566		-0.716787751592319	0.000600794292025459	-1.2469620773804604			-0.3401304571911618	-0.3387108350950956	-3.6633220461369578	-0.9129707814634138	-0.7399106716668611			-1.1687879291685563	-0.1439626659573404	-1.7996859379774814	-1.4284118909377288	-3.4295383349143043	-3.517580819299068	-1.6690565254957077	0.3298800485035258	-1.4485836314081724	0.1428151453680171	-0.6754506436745161	-1.8203442980947635	0.0309186200884432	-0.8296753793391988	-0.6695799812295786	0.623663319405534	0.1578211263001562	1.35214612529573	-2.1487594412214066	-1.5416421687748298	-1.9011617979464428		-1.868258686615376	-0.1945387391115705	-3.228366980478114
ENSMUSG00000114088.2	ENSMUSG00000114088	Gm47898	DOWN	0.5331890331890332	0	12	0	3	2	6	0	5	-1.0040989453330034	-0.9437075921163394	-0.757634343567802	-1.3083786534933186	-0.42045431794985705	-1.5299284663210362	-0.503805133055084	-1.3836100511775946	-0.3817879206615436	-1.8003470691549923	-0.6638664092673099	-2.556642624515304	0.3595119587573149	-0.2861481803069537	-2.450567930466369	-0.5350925878002936	-0.7922066977587995	-0.4267331930707812	-0.6694496681706957	0.3433754792355117	-0.102996787781127		-0.3068463155918811	-1.5459026441212556	0.0408324086007793	0.1210844787539351	-0.4725176783098745	-1.4500657383792293	-1.3737533115260063	-1.4933785049452384	-0.8401180354539598	0.2830126703933966	-3.008868937909313	-0.4437923405092925	-0.7077057127827733	-0.2899116706754485	-0.4297449591618876	-1.3836100511775946	-0.67631883633865	-1.4761511974548096		-1.1739420155948477	-1.8318711669006909		0.274610030660064	-0.2344256792300643	0.8449514743654917	-0.3817879206615436	-0.775068490135346	-0.2828684481415455	-1.4368453421919316	-0.7563302661193401	-0.6437941785400993	-0.3131665187106964	-0.9202721587434172	0.4603133082845114	-1.613733895214413	-1.6768694483963795	-2.115741383212212	-2.30971468947412		-1.923824689913605
ENSMUSG00000120849.2	ENSMUSG00000120849	Gm56768	UP	0.5327080327080327	13	1	4	0	4	1	5	1	0.3994001887953699	0.4581900362792437	0.4667269655482323	0.4753018573568554	0.24426742412388613	0.4113045081525059	0.3536738089305108	0.5627062636279766	0.2591694078085066	0.8090501563483061	1.2641831144863545	1.5712100222980054	-0.2234253584128832	-0.6914042010460745	0.3536738089305108	1.143818526705786	0.998720230506968	-0.3043454364742306	0.646766227657862	-0.3986603739891498	0.1126431767803018	0.1438316403143658	1.28791905365259	1.219648191788868	0.4871392628540978	-0.0483358560263356	-0.0585257364144819	-0.3771820228955961	0.1515896254613785	1.029316429970379	0.2924951117192432	0.4269164691143026	1.1037460358145976	0.8974325995100354	-0.168204766273091	0.343250559690853	1.397411734077617	-0.1161934565121286	-0.4351642781285305	0.682008330719834	0.5627062636279766	0.3942107196661115	1.538209393337397	0.7013360287873276	0.2591694078085066	1.220812480013134	0.2544718807026109	-0.2650340204550081	0.2928616073838019	-0.36592433617941	0.1591907702244719	0.5545196982645193	-0.4568690907542498	0.2794725428089674	0.7542707255454032	-0.4231089965225298	0.8090501563483061	0.8234348364505407	0.8368221622128112	0.2360912321885687	-0.3568595750219355	0.9537017414117795
ENSMUSG00000129737.1	ENSMUSG00000129737	Gm34077	DOWN	0.5318662818662818	1	8	0	4	0	6	1	5	-0.7656472749143965	-0.5156481352536677	-0.3010978653723471	-1.8290675477494207	-0.5547453096166683	-0.3776783769191501	-0.4592065259560775	-1.6125621542843684	-0.4811303559936725	-0.5501659145136629	-0.0209312993138254	-0.1152501135686219	0.041430677603394	-0.2518685300447461	-1.0629791381604592	-0.4912261835910771	-1.270862218391638	-0.7049175413941653	0.2273531401875672	0.4179793964819355	-0.4710006482489911		-0.5814480351523491	-0.5346487726871757	-0.0566704744069487	-0.9273164342864404	-0.7949334623768293	-0.7482181844369586		-1.0780268940780149	-0.1478140401331406	0.8087342438359322	-0.4592065259560775	-0.0567129150206853	-0.9859441359254006	0.8739377799661435	0.8630936747898942	-1.4719729276616047		-1.7531513809071324		-0.8181081773386362	-3.2730377050903097		-0.6248137928647318	-0.8772392548131062	0.001933066999204	-0.2049191047978202	-0.3528802898687642	0.49479969402898	-1.3503822874020843	-1.112586446638636	-0.4811303559936725	-0.3804340927564374	-1.2145455416762825	-0.9157250647214524	-0.5276435853615967	-1.3591373262718172	-0.9439409778601006	-0.5501659145136629	-0.4694402172591977	2.122304447553777
ENSMUSG00000087380.10	ENSMUSG00000087380	2210408F21Rik	DOWN	0.5313852813852814	0	9	0	4	3	4	0	6	-0.33765548919985794	-0.17308184399403184	-0.14675910643204904	-0.1582152632740092	-0.0690040548619877	-0.9766435322313859	-0.1080948209630038	-0.2380688670250599	-0.0606695113791231	-0.8520544190935723	-0.6615810903281539	-0.3189305608425755	-0.0112897510929721	-0.3277502465812019	-0.4365613219473573	-0.1045965400307723	0.1075388251216171	0.0017496912512905	-0.3409991675822443	0.0280927068870147	-0.1127175289145263	0.2341880653059155	-0.2251309788158412	-0.4904582376371183	-0.0206201601024051	0.0484145300925994	0.0117921355988735	-0.0147603564233824	0.1825113402449902	-0.1129311234591191	-0.1080948209630038	0.0454504701962008	-0.7523768288516425	-0.2098847085231307	-0.3179775391462107	0.1000119284439688	-0.1555846055661361	-0.1792678795528555	-0.1381735789425864	-0.2380688670250599	0.6634217187934307	-0.3086762015921959	-0.3395444437526571	-0.5671975908461402	0.3128527299095747	-0.812159673096769	-0.1965426306868191	0.1791741247163958	-0.6559452381971611	-0.0606695113791231	-0.2785415334443616	-0.1539832062211311	0.350047398240071	0.0287820233387266	0.5279409133387324	-0.8520544190935723	-0.80394576141912	-1.263535953104633	-0.8352432271027622	-1.1909281057051195	-0.4532308275505455	-1.4375664316439485
ENSMUSG00000097974.4	ENSMUSG00000097974	Gm10605	DOWN	0.5313852813852814	3	9	1	3	2	4	0	7	-1.0217162409491203	-0.4901786482307836	-0.3857069571427086	-1.4731440563992548	-0.03543398048964964	-2.192579969764868	-0.078619734779063	-0.7825809923955244	-0.1977763040660428	-2.399232595443852	-0.8661525467062656	-0.8234584765151962	0.4537666009508143	-0.9521691571088684	-2.6637318545828563	-0.0348204757667797	0.0752167755837247	-0.1187501454248631	-0.0550059829753604	-0.0972506295714377	0.4298814735207832		0.8388448521565481	-1.4011280758661102	0.45412544224159	0.028092453420872	0.3039356475646895	-1.0979271045936	-0.0599888399866883	0.0825032480070102	-0.1003680857929864	0.1418684369804544	-2.872785111417921	0.5271021127281313	-0.8557174876033204	-0.8148355620123665	-0.5496283929404204	-0.7702176607255932	0.5297943249262299	-2.561670648530716	-2.261939039522769	-0.7825809923955244	-3.688175300419003	-0.7772190781274066	0.4326697021383033	-0.6089817214845028	-0.6715789182118937	-0.838346933052801	-0.993185810756025	0.133364257625253	-0.1977763040660428	-0.3303833840251612	0.6224940280972937	0.1624314238098931	1.8995198745395372	-2.399232595443852	-2.840754963871625	-2.9293058050320973	-1.9007770203794727	-1.907547052147544	-0.4325368784475593	-2.9379054730319245
ENSMUSG00000097885.9	ENSMUSG00000097885	5031434O11Rik	UP	0.5303030303030303	18	2	3	1	5	0	4	1	0.5315360093410936	0.6018627195439954	0.7654457949436545	0.832160639075931	0.27676841020059384	0.2517691931441949	0.712354615224851	1.0576704491437887	0.1627170623143192	0.4913708238631398	0.9893830873858482	1.0369277121048115	-0.3175465457612466	0.254482915734104	1.791561904932502	0.5779825269424572	0.8448605071241717	0.8610229895883394	0.712354615224851	0.4630016228681755	0.1928875371892036	0.2225848997571057	0.4022269502454866	2.6448582847313946	-0.3012957160964699	0.5971957422358969	0.7035430755425758	1.1032147734740805	0.981981656320214	0.9448185244708286	0.8880045565162676	0.1654418899376823	1.9884548234886048	0.8281078028840863	0.6936185971767016	0.7982041215812212	0.5991576078797756	1.647693492161327	-0.5254334598033099	-0.1684267327811816	0.5353188502311117	1.296845709641658	1.9814561649381237	1.0576704491437887	1.0384433298064637	-0.0319858394403488	-0.1234856116340505	-0.5536169205257291	0.1627170623143192	0.042193407510261	0.5608430290414004	0.4016292662161395	0.922051445160847	-0.1463431922315727	0.7720065359888024	-0.0575795747262388	0.4913708238631398	0.5234400649249861	-0.0729403091335052	0.6927659718080844	0.8903490949132611	-0.7050217196403631
ENSMUSG00000085882.4	ENSMUSG00000085882	2610507I01Rik	DOWN	0.5284992784992785	1	15	0	4	1	3	0	5	-0.585774417862875	-0.44445791323789824	-0.6650193819153991	-1.0227890732417406	-0.12512745441770398	-0.5301617618766564	-0.5253294686351672	-0.820089781242267	-0.0573127917880014	-0.3635863578406293	-0.9783988253377784	-0.4136183465555751	-0.710111652693768	-0.1912856272994809	-1.9296224803043396		-1.4210879176437594	-0.2794834506856709	-0.4562325661888508	-0.1163799932396481	-0.1870270655487465	0.5195054054676949	-0.4096192473731681	-1.361357123646375	-0.6219614896812393	-0.0580780458664166	-0.2577115687772699	-0.5944263710814836	0.3862661949243023	-0.8712244928461578	-1.0700214996592834	-0.1302858005457744	-1.7775830874359164	-0.8778602551890464	-0.2793095139757576	-1.3501589590511582	-1.8534301495657075	-0.9463176672617648	0.0090950424613516	-1.6072405370926826	-0.820089781242267	-0.6640650506497043	-2.646973423872653	-0.4839320950344641	-0.3121194874109766	-0.4090171622052033	-0.0725946584584792	-0.0162852399527024	0.1879565007988986	-0.0570147429937782	0.0373763605018114	-0.0573127917880014	-0.264774623759537	-0.0348375190583489	-0.3777786342684266	-1.976124715108151	-0.040805951220044	-0.4460191660979216	0.153142264330549	-0.3359076825243918	-0.3635863578406293	-0.7018307246760059
ENSMUSG00000108322.5	ENSMUSG00000108322	5430431A17Rik	DOWN	0.5271765271765272	1	11	0	4	3	3	0	6	-0.49370776938717675	-0.4915293078284848	-0.4016176201535029	-0.8486847807746957	-0.08295103464249133	-0.6415776419780171	-0.31685947266975983	-0.8613367979838088	-0.0925644649437911	-0.6661991429872097	-0.3696785977557988	-1.6914587284411935	-0.3147911950751316	0.3150470937291637	-0.9190037545592792	0.1487061915566891	-0.4271209836654841	-0.0309303106105364	-0.1461844433883361	0.5247200290342178	0.2890802044787484		-0.5950974846313415	-0.903851425806262	-0.0603375738880213	-0.3189277502643881	-0.7726036921397911	-0.1770352608471509	-0.2664534309559276	-0.6681713126938814	0.0691700668743194	0.4722101492794566	-0.2853698859745966	-1.3801192208197273	-0.4641856397160507	-0.6324370484486168	-1.8372341192621549	-0.5028877021066644	-0.8442101205821251	-0.8613367979838088	-0.1084597799708568	-1.35874563130836	-1.3087432466122355	-0.9564101868588192	1.0977960567909406	-1.474401079048109	-0.0925644649437911	-0.4210911441976364	-1.559094696058014	-0.1816842273835783	-0.1587881220505086	0.2944198630990368	0.22849757256771	0.3365899806396059	1.0178588795169392	0.2014593866119599	-0.7168485471373982	-0.65021156063891	-0.6661991429872097	-1.02682200053479	-0.5092410029622214	-1.1231806261975508
ENSMUSG00000089718.4	ENSMUSG00000089718	2310075C17Rik	UP	0.5247715247715248	16	0	4	0	4	0	4	0	0.7161366904410144	0.7364141379583344	0.7128446184134654	1.052677941284387	0.3348677666452394	0.7641564354209657	0.7199550727918302	0.7528732031248387	0.2570494663340348	0.8530015524438688	0.8534203397224734	-0.0328547409192666	1.571020124473659	-0.1233875934795227	0.9923180272499796	1.099060000327896	0.6569023418751581	0.5545163593299376	1.5687332381720138	0.3280756341431077	0.7199550727918302		0.6635700699298013	1.46693405693123	0.5048236139528416	-0.3726495511641163	-0.1253979544630975	0.8639963944978676		0.0447852603624437	0.9100084373410586	-0.0476386244206706	1.2537721705499203	0.749812963349589	-0.0607304347062742	2.443375292546126	1.3386949619426491	1.090021651156107	0.3080812730809461	0.7528732031248387	3.635855034083909	0.0267097744323371	1.141719394341281	0.4134852587712903	0.226436504233193	0.5990751733807174	0.8055255133967667	1.116094596851161	-0.2017163578411647	-0.0895431649079797	-0.2641718726882496	0.2570494663340348	0.5869750995403528	0.1013765075361576	0.5464439672626431	-0.3821460917740396	1.797833735013099	0.8530015524438688	0.4387122217481915	1.0697644761886964	-0.0798128921165683	1.6517420464435115
ENSMUSG00000125926.1	ENSMUSG00000125926	Gm38791	DOWN	0.5221260221260221	2	8	0	4	2	4	0	6	-1.290019040327953	-0.6307463177934238	-0.46031950573858293	-1.211523486018694	0.27077096321025873	-3.759004132764794	-0.2952751952600557	-0.966217440326792	-0.1899364475972024	-3.3350955758390635	-1.6536991693651055	-1.612671910956909	0.2807102724316138	-0.8910802291190422	-2.3023488714405267	0.0335379147428189	0.5201666944180959	0.0445336762113103	-0.4495592496268971	0.4900601877045665	-0.2270674846466578		-0.2382266808270178	-1.4297937637061635	0.0728286708662332	0.908423357660738	0.0287579200049195	-0.3526026094691598	-0.5413897726681943	-0.6545503178916633	-0.2815007657193931	0.0474040406156708	-2.2541779655558645	-0.5627739151656184	-0.0752978462224137	-0.3090496248007183	-0.558939706677779	-0.8366764872336547	-0.571148096426844	-0.8789001344367153		-1.0535347462168687	-2.065200654834229	-1.8636807969638527	2.3192087080507697	-0.9498837954951254	-0.1899364475972024	-0.5344485275833064	-0.8614932108763862	-0.1288880467100663	-0.7537329144649482	-0.1840261882812264	1.1556491066057222	-0.1999550866210767	3.305986998285692	-3.918368153037012	-3.3350955758390635	-5.391385020201257	-2.76373798312898	-3.1951028274431126	-0.3299665493034102	-7.379372820400722
ENSMUSG00000097915.5	ENSMUSG00000097915	A330009N23Rik	DOWN	0.515993265993266	1	14	0	3	0	6	0	4	-0.7673636481981712	-0.7915760895759971	-0.882584025610601	-0.682410893524987	-0.6708065355992883	-0.8336531380578083	-0.7422822346229513	-0.8923788026283395	-0.6411235027864648	-0.840869944529043		-0.6853334222092737	-0.7908165648280381	-0.0256574328937229	-2.1987043413144702	-0.6346338615009599	-0.7843826416342183	0.1887400166198748	-0.8265075546439227	-0.0429566684478838	-0.9754051754903368	-0.042200711227348	-0.1604077955917489	-2.2259001490449397	-0.788126056336911	-0.7001818276116842	-0.2083889437275473	-2.2891108988730613	0.1016196458433217	-0.360705070231782	-0.8659507879985037	0.0728704335869163	-3.19369278063194	-1.304285927758038	-1.635264489586527	0.4713950302158673	-3.043196690558748	-1.4051142844738995	-0.7078812345185261	0.1431134151297955	-1.0768763707381528	-1.083390428353997	0.0356835418048586		-0.3897496069106627	0.2342112348273322	-1.0682264542193511				-1.2025316876201348	-0.7775621331458045	-1.2995409888660332	-0.3583677764325267	-0.504684872427125	-0.9828924670742196	-0.2554372373654163	-0.6868936921281301	-0.8495868843122537	-1.3949555427209976		-0.8321530047458322
ENSMUSG00000089726.4	ENSMUSG00000089726	Mir17hg	UP	0.5155122655122655	15	0	4	0	4	0	4	1	0.5646742593234466	0.6677683581457751	0.5504625741422073	0.7393578974351976	0.29968496592535243	0.6691915997910293	0.682575691549671	0.7654583160210089	0.2121001242161019	0.6529610247418791	0.0847938617954715	0.6449214432102348	0.1645260800474563	-0.004210081184967	0.7641859957822179		1.0474793817886106	0.9345110871309223	0.936855363658642	0.4438870252195401	0.7202299398891072	0.3069966849285859	0.9307415778953168	0.2551083653932893	0.7887046384825139	0.3009172027562472	1.1461241946501912	-0.3873429081797936	1.0150206809035358	0.6351887473663211	1.1428442198503608	-0.1654619287830364	-0.3220163774476154	0.8130586747421967	0.932770273002308	0.3462279796983556	0.8359648051013797	0.5325067928281717	-0.2519568564592662	1.450962542474447	1.1737182737258156	0.5903284443471135	0.9405881876949044		0.5419229036165291			0.1736251499053135	0.3525620759616643	-0.5473852951547045	0.2044393521000884	0.2121001242161019	1.2772027752816046	-0.0489978446340954	0.5316954520356701	0.8797110578670557	0.5992202858701013	0.6529610247418791	1.7072975275511637	-0.4017618506165052	0.904008791349269	0.3429043617742416
ENSMUSG00000137898.1	ENSMUSG00000137898	Gm64262	UP	0.5146705146705146	10	3	4	0	6	0	4	0	0.9000901461866375	0.8403964579498768	0.7600031368573134	1.5492583076525202	0.377522740575932	0.9135763996607844	0.5865091930330839	1.465445356479238	0.4894347061135207	1.0942837228666698	0.6006722110572121	4.424756180050435	0.6859377736784246	-0.2566133254766281	0.5809321211914859	-0.5177209799339424	0.7099533997307519		0.7764023543737955	0.0008515243013746432	0.0985788608403777	0.0654831001555864	0.7976931270865999	1.008880319577227	0.5920862648746819	-0.451808845895492	-0.4639618065793731	0.0703899449428996	-0.3928026371044015	2.009963169904191	0.4366176574418215	-0.7722623503354812	1.061908184600879	2.624275561055492	0.2166052793455398	3.720193425142208	2.1330710442644807	0.929724319291033	-0.244142742855685	2.783737694637669	2.8841786410515144	1.465445356479238	2.8542636195215825	0.1716012654422898	0.5153736034614249	1.1377536962878496	0.6551678491284805	-0.0157341054263023	0.6393589858131676		0.3695588808171746	-0.6084028255388508	0.635952647296549	-0.0172971348457893	0.4634958087656164	1.568854161785214	-0.5022260029310982	0.7284924278502515	1.6784776887328852	1.0942837228666698		
ENSMUSG00000120178.2	ENSMUSG00000120178	Gm53617	DOWN	0.5141895141895142	0	11	1	4	0	4	0	5	-0.8934917077867599	-0.941224611425977	-0.7219166076212654	-0.9652737693507999	-0.3740040587737331	-1.512772395401241	-0.7782125250202057	-1.1042366978317484	-0.2652681765779904	-1.90633249392079		-1.456887109311074	-1.305005229319395	-0.5132480127681164	-1.725704820377656	0.1738166391249082	-1.1734185241335116	-0.716085733581495	-0.7524182173271833	-0.2806252823580892	0.2337861822906439		0.1320303355827815	-1.6478135572274166		0.919780659360801	-0.8284172213593146	-1.0225667978562374			-0.8671824282277115	-0.220660118310812	-1.88758378398496		-0.7782125250202057			-0.3132530220379715	0.207090488891604	-1.148520357996164	-2.443014995539917	-0.5775666984841072	-1.3774151024572951	-1.1042366978317484	0.0539544457244238	-0.2176124335538162	-0.2124739712281175	-0.3439826271095123	-0.8179919793279533	-0.2414423050008686	-0.7592111251723109	-0.3682236222046011	-0.2196242596325829	-0.7221685924277343	-0.2652681765779904	0.0142520768322977	-2.121073963486035	-2.494568401841057	-1.9644108533886049	-1.67915372499309	-0.4381194070114084	-1.90633249392079
ENSMUSG00000123851.1	ENSMUSG00000123851	Gm32487	DOWN	0.50998075998076	1	13	0	3	0	3	0	6	-1.2450204277664145	-0.6398845354647551	-0.6546707722294824	-1.1714976384140976	-0.5175277408655664	-2.6363855595565115	-0.6852922529519327	-0.5944768179775776	-0.5083588857714236	-2.378079288809949	-0.6160341815454462	-0.8543156522825676	0.0710323989427992	-0.0585119234160856	-0.1468933152572027	-0.954296119398234	0.4212578375596502	-2.1854743872721074	-1.7309317152952386	-1.0249887702910625	-0.5485030356633354		-1.241744167295691	-0.78518227277167	-0.573517002952413	-0.7545503243584192	-0.5137609675409307	-1.2118648256396518		0.1090583793354123	-1.485987945549362	-1.6167453414175834	-1.7650553626112258	-0.2303360754341502		0.0444944268336429	1.9407518098132923	-0.2049973849690209	-0.5944768179775776	-0.1075025765760384		-3.07267684430327	-1.8778345682445812		0.2552279105752913				-1.645525618308402	-0.944999120534682	-0.670393331936247	-0.086299589730597		-0.5083588857714236	-0.0223455503529046	-2.643858799084013	-1.298765068326546	-4.093674980331615	-2.1097286624758333	-3.5599860685851765		-2.1122997785358844
ENSMUSG00000127251.1	ENSMUSG00000127251	Gm68734	UP	0.5049302549302549	10	0	6	1	4	1	3	1	0.5788305540246281	0.3052579750123441	0.6022028909296593	1.3914800619720045	0.28743309839242726	0.03420616480442129	0.48468376257064427	1.3424148395688544	0.1239569975102403	0.1258321874540439		-0.2281286289411607	0.2732764407555668	0.6885937062291072	1.882897760028318	1.274098115995608	1.0852045153342722	-0.3373568592690028	1.449337811530341	0.6021606358367372	0.3672068893045514	-0.0785716086236425	1.403083401931969	2.460599351922669	-0.0262476670299567	-0.4439815131555936	0.2635998932784193	1.202148120941213	-0.6225257915704723	-0.1709482173878548	0.7162300051639563	-0.2347716089396763	1.1028081924931747	-0.5680362485666669	0.8797357141663102	-0.2543283095403516	2.971191062283306	1.3424148395688544	-0.3148663921028686	2.8223856621812096	1.7942987984447458	0.8524200410204127	2.0508076290292543	1.192899855662424	0.1239569975102403	1.0086427161628824	-0.6912886044684001	0.3911909053153747	1.6557887657677697	-0.0988340794870307	0.4016610418683381	0.5826190484489369	-0.176678257201151	-0.0866888455790049	0.0513943939787438	-2.3708890391000885	0.9764427439947612	0.6714217479859216	0.1210120882237019	-0.0160361303811508	0.1258321874540439	0.7316595554537598
ENSMUSG00000130235.1	ENSMUSG00000130235	Gm65936	UP	0.5025252525252525	15	1	4	0	5	0	3	0	1.614583921500643	0.8356946850020627	0.8927608966452008	2.6455429389740974	0.7936852227365557	2.126346627646718	0.820125060421975	3.2469487287923116	0.6818817578957571	0.8512643095821504	1.8965096285877392	-0.5457934944117295	-0.3869511323608955	0.0759804475038744	0.5122400872297062	1.3644313406297164	1.5178297959716962	-0.2341262199477669	0.2217144286030579	-0.0673804678077909	0.820125060421975	-1.8716427591298448	1.3136657416853004	2.412153045032523	1.7799551398752536	1.5367674614203122	0.4373094943319851	2.732539929899803	1.301993326560273	1.46229940573471	0.4023383314660795	0.7622345905486965	2.4460909335029903	0.9807191063670332	0.3773718643630979	0.6235047802145122	2.232664343128117	3.4917615897691503	0.5641729195528686	3.0021358678154724	3.9217927930974743	0.8452296725868379	4.048164791022781		0.4767497122406892	1.9759717796194112			0.7276752266239926			0.5267312628276217	0.2799635893976418	0.6818817578957571	0.8868232305507765	0.9201613148072632	0.6789814940128862	0.5286027163997288	4.268574652020885	0.7823673043570377		5.5793922842825046
ENSMUSG00000085385.10	ENSMUSG00000085385	Snhg17	UP	0.4983164983164983	17	1	4	1	4	0	3	0	0.43267859076572235	0.44535904572129875	0.538832916274062	0.7164885953109746	0.16659685846750652	0.308795993010346	0.5973879631198784	0.8186255112552572	0.1079462217965477	0.2933301283227191	0.978620279538426	0.8381065319339791	0.2963906704289642	0.1553307634487505	1.2999396265789436	0.0572679688485407	0.6775103448372949	0.109693724713926	0.3511699308735636	0.1325673188689023	0.4017635828963472	-0.2723469303788434	0.6007747129268124	1.0299718298263685	0.5403577877293441	0.2420989387621455	0.3239624493260683	0.7379448519329023	0.6296523755535334	0.5973879631198784	0.6413043532625043	0.1380203651755565	1.7037410602383518	0.666995339582042	0.8063175474464298	0.1876460127765454	0.6762993391523981	0.8762197540545246	-0.3982210486645934	1.417198317575024	0.7610312684559897	0.2295711789860521	1.413132101458851		0.3499613409818896	-0.101606132802356		-0.0994297244979973	0.6788408219681196	-0.1382583912040902	0.4759118896734876	0.0936741825395426	0.1159718451760276	0.0999205984170678	0.190982154423374	0.2933301283227191	0.6097418928804913	0.066020292309354	0.64538680116028	0.1857328637204228	0.3432484812858695	0.0181114913932856
ENSMUSG00000106209.4	ENSMUSG00000106209	Gm42918	UP	0.496993746993747	13	2	3	0	4	1	5	0	0.8577631938740935	0.7089601262979979	0.7262840818763162	1.0286968086238524	0.4520700048344195	1.2240018801617862	0.5275793533791612	0.8398629194051773	0.5780573331908183	1.0833376577131124	1.5563799070794784	0.0929549423351587	0.0768309582418515	1.0097445014105606	2.713286995247923	-0.0034802756830255	-0.2375104725272191		-0.1804408554073585	0.1049875051439378	0.693422820994576		-0.4884494308239021	1.838609138320072	0.2704448609544806	0.3859180748029087	0.9119616459217804	1.2815174426971427	0.4352507022018703	0.6199080045564521	-1.0171920428949377		2.9044129434613857	-0.33892719288238	1.2229028337190853	1.6314180070313993	1.9468669511303505	0.6018541688240464		1.0778716699863082		-0.1699725135307478	2.605033909215803		0.6422823120134982	0.863072833386049	0.6178861941994238	1.3549513445472277	0.8389095137136291		0.5382284721822129	0.4018004291795231	-0.5224437035089372	0.097288434701162	-0.311275782069593	1.1280475749507113	1.876558867015253	1.542846372483434	0.7208737882076935	1.0386277404755135		1.0370569378381111
ENSMUSG00000091849.9	ENSMUSG00000091849	Gm17188	DOWN	0.4924242424242424	1	9	0	3	0	7	0	4	-1.1104521434095007	-1.2127522969695526	-0.7242821278750327	-1.3291118229695056	-1.1634103181571158	-1.2250043046363488	-0.7153126903358983	-1.3553785770518543	-1.0701260168872506	-1.4138844394165213		-0.2724184361748228	-3.1889257272383937	0.2903922283804834	-1.6929365796113174	0.7224322209114175	-1.2143994446724005	0.1494564802027239	-0.9302276541181398	0.2153055268335132	-1.2821454219342967		-0.455586433209826	-1.774595848242717	-0.1220120036213071		-0.2698934176009078	-1.346793237698211	-0.9853701713414512	-0.2163618775756869	-1.231776846804225	0.4764168114160199	-1.485749739021904	-0.1891700800220321		-0.7153126903358983	-1.1388165996463715	-1.472421792603258	-1.2383353615004506	-1.7402748225052167		-0.8654153152690968			-1.0384258385873288			-0.4700638285992654	-1.196782149208683	-0.2060976213190704	-0.583100813858111	-1.0701260168872506	-2.259729199357414	-1.0968484393177624	-2.549518956279158		-0.5305163074295284	-1.4138844394165213	-1.4343832445419673	-1.536338768454815		-1.2098987633389118
ENSMUSG00000105731.2	ENSMUSG00000105731	Gm43063	DOWN	0.4877344877344878	0	12	0	3	3	4	1	5	-0.754397767785776	-0.7824128145934055	-0.9413228238942978	-1.166965040539014	0.0013009485911133379	-0.9106041553009058	-0.5537628743319588	-1.011062754854852	0.019671195247108357	-1.0953039200568364	-0.4509746138576089	-1.558137975774435	0.3292641795275687	-0.5236690702524628	-2.3472469538885137		-1.9182592204847064	-0.4346629363108114	-0.5537628743319588	-0.1458754080588938	-0.4602855174214749		-0.4413068671927159	-1.3300013594428044	-0.3433360550997884	0.6205635992318432	-0.7025733745472048	-0.8062389979339297	-1.3868117109102511	-1.64965878091803	-0.2283271718363933	-0.2906087954635923	-2.603105869687429	-0.4641010202137072	-0.6912618369596806	-1.67559666306861	-3.477095302461855	-1.2002191520564072	0.0558100305521657	-0.9752734019672304	0.0622452595123532	-1.1212728678140285	-3.9789823971450993	-1.011062754854852	0.9729006223862346	-2.889338717156801		-0.584447415432155	-0.7703289817743194	-0.414194436820346	0.3029331035731991	0.0005846288510487169	1.626994700123214	0.038757761643168	1.72914822051789		-0.7361169241721507	-1.3027891195379813	-0.8878187205756913	-1.3664055372267163	0.7537461574594839	-1.92424078775238
ENSMUSG00000121900.1	ENSMUSG00000121900	Gm61637	DOWN	0.48689273689273693	1	7	1	3	0	6	0	5	-0.6449073428864442	-0.8002420512149621	-0.37961334960582316	-0.35809407900178697	-0.9224862334128072	-0.9194357095253594	-0.4121383708934166	-0.7569171580250367	-0.8435669444048874	-0.8813582898663852	-1.2483161738446842	0.427410423132613	-0.0715967941309347	0.2240093749498112	-0.4121383708934166		-0.5975529684926534	-0.8234414449455668	-0.8634288978664739	-0.0283482428322864	-0.9037854817983508		-0.3036167196172535	-0.615174774796247	-0.1843566991357016	-1.251351025909658	-0.4320993321481388	-0.4759073305457753	0.0680592354994858	-0.0271996537127417	-1.0044554821333769	-0.2639097630066593	-0.6105547281063487	0.037235700276015	-1.2771014121811934	0.649891548389182	0.4973952737047775	-0.6675413842531286	-0.9778961727785652	0.9668322961217114	-0.8557461340409288	-0.8462929317969448	0.2320798527371342		-1.0394922678318907	-2.478849271899623		-0.0245634337905678	-1.5900910790360214	-0.2345386974875832	-0.6476416209778841	-0.3307159476533407	-1.2302569421384637	-0.6078974977664324	-1.0408155755462656	-1.554648808703193	-0.8590496822077378	-0.5630915625704028	-0.9036668975250326	-0.2902588423654662		-1.3458984637803242
ENSMUSG00000139920.1	ENSMUSG00000139920	ENSMUSG00000139920	DOWN	0.48088023088023085	1	6	1	3	2	3	0	7	-0.5010862345475626	-0.17990915672060476	-0.2134860390400121	-0.24596788354489965	-0.03694506542739585	-1.5079459501779429	-0.1634905410947438	-0.1963277723464657	-0.0186969092312348	-1.4498693656904602	-0.3511265922432777	-1.195143856589823	-0.1633000986459244	-0.354637511714642	-0.8503481993688689	0.466035002641306	-0.7321556631569949	0.0533676484898868	-0.621650521421233	0.1383007481469021	-0.4862384161009919	0.2199477491684215	-0.469484508011294	-0.1634905410947438	0.2065396224068116	0.4679381695451889	0.1110329811180725	0.1942007228029889	0.1692771421390004	-1.1195395048472254	0.0046254487657104	-0.0922343536653304	-0.2002938570049376	-0.1760455728117652	-0.6002216652558762	-0.4508370602557853	0.2313596328840985	-0.4402766182558458	-0.1963277723464657	0.0819111354905499	0.3878712225904708	-1.3989067788696323	0.5753562648560941	-0.7314026382794685	0.111397935155284	-0.8453035818236274	0.6208121117141098	-0.0881773341531517	-0.9961080696828176	-0.2274178724065476	-0.0938122431827808	0.1194942931262799	-0.0186969092312348	0.0080010975978863	1.0034148531852456	-1.507193417834421	-1.4498693656904602	-1.4283407802722845	-1.0626018707715814	-1.6637595738089856	-0.6036861069408069	-2.84017053592706
ENSMUSG00000121490.2	ENSMUSG00000121490	C920006O11Rik	UP	0.4771524771524772	7	1	4	0	4	0	5	0	1.013325561065986	0.7519422089482635	0.826433352852997	1.1770807787242357	0.5144128191775054	1.5353752935092058	0.4385855353399827	1.0652988825565444	0.4245463984798155	1.3843708103081709	1.7043683872595763			0.0441474670603165	2.600520732664609			-0.3677865120772522	0.4689745522678825	0.4081965184120829		-0.5793994349029251		1.905012292721848		-0.191852628234236	0.0255867526492153	1.6984973295026438			0.3818954189940279	-0.0769627879277057	3.3053703756632897		1.2352096307101514		0.6611555508844272	2.00096673831457		1.0652988825565444	0.3030873955470947	0.7868220817883433	1.729228795414626		0.8459597328295553			0.3713457845792475	1.0301773393990918	-0.0607736155974916	0.7930464919594928	0.2539190230853003	0.8711762563559395	0.4245463984798155	0.1003179615065974		1.3843708103081709	1.2466676058412842	2.4218667424493865	1.426065678848786		1.1979056300984008
ENSMUSG00000087014.2	ENSMUSG00000087014	Gm16364	DOWN	0.4729437229437229	1	9	0	3	1	3	0	6	-0.6020439079914198	-0.5121078170712572	-0.21553502095379468	-0.3696427132718909	-0.21981775200555465	-1.603180145734439	-0.3629750606999648	-0.6612405734425495	-0.3516902332559589	-1.5628986177730708	-0.7058608735484136	-0.3878410068075342	0.1699540398259812	-0.60291650333873	-0.7294866699650644	1.0725143768372438	0.1342158779625788	0.4826597695946116	0.7539756719880024	-0.694674747302694	-0.4078306932377947	1.2036759300578903	0.2803008231299892	-0.8403207497864995	0.3241229706294974	0.0534683139414851	0.533865397012798	-0.5919764440356584	-1.089498180218325	-0.8712219678560726	0.4130096138751031	0.4151949839881338	-1.5662505517314411	-0.3410755930653971	-0.3629750606999648	-0.8155128023153837	-1.6489614906867975	0.6633497408374943	-0.5655873220842603	-0.7937714314296996	0.3665881867428698	-0.7568938248008387	-1.131541628896911		0.4498091817454653	-0.6301904778307394	-0.9471081134193238	-1.0109483384480529	-1.14389231061869	-0.3516902332559589	0.5791468111154009	-0.6056212118066803	0.2625002959519406	-0.1712031092299388	1.151202233735476	-0.7081001233133016	-2.075298303559017	-1.5628986177730708	-2.133201906403362	-1.3140457384621462	-0.447884927067156	-2.98083140356302
ENSMUSG00000121127.2	ENSMUSG00000121127	Gm57057	DOWN	0.45707070707070707	0	15	0	4	3	3	1	3	-0.5134464839186207	-0.5296485788493734	-0.6265385965942447	-0.815811025637873	-0.06577218278567552	-0.5456641306566895	-0.4561904431296379	-0.60522135434925	0.1136367775963605	-0.603106714569109	-0.1742569676634316	-1.4830204369920694	0.1033946647096833	-0.3141460629700503	-2.2163518795380144	-1.0051642166372317	-1.063757044682075	-0.2578194720768176	-1.1196385306340424	-0.0384961221084066	-0.3377879151197048	-0.3226924363301671	-0.5684004398642375	-1.4773990251632	-0.0722884887318739	-0.3775263343365507	-0.4561904431296379	-1.0034767826483886	-1.028685214417413	-0.6501552264080411	-0.3565423245110646	-0.0751391962462987	-1.9979305843051056	-0.5290588091362974	-0.4591204441484217	0.1219240126162927	0.2431836124279594	-0.4304157603066658	-0.60522135434925	-0.2695996231867058	-0.8831564655685805	-1.4370738914395762	-1.737352505174144	-0.3478575794401886	0.2442465043494824	-0.4293835654674378	0.3909490271338645	0.1136367775963605	-0.9496524786212308	-0.1783842317184964	-0.3943358975858949	-0.3871781864810684	0.5023838431645358	0.1200638593665451	0.2441603376209094	-0.0333685351773355	-0.7254271440883501	-0.8852475434652454	0.4139143753607605	-0.603106714569109	-0.2773460780403815	-1.7090672746171658
ENSMUSG00000127389.1	ENSMUSG00000127389	Gm68178	DOWN	0.4533429533429533	0	16	0	3	2	4	0	3	-0.7626639832282204	-0.7507539148686069	-1.0438668448515955	-0.9068822163702507	-0.2833914035863521	-0.816515468104683	-0.8561605008407678	-0.8987183621656509	-0.1517523846755314	-0.645347328896446	-0.6341064543701059	-2.238916818413602	0.0706984159373752	-0.6880899404917465	-1.8702672490371692	-0.8466772099524517	-2.2138366056004743	-0.4110623130721451	-1.211025732658672	-0.3430327026365678	-0.0987991138654155		-1.5145094200900393	-1.5756508062607726	-0.7235723534545069	-0.0487775199031743	-0.8768559317622276	-1.2542421040080072		-3.6791387916783487		-0.2643613342481222	-0.8656437917290839	-1.7670337959474742	-0.3052503835829723	-0.9915104445182068	-0.7011418750943842	-0.9519267836012304		-0.1700432869480224		-1.7928715055977271	-0.8987183621656509	-0.7208511435386223	0.0729995656468558	-1.8866586913500192	0.664330818238575	0.2132895542184399	-0.9725056702287228	-0.6341650425975945	-0.2451383945209677	0.2590108424625324	-0.8300136629442505	0.3932976263008094	-0.1517523846755314	-1.4323598419352472	0.1362841210653513	-0.6270310882482744	-0.6636635695446175	-0.6212632514740376		-1.691059178491273
ENSMUSG00000073535.8	ENSMUSG00000073535	Gm5532	DOWN	0.4511784511784512	2	7	0	3	0	6	2	4	-0.6353653550401633	-0.9237551011635723	-0.3802574267497681	-1.029691523583635	-0.874240837997639	-0.25727163182961155	-0.3224969124676317	-0.7676064456945076	-1.079903756632637	-1.088836293089694	-0.3279542427388043	-1.4767053737465747	0.1303739267239318	-0.622119462617991	-1.7412935232519748	-0.2082852338400719	-0.3128629737298873	-0.6664324865208807	-0.9757822798246673	0.2935566448805468	-0.3005404893761139		-0.3224969124676317	-0.8770912617809522	0.579859842715593	-1.0515017765629922	-0.372041132015141	-1.391691485457324		-0.1127264441168076	-0.8327087886216741	0.7190200622817945	0.11855572913136	0.1330867600587202	-3.32847958744197	2.28802490253556	1.1517999170397497	0.0700178059844593		-2.764716096245293		-0.7676064456945076	-1.322277993369103	-0.3638748885937301	-0.0577454608816973	-1.1594315777514124	0.1855350201172506	0.5136097880247985	-1.3306716875809086	0.5260441139959423	-2.8052695420509624	-1.079903756632637	-1.5617930618367206	-0.3647259108669501	-2.482297142510731	1.6599938742082223	-1.3173543632691196	-2.1810145456652723	0.1980172472678443	-1.1708050658540758	-1.088836293089694	2.0990977235948143
ENSMUSG00000111556.4	ENSMUSG00000111556	Gm19299	DOWN	0.44781144781144777	0	14	0	3	1	3	1	4	-0.5422934874535416	-0.5713556253256948	-0.9121284598701931	-0.7852592023740991	-0.075196926364406	-0.396589361205468	-0.7144731309855546	-0.8553006826064202	-0.0130183700236347	-0.428238119665835	-1.5627243215919877	-1.6882787588799189	-0.2012497230011225	-0.8524407792315752	-2.075898793913155	-0.4523227085771313	-0.6244205257591399	-0.4180866431139391	-1.8464366658273048	-0.1427751375338336	-0.153509619466302	-0.1300472423976659	-0.7144731309855546	-2.8953163285151606	-0.216951025949912	-0.523075758043961	0.1198124599244995	-1.4980160671276157	-0.8903312991182059	-1.2935908272382164	-1.0486256582235574	-0.9983282499101224	-3.194290836609931	-0.7321269500429007	-0.0875234492972338	0.0220469857177385	-0.5284873617820043	-1.1841694325506944	0.0582823815148258	-1.2898429819393673	-0.2527541989187544	-0.8553006826064202	-1.180639046415216	-0.7923904557030675	0.0659239971279761	-0.6968939899135264	-0.4145268811081105	-0.6152216406549316	-0.1857311750559298	-0.1716259468536788	0.3735142869592296	-0.0130183700236347	0.6054634402791016	0.1183215305377309	0.1066285586973077	-0.9012500148970316	-0.072084115193946	-0.131150730331217	-0.6655702757543398	0.8892375814040578	-0.428238119665835	-1.4670698539999645
ENSMUSG00000102098.4	ENSMUSG00000102098	2310016D03Rik	DOWN	0.4385521885521885	0	13	0	3	1	3	0	4	-1.7654698091838246	-1.9053022327320948	-2.1151590459569922	-2.0103647142048917	-0.47103595251916686	-2.465319524054247	-2.204183751691371	-1.6064207137728186	-0.2662422227376901	-2.528662706177768	-2.745518774120129		-0.1880322799514059	-0.5527160528401889	-4.243690552614559		-4.28307451380039	-0.9373760765345572	-2.2007437222332467	-0.1614239388162111	-2.204183751691371		-1.882424249105716	-2.59801926175009			-1.2396196468303458	-2.7210249981204173			-2.4732305369189467	-0.9347799774741764	-4.219052523802027		-2.372792924665089			-1.6064207137728186	0.0133039371949359	-1.4655656955374612		-5.082041508632653	-1.911099590276463		-0.1538334023497285	-1.6752330002521547	-0.1646426716477491	-0.3982999588559091	-1.455353304471871	0.5138114932341974	-0.5344503080454661	-1.1249616700918452	0.1875910884114251	-0.2662422227376901	-0.109781520904044		-2.528662706177768	-2.8929137706157184		-4.256946144191452	-1.2233463825175424	-1.424728616768753
ENSMUSG00000100826.8	ENSMUSG00000100826	Snhg14	DOWN	0.4292929292929293	1	12	0	3	3	3	0	4	-0.47096916394655786	-0.38827600928563194	-0.49654257920798306	-0.4462124217694287	0.0626067027821206	-1.0037283575909404	-0.3953103151728441	-0.3812417033984198	-0.1039753984690112	-1.1558302333799706	-0.3780925628422249	-2.128745467199163	0.1064249770478414	-0.2094030193081556	-1.0428001294490754	0.2038570505138821	-1.155047747497857	-0.0225858054136554	-0.7612295491132853	0.3956710563297378	-0.1634770298176668	0.5990435528641164	-0.6775374305538451	-1.154095453982827	-0.4174968809581601	-0.5024687628355541	-0.098298033498226	-0.3953103151728441	-0.3938816711217562	-1.469850286784803	-0.3097988721250448	0.0418743180695559	-1.0902190882341511	-0.561398289706048	-0.0085609205958459	-0.7337518491855446	-1.079471428044942	-0.5498714085828507	-0.3812417033984198	-0.5369334061782556	-0.1985200861274872	-1.4269280019035038	0.0643305200624852	-0.094322866257969	0.3491847019777804	-0.7889018610768843	1.1728528098403554	-0.2784416187172226	-0.3541467678006163	-0.1039753984690112	-0.1235695253821818	0.1402543097804957	0.9466489667098212	0.0473597919548407	-0.3185916782140506	-0.5947340213522561	-0.943188849711733	-1.2556941321439945	-1.5489317170702444	-1.1558302333799706	0.2443049226391441	-1.772024472117529
ENSMUSG00000121477.2	ENSMUSG00000121477	Gm64742	DOWN	0.427970177970178	0	8	0	3	2	3	0	5	-0.32741241438531693	-0.3025835469700074	-0.19140835552399985	-0.496242148282903	-0.04078041822405804	-0.5812187355103068	-0.1518926447180308	-0.453274449221984	0.0443323480416307	-0.5212804198162385	-0.0103412859830978	-0.3861696028190772	0.0110882973849084	-0.0959041199787268	-0.5246169442456946	0.1480550734420529	-0.4786812829344576	-0.1339273478680717	0.0622352347206231	0.1175258465585879	-0.0395580058357081	-0.0901629618117634	0.0772155038055924	-0.2205367739441447	-0.1345332442432308	-0.1832185953344877	-0.2007147596689275	-0.2419543394888295	-0.339766428224669	-0.5562405586107467	-0.1200758009544228	-0.1518926447180308	-0.316617376158592	-0.0548645645605084	-0.2779517100169975	-0.4200361900249972	-0.6063810176345786	-0.2380960860164923	-0.0131201024134131	-0.917993374850084	-0.2560706148163363	-0.7411380869598171	-0.8540023237021938	-0.453274449221984	0.0054634499915831	-0.4427067646957854	0.9342614925292198	-0.5094496769214232	-0.39553682373107	0.118591688819158	-0.4514884890891406	0.0678751927788203	0.0443323480416307	0.0665210101180931	0.1135519716942759	-0.5212804198162385	-0.5104005610857467	-0.4840817531744836	-0.6800703827220252	-0.8646308633693264	-0.151150108821113	-0.8569170595832148
ENSMUSG00000120743.2	ENSMUSG00000120743	Cirbil	DOWN	0.41919191919191917	0	6	0	3	2	5	0	4	-1.144848488617356	-0.5581806585176112	-0.26555337497689313	-0.8471723762001782	-0.3270863015575182	-3.1395819017348345	-0.26056730576454074	-0.8118126133653838	-0.3045487036698387	-3.1887120983835757	-0.3943749852515811	-0.9637118694996006	-0.5923696300062503	-0.3275065398841867	-0.1936280716448948	0.2772384592616824	0.1692583934504344	-0.6286862062603974	-0.6458495026614187	-0.0705000125471998	-0.8447463310371119		-0.6153526974151226	-0.0851767837874284		0.8149769089941031	-0.9136020921659812	-0.1073274367315302			0.6217625836997418	-0.0769283889794279	0.0497469219369575		-0.7842902190086506			-1.031532013654552	-0.8788162769906961	-0.6485843485305021		-1.5512755961010505	-0.228017072184197	-0.7448089497400716	0.4188847894470762	-1.00423944495463	1.10633087480457	-0.2807966495385234	-1.3640920669775187	-0.7211110882136792	-0.6481917686341685	-0.4193468279713455	-0.1191181057958919	-0.2617203256287504	-0.3045487036698387		-3.124326103196722	-4.93086726122429		-3.1887120983835757	-0.81130005868548	-3.642703987184105
ENSMUSG00000097746.3	ENSMUSG00000097746	Gm6225	UP	0.40704665704665705	11	0	3	0	4	0	3	0	0.5606923732992711	0.5450142605270951	0.6507841908747626	0.5714689247698486	0.4769176687392096	0.543598708813264	0.5993027324760076	0.4383300141674456	0.4907257885781827	0.6275963771409113	1.0648827282543996	0.6928825033546682	0.2764348574686249	0.2134675890199353	0.9183008776486854		0.4337854666209938		0.6102416294303928	0.2073216945194735	0.840119037983147		0.5883638355216225	0.8066191390353853	0.3733531767529102		0.0658826092082861	1.221151692214816	1.61808909174019	0.0687580567777758				0.3983333133879095	-0.049216172414184	1.1994803137701762	1.4674323772000448	1.1091326341502086	0.0357518585543134	0.4383300141674456		1.212075366560169	0.0620547504171064		0.2698625442375991			0.0119423397121189	0.7496239081547629		0.5445883941245071	0.8493232360384064	0.6771830228608492	0.2759547217535747	0.4368631830318584		0.0426535067927497	0.6275963771409113	0.3249073141919359	0.6620628430757874		1.0607735028649357
ENSMUSG00000126686.1	ENSMUSG00000126686	Gm74764	DOWN	0.4057239057239057	4	7	0	3	0	4	1	4	-0.36462670338137615	-0.3726402623872711	-0.014818135319771705	-0.8025205370144588	-0.27936410573036324	-0.3618040354609109	0.0504282782018971	-0.5476926813886674	-0.1975878433858747	-0.5944807343972097	-0.3726595979207142	0.2014034976473318	0.2121393828065547	0.0741070134725639	-0.587998048058576	0.0504282782018971	-0.5187944005604436	0.2131478165403846	0.2036003382224083	0.3917480678486741	0.1505394928829055	0.787251772803994	0.1469890001213916	-0.4775300980177926	-0.0244205224399927	0.0040954768759124	0.4446179814639796	-0.0585026284260037	0.5742601881089537	-0.3605234553704732	0.4131788111333638	0.5244205726131338	-1.0978400911512738	-0.0282852868852046	-0.8055885311121083	-0.0982801662327496	-0.3615945182019525	-0.3969477604990197	-0.7248137496538437	-1.8932506044892192	-0.5476926813886674	-0.5359399508629947	-1.450223192641756	-0.068775819565711	-0.1975878433858747	-0.8654185497835247	-0.8358256809545651	0.5462394435155185	-0.6228643543221455	-0.7203419637270617	-0.1086530108327303	-0.1975418498039615	-0.2258138568896764	0.1882675519106443	-0.0334650487606186	0.2783238440848819	-0.7153075540376275	-0.8541169185469324	-0.1693650893232622	-0.5944807343972097	0.6074408868370883	-1.0851226828433145
ENSMUSG00000097350.5	ENSMUSG00000097350	4732491K20Rik	DOWN	0.38852813852813856	1	9	1	3	0	4	0	3	-0.2741818756857315	-0.22238355936350615	-0.2953321380290603	-0.2057562261486445	-0.2908619209938303	-0.30477721757139103	-0.2382486652126669	-0.1484508945486344	-0.2947449725516933	-0.2065184535143454	-0.1773426318326602	-0.2369573889844076	-0.0024166520976743	-0.2395399414409262	0.8904885304784002	-0.0877894077202309	-1.2591643219574224	-0.6349430617925389	-0.3024133978750323	-0.2185060482962309	-0.5105580242804721		-0.5984432944844382	0.005597733818648	-0.5139761028801285	-0.8489776744725368	-0.6617140242391296	-0.2716753402772308	-0.3585437028424756	-0.6733207552023993	-0.1955593661085464	0.1098475185454797	0.2179345101881063	-0.2155761031444699	0.0281897159473095	-0.9963395280524864	0.0730631702479259	0.3137934546588203	0.4501218086536533	-0.5948066021445299	-0.8011274776398111	-0.5840124197456418	-0.0758114522743678	-0.1484508945486344	-0.4104193007322839	-0.2417140515335142	-0.6315494003966913	-0.2580952180902851	0.0888982619849462	0.0176911113229975	-0.2947449725516933	-0.6163867081660738	-0.3474585103736215	-0.0841035275001026	-0.4215988148958112	-0.1367858620358583	-0.2065184535143454	-0.518320822420879	-1.0032834622069804	0.1559551526553055	-0.6604129193486242	0.2359258438716443
ENSMUSG00000085566.2	ENSMUSG00000085566	A730017L22Rik	DOWN	0.35654160654160655	1	8	0	3	0	3	0	3	-0.3769936002710415	-0.25981269780556054	-0.384123415855851	-0.8116691761581851	-0.11748830861265479	-0.19469350045747508	-0.3696109372635074	-0.7393702721668218	-0.0928514739931277	-0.1500144583476137	-1.049330070246249	-0.9011368755646216	0.248334129047242	0.0075794254772724	-2.284347709634867	-0.2030199974176148	-0.6168341250507511	-0.1673490707753813	-0.7609076702219619	0.0029174243330115	-0.4865930127517955	0.1807567648185362		-1.6047435898463047		0.0319695406185436	-0.2526288617752193	-0.8464256203472027	0.4963746310405063	2.57590037829739	-0.6282825849541309	-0.0201369477546402	-1.6527891344746437		-0.5200221716458416			-0.6095014031348595	0.0357358930526673	-0.8692391411987843	-1.1927397160734103	-0.5206580333965133	-1.7136126561982112		0.0450190376741119	-0.4942449943058786	0.1237032208219697	-0.4320165814028286	-0.474882220088835	0.209019361995777	-0.1536800670011125	-0.262125302595916	0.2132940469229216	-0.0928514739931277	0.0263935772337153	-0.1012065899714971	-0.5722701428393235	-0.1500144583476137	0.2975141820521203	-0.6129716262243928	0.4888691543628045	-0.7127750222344235
