# --- Comparative Meta-Gene Profiler (CMGP) Results ---
# Total Datasets (N)   : 52 across 4 groups ['Cachexia', 'Sepsis', 'Disuse', 'Denervation']
# Input Significance   : PValue < 0.1
# Permutations         : 100000
# Mode                 : eFPR Boundary (min datasets where eFPR < 0.05)
# k-adj/boundary Applied: Ignored
# Expected Common FPR (ecFPR)          : 9.0402e-07
# Base Universe Size (for ecFP)        : 15937
# Expected Common False Positives (ecFP) : 0.01441 genes
# Sorting Criteria     : Count_Ratio (Average of hit ratios across all groups)
# ----------------------------------------------------
# Group 'Cachexia' (N=27, Univ=15937):
#    UP Req  : 11 (mFDR=0.0897) | E_UP=342.01, eFPR_UP=2.1460e-02
#    DOWN Req: 10 (mFDR=0.1651) | E_DOWN=636.92, eFPR_DOWN=3.9965e-02
#    Total Expected Noise (E) : 978.93 genes, Total eFPR : 6.1425e-02
# Group 'Sepsis' (N=7, Univ=14625):
#    UP Req  : 4 (mFDR=0.2526) | E_UP=560.61, eFPR_UP=3.8332e-02
#    DOWN Req: 4 (mFDR=0.1985) | E_DOWN=309.03, eFPR_DOWN=2.1130e-02
#    Total Expected Noise (E) : 869.65 genes, Total eFPR : 5.9463e-02
# Group 'Disuse' (N=11, Univ=14874):
#    UP Req  : 5 (mFDR=0.2289) | E_UP=422.55, eFPR_UP=2.8409e-02
#    DOWN Req: 5 (mFDR=0.2825) | E_DOWN=734.35, eFPR_DOWN=4.9372e-02
#    Total Expected Noise (E) : 1156.90 genes, Total eFPR : 7.7780e-02
# Group 'Denervation' (N=7, Univ=15535):
#    UP Req  : 5 (mFDR=0.1108) | E_UP=332.31, eFPR_UP=2.1391e-02
#    DOWN Req: 5 (mFDR=0.0664) | E_DOWN=150.58, eFPR_DOWN=9.6929e-03
#    Total Expected Noise (E) : 482.89 genes, Total eFPR : 3.1084e-02
# ----------------------------------------------------
Geneid	Geneid_clean	GeneSymbol	Dominant_Direction	Count_Ratio	Cachexia_sig_up	Cachexia_sig_down	Sepsis_sig_up	Sepsis_sig_down	Disuse_sig_up	Disuse_sig_down	Denervation_sig_up	Denervation_sig_down	Final_Avg_logFC	Final_Median_logFC	Cachexia_Avg_logFC	Sepsis_Avg_logFC	Disuse_Avg_logFC	Denervation_Avg_logFC	Cachexia_Median_logFC	Sepsis_Median_logFC	Disuse_Median_logFC	Denervation_Median_logFC	ERP145838_Sham_vs_334P_cells_injection_edgeR_results.tsv	SRP055049_Control_vs_C26_cells_injection_edgeR_results.tsv	SRP125804_Fasted_vs_CACS_edgeR_results.tsv	SRP148786_PBS_vs_LLC_edgeR_results.tsv	SRP172440_Control_vs_KPC_tumore_cells_injection_edgeR_results.tsv	SRP224400_Control_vs_C26_cells_injection_edgeR_results.tsv	SRP238415_Control_vs_C26_cells_injection_edgeR_results.tsv	SRP246188_PBSinjection_vs_LLC_cells_injection_edgeR_results.tsv	SRP279572_Control_vs_KPC_edgeR_results.tsv	SRP288335_Control_vs_LLC_edgeR_results.tsv	SRP304002_CACS_neg_vs_CACS_pos_edgeR_results.tsv	SRP321471_Control_vs_C26_cells_injection_edgeR_results.tsv	SRP337393_Control_vs_Melanoma_edgeR_results.tsv	SRP342685_Control_vs_KPC_tumore_cells_injection_edgeR_results.tsv	SRP400565_Control_vs_TOV21G_cells_injection_edgeR_results.tsv	SRP426212_Control_vs_KIC_edgeR_results.tsv	SRP436115_Control_vs_LLC_cells_injection_edgeR_results.tsv	SRP441976_Control_vs_KPC_tumore_cells_injection_edgeR_results.tsv	SRP468164_Control_vs_C26_injection_edgeR_results.tsv	SRP518009_Control_vs_C26_injection_edgeR_results.tsv	SRP519530_Control_vs_KIC_edgeR_results.tsv	SRP526827_PBS_vs_LLC_edgeR_results.tsv	SRP535687_Control_vs_Kras-IKKaL_cells_injection_edgeR_results.tsv	SRP544896_Control_vs_CT26_cells_injection_edgeR_results.tsv	SRP560874_Control_vs_B0092_cells_injection_edgeR_results.tsv	SRP567610_Control_vs_C26_injection_edgeR_results.tsv	SRP597284_Control_vs_CT26_cells_injection_edgeR_results.tsv	ERP131935_Sham_vs_CLP_edgeR_results.tsv	SRP388005_Saline_vs_LPS_edgeR_results.tsv	SRP475349_Saline_vs_LPS_edgeR_results.tsv	SRP511238_Saline_vs_LPS_edgeR_results.tsv	SRP553590_Sham_vs_CLP_edgeR_results.tsv	SRP591840_Sham_vs_CS_edgeR_results.tsv	SRP646634_Sham_vs_CS_edgeR_results.tsv	SRP114869_Control_vs_Hindlimb_unloading_edgeR_results.tsv	SRP220337_Control_vs_Casting_edgeR_results.tsv	SRP293052_Control_vs_Hindlimb_unloading_edgeR_results.tsv	SRP307991_Control_vs_Hindlimb_unloading_edgeR_results.tsv	SRP395698_Control_vs_Casting_edgeR_results.tsv	SRP396700_Control_vs_Casting_edgeR_results.tsv	SRP449926_Control_vs_Casting_edgeR_results.tsv	SRP454976_Control_vs_Hindlimb_unloading_edgeR_results.tsv	SRP455216_male_Control_vs_Hindlimb_unloading_edgeR_results.tsv	SRP522174_Control_vs_Hindlimb_unloading_edgeR_results.tsv	SRP588888_Control_vs_Hindlimb_unloading_edgeR_results.tsv	ERP143166_Control_vs_Denervation_edgeR_results.tsv	SRP196460_Control_vs_Denervation_edgeR_results.tsv	SRP371311_Control_vs_Denervation_edgeR_results.tsv	SRP406911_Control_vs_Denervation_edgeR_results.tsv	SRP411450_Sham_vs_Denervation_edgeR_results.tsv	SRP420335_Sham_vs_SCI_edgeR_results.tsv	SRP484329_Control_vs_Denervation_edgeR_results.tsv
ENSMUSG00000021595.19	ENSMUSG00000021595	Nsun2	UP	0.9494949494949495	24	1	7	0	10	0	7	0	0.7441039297721281	0.6021515322807938	0.7116696109357221	0.7293775241449738	0.4454461871682059	1.089922396839611	0.7180991469185716	0.486203917643016	0.3684065715667906	1.1262592290206572	0.3856507014273372	1.1669513076351512	0.6643683159099456	0.6198304002426426	1.6017591212172486	0.7180991469185716	0.9605700847915796	0.79353746555792	1.0967607044437009	0.1987896250587621	0.3973140575145521	-0.6278652074591003	0.2300538009088992	1.26378483443874	0.4180004107318831	0.5026850402347749	0.8520272812421835	1.0475873322753866	-0.0709859231721231	0.7769470516043161	0.8002180617131731	0.1553353550149618	1.431561575284209	1.581366603906171	1.1128388688747477	0.4229415601889843	0.7149519187598815	1.5003059930098783	0.3625109415595763	0.3233734232076686	0.4265425509861493	1.330554999110741	0.486203917643016	0.6761508434977873	0.4351902939809728	0.513948471791059	0.5341963316476172	0.4628013435337694	1.4552764534102474	0.1286141855893479	0.2473567074195803	0.3684065715667906	0.3100461884226528	0.262621178678309	0.1814503328099192	1.175440369711986	1.318819127301189	0.9449524215687906	0.8625046576514243	1.346890148560639	0.8545908240625906	1.1262592290206572
ENSMUSG00000039703.17	ENSMUSG00000039703	Nploc4	UP	0.9360269360269361	25	0	7	0	9	1	7	0	1.0736401485420697	1.0392993785528717	1.330237529812493	1.4026540773136607	0.5884230613181414	0.9732459257239839	1.2705706217860704	1.2544743177359814	0.4661459047173779	0.824124439369762	1.1453159047499577	2.5762347383646103	0.782956319492318	1.3167703838348923	3.1118811301467537	1.2705706217860704	1.938328478041488	0.8417318126422724	1.6234822869942331	0.1615459412207561	0.7798157448024325	0.0857654391384435	0.6390915926777133	2.25054405668325	0.3476044262598769	1.035451235788161	0.4196383390980233	2.0877152368566803	0.918956320909884	2.1426233468357005	1.3697854955668851	0.0716524206944127	2.793426029035736	1.9583705557712012	1.7260723689554398	1.1482363614121829	1.3728467171779355	2.276583549330288	0.1367884286122677	1.0011286517913431	0.7010037982504723	2.483072734645005	1.2544743177359814	1.9655270608302664	0.4661459047173779	0.7531546793412334	0.9731486335463868	0.3124218932299359	1.9156308612947743	-0.164118625123285	0.8162632709658337	0.601479262467117	0.2600794347596682	0.2283994465615461	0.3100489127389661	0.824124439369762	1.795486775207899	0.7951081137844296	0.6781099214274586	1.3076432805852665	0.9188351490020198	0.4934138006910513
ENSMUSG00000035247.18	ENSMUSG00000035247	Hectd1	UP	0.9360269360269361	25	1	7	0	9	0	7	0	0.8787959062905144	0.8166429641585089	1.050531064795097	1.4658440268021724	0.3646022013614541	0.634206332203334	0.897851417521367	1.671747387075363	0.3355675522066452	0.7354345107956507	1.0060786233746817	2.087437671991446	-0.2583483629078084	0.9209274107960472	2.120863294873617	0.9726548175038024	1.6467121952402572	0.6242574974743259	0.897851417521367	0.3970289706525275	0.5723729166446783	0.0614749616997293	0.7433311189728904	1.6198919867742898	0.2020411322785599	0.5700043400517166	0.5386353872720728	1.9397000073252788	1.3269944338547246	1.5123002773022742	0.8125371883236715	0.3593464480341733	2.169410443432386	0.8924575873184051	0.8790945930773333	1.8115076048509795	1.937774785734188	1.5531683921821335	0.2025389312103516	1.613863637970017	1.6849447132706263	1.85444458758973	1.671747387075363	1.6802005383169858	0.2716368068566659	-0.2442097431410778	1.0047445385309948	0.2392843720150321	0.7388053081155058	0.0258764364351435	0.3355675522066452	0.3805575055193013	0.4275494120832866	0.3268443112374771	0.5039677151170208	0.9334505001994744	0.7624803117377299	0.7783851956962884	0.276894224373708	0.7354345107956507	0.5611543892093176	0.3916451934111687
ENSMUSG00000021477.10	ENSMUSG00000021477	Ctsl	UP	0.9322991822991823	26	1	6	0	10	0	7	0	1.4188123053876889	1.64344204532821	1.5246470660316986	2.027306754448939	0.6248381338597226	1.4984572672103957	1.736295982148956	2.0871211132735707	0.4679858243958072	1.550588108507464	1.7794007349058163	2.645112889632381	0.5640535256310564	0.7259174621196666	2.58164731378146	1.736295982148956	2.3299329534285107	1.0611476649670022	2.032024279006686	0.4733083313831199	0.5002319524341013	-0.1913699794061069	1.386488663231526	2.536306378930837	0.5783869710942202	1.480409201181074	0.8315667275665556	1.7675890039463986	1.2285249270574012	2.6870079841627383	1.953423711591128	0.4758598936794558	2.262974255517063	1.9316840676514528	0.8559056245630863	2.267502487589034	2.6841377750612456	3.312032332837404	-0.0525315175664776	1.8124651629031052	2.639975400174273	2.0871211132735707	2.561681060910844	1.830403728609853	0.3136425752530887	1.0022359083021903	0.6486856317206037	0.1679041748198532	2.0904212867397445	0.0350553873068543	1.183870258445174	0.1284070511954272	0.4679858243958072	0.1650128985712792	0.6699984757069256	0.793076515178591	2.28137337679935	1.6161798779387415	0.6658223168479549	2.2836073768734604	1.550588108507464	1.298553298327208
ENSMUSG00000036390.9	ENSMUSG00000036390	Gadd45a	UP	0.9267676767676768	24	1	7	0	9	0	7	0	2.640957904070669	2.2601899630725484	1.614826073308897	2.6730910023770584	1.2956866089161776	4.9802279316805445	1.6089446418134186	2.911435284331678	1.0823735924478604	5.453441127252516	1.44501048156473	1.4024275810781903	0.8440670036930782	1.2276519634843164	3.3280810083543915	1.20432589038534	2.9660827971211505	2.300963185437728	3.2172836846928328	0.5730679571346434	0.7559100723577414	-1.4678932560238107	1.7531550419215391	2.440859987397766	2.6296908619744648	1.6153010562810848	1.6089446418134186	2.695272072696853	0.7379163512926086	2.509432407489939	0.9579326844468128	0.4393487522489505	2.321861630658301	1.7633455614257736	1.8516142493569427	1.5201637408028048	0.9584865702526312	3.397610774198054	0.4190719391262341	2.289598134375106	3.9598334000428648	2.911435284331678	2.993547640379655	2.740539844185818	1.0823735924478604	2.3907770603732303	1.4675980154519723	0.698819293986635	3.365178883726643	0.1905452300925147	2.3058608239149336	0.1424149187010925	1.0013705145762606	0.2217203280141073	1.385894036792701	4.630628468094979	5.623340354985309	5.577508602074387	5.859849739052797	5.06883665398452	2.647990576319306	5.453441127252516
ENSMUSG00000047407.18	ENSMUSG00000047407	Tgif1	UP	0.9132996632996633	25	1	7	0	8	0	7	0	1.9511327174656476	2.0617927743362765	1.956123487042618	2.5237040995552653	0.8523913399309503	2.472311943333757	1.662787519664776	2.934024417572037	0.6966399202531812	2.4607980290077776	2.799936810505123	3.019614464978145	0.6692854316994936	1.2974514616086208	4.412532923941126	1.5115853480854025	3.041744424715185	1.662787519664776	3.204129059863491	0.121079474975937	1.4163244307662055	-0.8682350061150871	1.8282081488311968	3.361551187338621	1.639847104059328	1.539899133889559	1.4849789652043732	2.1884818666691377	1.426092060111141	2.536976135456491	2.1481788267977704	0.4161812855694654	2.973214003703648	1.6371654358036134	0.9535155933718048	3.2237317907083374	3.1690762679477853	3.879367909514749	0.2624583848120995	1.567177980531507	3.50397533507437	2.934024417572037	3.3004889750496997	2.2184356943323964	0.4696720090193267	1.548376618813303	0.6966399202531812	0.1719452074048161	2.5802206236169307	-0.1105227623168161	1.4873935564234897	0.9060180804692444	0.7973119191800424	0.139591380174414	0.6896581862025213	1.7634648862017837	3.0298489453083213	2.2480429021674766	3.238800696407524	2.4607980290077776	1.9667246535210237	2.5985034907223903
ENSMUSG00000031360.15	ENSMUSG00000031360	Ctps2	UP	0.91005291005291	25	0	5	0	11	0	7	0	1.4034072769048052	1.6405069748059589	1.6090508399849526	1.826423208621805	0.8753802323169027	1.30277482669556	1.6588317919848594	2.0659524612765603	0.7455945006892949	1.6221821576270583	0.9890179996778854	3.172133436538285	0.8522620525885897	0.9060420940986448	2.7337483307375976	2.0485231775687645	2.4175472768151414	1.489198231780094	2.458185317479599	0.5254412589027716	1.0261564225353892	0.296488954569156	1.9792737578543496	2.784849056052475	0.6986967589913141	1.0806691988092705	0.7444510547647112	2.671921295058556	1.473687337695183	2.570453011213073	1.7666627602631195	0.0046420283930019	2.242330925691793	2.1356200102067	1.9985358147025152	1.6588317919848594	0.7190033246208756	3.3601998516278417	-0.1988617622069412	1.459811380772931	0.0849107843630502	3.633961784093198	2.0659524612765603	2.3789879604259974	0.7006032681984021	1.5465841831584992	0.7611102091140928	0.3939110946515505	1.9838834059367707	0.3685091915889344	1.271033817880134	0.4755313055510064	0.7565824030373957	0.7455945006892949	0.6258391756798484	0.3507787149013729	1.7252355519674334	0.9508244708639104	1.0507214335381525	1.7938831587947497	1.6221821576270583	1.6257982991762443
ENSMUSG00000031490.7	ENSMUSG00000031490	Eif4ebp1	UP	0.9095719095719096	26	1	7	0	9	0	6	0	1.6223691968625535	1.5524452717303265	2.315592552162247	2.388768261855881	0.9728655084103847	0.8122504650217006	2.3472595921624926	2.4370751485489324	0.7576309512981606	0.6855820682932385	2.103145578073866	3.62476387720066	0.7420518046793207	1.275054487715359	3.913079482320055	2.2229095922475297	3.690898799735503	1.6993627258015556	3.436860206088116	0.5688054770226313	1.362065964139647	-1.0316342025855496	2.3472595921624926	3.925067653144272	1.4282379221291617	2.335084536501429	1.2917901116263577	3.484914189011555	2.546287375191784	3.955791603843252	2.582596788956873	0.7711184475060984	3.313476005744468	3.3646621569359514	2.298635503304999	2.661519811255157	2.6071934186281216	3.973443272195149	0.1399413364613923	1.951121062667624	1.2854364435875532	3.7408262739553697	2.4370751485489324	3.1935342955751507	0.649228601020495	2.3419512467039763	1.576299555359358	0.7444658561002183	2.2268000006216906	-0.1291323611716651	0.9575854035869336	0.8699312520291838	0.1833945294285136	0.523365557537365	0.7576309512981606	0.0893555472369943	1.559632906434978	0.6855820682932385	0.6192448111523674	1.32875854697388	0.7806080654139038	0.622571309646542
ENSMUSG00000005625.16	ENSMUSG00000005625	Psmd4	UP	0.9095719095719096	26	0	6	0	9	0	7	0	1.0382016299109442	1.035191103858562	1.2401188438222708	1.1717164429768103	0.6150822700446229	1.1258889628000728	1.021691802186737	1.1188612950168848	0.6017362269147525	1.048690405530387	0.6706581157736144	2.327619512706286	0.9778750969792136	0.7545111010683347	2.6613341128111023	1.1159931202345177	1.9965242329226327	0.9870160847007784	1.86459354352343	0.1813727940721774	0.8376596197826861	0.4042411372705498	0.6390822705292635	2.005917076555547	0.4515214091738635	1.021691802186737	0.4555553974781798	1.7729824960200498	1.166373067548665	2.132341558877062	1.3648959322045775	0.253391839885927	2.254070655255461	1.834518388304776	1.5430363155954256	0.8960773234673164	0.9123547782731376	2.185589776956153	-0.0312443594639663	0.5830916862895823	0.6625583408799266	2.0235786060528964	1.1188612950168848	1.6595797551061957	0.7297056432321902	1.1709846285172876	0.9211618502457638	0.2814800042336431	1.736767946631785	-0.0460040376246583	0.859761793723975	0.6017362269147525	-0.011632797987652	0.1997042099462048	0.3222395026575605	1.10513584480002	1.7011683574345915	1.048690405530387	0.9207061589483942	1.6731520177012291	0.5601129786969249	0.8722569764889644
ENSMUSG00000032078.18	ENSMUSG00000032078	Zpr1	UP	0.9095719095719096	26	1	6	0	9	0	7	0	0.9654138114927113	0.9702141634803352	1.151012451625813	1.1774483098297481	0.497051822517337	1.0361426619979475	1.028097328967245	1.160506190533359	0.3813712684604533	0.9123309979934252	0.7404408390286807	2.3638712615997544	0.6843196783044826	0.4669356085391394	2.1135029953618742	1.2769330983356268	1.9815040945677065	0.8585992883736313	1.7412659759460936	0.212769562400333	0.5888248930930251	-0.3748799848781756	0.7958773185735432	1.9278643722596192	0.5027728472314882	1.028097328967245	0.5722706545079366	1.7018482050492123	0.9523951842464748	1.7556310851295054	1.5176214988585397	0.3640698950755432	1.7799193543847582	1.87882625487876	1.54090827987303	0.9959266125818969	1.1092199916072232	2.1548436856555013	0.0195089370189701	0.5205436152797945	0.8921343262320522	2.228338057519615	1.160506190533359	1.2662633565689456	0.5447619720089638	0.6235759772477257	0.5763322611938931	0.2602382587466465	1.7302751971253736	0.1137760414506812	0.3813712684604533	0.3957391040190618	0.2359031671696151	0.3285736943573464	0.2770231059109464	0.7048242064186239	1.6284646221552388	0.8756177905027788	1.0265882670941249	1.4597376698628108	0.6454350799586287	0.9123309979934252
ENSMUSG00000028869.14	ENSMUSG00000028869	Gnl2	UP	0.9095719095719096	26	0	6	0	9	0	7	0	0.6488015210439367	0.6438165178015032	0.827468326685658	0.7915863233647922	0.3916821039521009	0.5844693301731959	0.8032171207495404	0.9070443396488068	0.370689284358304	0.4844159148534658	0.6487330946762591	1.521415382063536	0.2851828347614426	0.5946144062855879	1.828908850480074	0.8032171207495404	1.3277742437974955	0.6143545579853696	0.8973059514872127	0.2691626013573006	0.4747842838615325	0.4547999720431732	0.2354535897001862	1.2207784792411218	0.5314445551832682	0.6842610740376502	0.2179170554981926	1.4061852527779677	0.8559701232604522	1.1641612624474011	0.8323459276904958	0.3186066422985674	1.6752639512974388	1.0941157808288864	0.8717755843182059	0.6510024131415132	0.8621098292428934	1.34187597133914	0.0944696547373532	0.6443384325451362	0.485940260437134	1.069767791566164	0.9976678132798116	0.9070443396488068	0.4813188373995437	0.4099719874353359	0.6972219914015221	0.1651644737528903	0.9191212972085548	0.1110291204830351	0.4665457996597343	0.2927650565573849	0.2080880663418953	0.18658722887491	0.370689284358304	0.8323036175758235	0.9917942832180814	0.4844159148534658	0.3173245892332288	0.6523663535703554	0.436489680729467	0.3765908720319499
ENSMUSG00000045193.14	ENSMUSG00000045193	Cirbp	UP	0.9045214045214045	23	0	6	1	10	0	7	0	0.9204304131577354	0.8666165432684039	1.0273605284093348	1.0730715720503485	0.8500831854001277	0.7312063667711307	0.8413944453196847	1.193512356190549	0.8918386412171232	0.6868063023130072	1.2307910312217347	1.7816552035909952	0.2735385499105317	0.3204658913216903	2.720865363613852	1.2269323228608149	1.1700440798001084	0.5849306629873838	0.8075413287090217	0.2103925172408494	0.5153272900784684	-0.0195154358911113	0.4800756763700329	1.905029575311435	0.7038418373248967	0.7570475469316731	0.3614659993353153	1.819829609931097	0.8413944453196847	1.423674197159852	1.0159403267862337	0.1935606177245198	2.9529341589802134	1.581455671366484	1.4666561658533537	0.4561049244850534	0.9567547087278584	1.9624762884384828	-0.2007855974696751	0.3741854688139236	0.9195291472533406	1.193512356190549	1.2740429120604757	1.988540429065343	1.003689999707491	0.8918386412171232	1.8154798197014004	0.4231583569950563	1.1086238777778092	0.0895982131221662	1.2583827524171491	0.9309881011532668	0.5199482674235473	0.6416835063874319	0.6675235034989636	1.5925289199834272	0.7857586052509759	0.3128771599958451	0.978875503241524	0.6868063023130072	0.3768712683222998	0.3847268082908355
ENSMUSG00000031765.9	ENSMUSG00000031765	Mt1	UP	0.904040404040404	24	1	7	0	8	0	7	0	3.1431911957211	2.513254411246163	3.710147281932312	5.847941295152913	1.3453429926712948	1.66933321312788	3.5602245239417094	6.163736000219001	0.7073021922327709	1.4662842985506164	2.253254360491407	7.083016565119707	1.5203933496742352	2.4351424359623497	5.29887861613648	5.233250601004742	6.390984576472087	3.156585461775278	5.575150551432847	0.98578082209907	1.6270722609920636	-0.6328885733067602	5.792088087981278	6.075685577973289	4.288949066385699	3.5602245239417094	1.5296216044947857	5.1391984645875	1.1972887603786695	7.389485354040427	2.8646874843853207	0.6648722604140073	2.8329538752976795	5.794122820034732	1.8059806343977265	4.941458823496644	5.370738246509451	7.420223296896828	1.4837052090459648	6.163736000219001	7.125328878726617	5.862027550654072	7.339194701211757	5.541373429316152	-0.5987737407418154	5.16730754060278	-0.4611655187560657	2.155515934049913	2.9214106815994985	0.7073021922327709	2.370779733116326	0.4087886594320863	0.4648389296260192	1.0980820017546074	0.5646865064681218	0.5737956125393289	1.9895492135745905	1.3284500076487742	1.4662842985506164	1.7568995162163663	1.3057439633865502	3.2646098799789347
ENSMUSG00000004748.6	ENSMUSG00000004748	Mtfp1	DOWN	0.8965848965848966	0	26	1	5	0	10	0	7	-1.1893496575029432	-1.1378666651386935	-1.170222303645901	-1.1588090690719408	-1.0221438938718566	-1.4062233634220742	-1.0622241954647742	-1.1029406755294506	-1.1727926547479364	-1.49406737333255	-1.0622241954647742	-1.9444036972456724	-1.260050700484195	-0.8989523133560114	-2.411173353556019	-0.9225667313812792	-1.685054286668513	-0.8085860464922369	-1.4468985783980537	-0.1531508436232057	-0.9490071088223436	-0.3285069817418243	-1.0561091819070307	-1.83392627432645	-0.4054346584688766	-0.8588858793498972	-0.6798116294321509	-1.4683295291235892	-1.2395419748001106	-2.003946599511558	-1.4227947488889794	-0.3684645702297737	-2.1770569231263446	-1.357422481759668	-1.4904007478429768	-0.6478976768887691	-0.7154044855490274	-1.2312765515865385	0.1582615780242727	-0.7974523929744658	-1.8516095881198031	-2.3410281733027305	-0.9456176800148702	-1.1029406755294506	-1.498078274378289	-1.6408889684533388	-0.9561743903574346	-0.4850667744367653	-1.641289809587207	0.0435031350847038	-1.235336022266584	-0.5515651425482089	-1.59647998943447	-0.5094139414648926	-1.1727926547479364	-1.4461801680939828	-1.49406737333255	-1.8118193435189127	-1.5100918737867264	-1.7736577390882775	-0.8293620523320969	-0.9783849938019732
ENSMUSG00000021709.15	ENSMUSG00000021709	Erbin	UP	0.8947811447811448	23	0	7	0	8	0	7	0	1.1279493883144251	1.0988770487135207	1.1115381241036806	1.4262332135368767	0.5407368012915972	1.4332894143255455	0.8974360481758598	1.6864573642944505	0.3973703124277041	1.3003180492511814	1.6803061449767074	1.1856258118858816	0.6595955326117522	0.8974360481758598	2.9594059301186366	0.9821305178194168	1.2818725051483713	0.7740614202803958	1.2273204945615486	0.0725996834030795	0.5080222318131057	0.3287488130404855	0.8456795449414687	1.8567117300712437	0.6881701349624185	0.628344193847531	0.6428871657469731	1.695639627305715	0.6523269275145495	1.5503544478815825	0.3518801765815985	0.070628159436385	2.5321779143137424	1.302615666653897	0.7603369498957697	1.6371106622203315	2.23954091559093	1.7920621668206114	0.4778441951845219	1.7130422401378864	1.387567901191633	1.6864573642944505	2.296085033042604	0.6305735940864292	0.0650900662918626	0.7329325411547988	1.9150253239848496	0.4704499465939672	1.1443259754925763	-0.0289091889030169	0.3973703124277041	0.5071741788125468	0.3512474292149644	0.3376296580910408	0.055768571046275	1.975239851086128	1.6380496703433918	1.2479662685587338	1.8119591205713164	1.2618246173386338	0.7976683231294319	1.3003180492511814
ENSMUSG00000026436.16	ENSMUSG00000026436	Elk4	UP	0.8910533910533911	24	0	6	1	9	0	7	0	1.1329162983839076	1.0799284097839843	1.3374110342567922	1.4528633111749867	0.5455394692673278	1.1958513788365235	1.149440258947202	1.5001049583371768	0.3637197590662486	1.0104165606207665	1.1348583569693844	2.247417765409364	0.829079624744365	0.9172112152776128	3.03171135294922	1.149440258947202	2.353179201024539	1.1062319860300984	1.369310276840063	0.3450102302023913	0.4711776150501093	-0.0151133167891221	0.7381559547815416	2.402838219675646	0.3431303606022147	0.6891248842549927	0.1027003041784949	2.2332276472951604	1.4595833528906306	1.782590035392166	0.9496799222750684	-0.1270222617560344	2.7191499235038554	1.6232692045995871	1.2302731505785909	2.400323453862792	2.62355920614346	1.95681227547648	-0.2372131311840375	1.4545080833402075	0.966547097367656	2.426270066797408	2.103013828090017	1.5001049583371768	0.3337272989007891	0.6100423203217595	1.454169348624143	0.2597324778191345	1.6078359743606587	0.0005763994054410757	0.5292315639755947	0.3739639595140428	0.2159119513305886	0.2520231086222045	0.3637197590662486	0.6219106672267006	1.7876556232089118	1.0104165606207665	1.2623563523898949	2.0572071388710884	0.6711308709331771	0.960282438605124
ENSMUSG00000025793.18	ENSMUSG00000025793	Hgs	UP	0.8905723905723906	25	0	7	0	7	0	7	0	1.6001764402332703	1.6339519975588987	1.7997825371880314	1.9779881763952747	0.8496860108768193	1.7732490364729558	1.5420377533226337	1.7370467481353622	0.6051675919759211	1.7258662417951638	1.0487488403827914	3.602692268718818	1.285577782150995	1.84535553160244	3.838427204076946	1.7164099535829267	2.788102408236014	1.4400386380261525	2.70349972774208	0.2307709160827522	0.7836254219140156	0.6762223500910227	1.095786962007016	3.2106297616954835	0.4135572626181834	1.5420377533226337	0.5446264183856439	2.8420972162895044	1.313306366353099	3.039726843284282	1.9817010378404225	0.1884975133568441	3.130743734075621	2.3715873089476336	2.338855207300623	1.427170608332729	1.1943334676601745	3.5180107406109564	0.1802779524045752	1.0155441886439731	0.7265498783491998	3.865918195925473	1.7370467481353622	2.802569530697383	0.9018735445984952	1.7231021138768146	1.1010739820306774	0.117929484857438	2.9115008771310715	-0.1140186003886033	1.362955214246966	0.6051675919759211	0.2297380644364953	0.0920935805717805	0.4151302663079559	0.9815005417115876	2.8415274491131792	1.3258746174248548	1.756933041864828	2.504475890611333	1.7258662417951638	1.2765654727897449
ENSMUSG00000038546.10	ENSMUSG00000038546	Ranbp9	UP	0.8905723905723906	25	1	7	0	7	0	7	0	1.1525864373027603	1.286434760547324	1.393419949266392	1.6539465656699535	0.28290372717659934	1.2800755070980965	1.2933338383609814	2.1131184433254075	0.1402316311269006	1.279535682733667	1.2389753662326095	2.613856108643544	0.4352930368304974	0.6481047561092089	3.1138693761174205	1.3865761246445278	2.487189430666727	1.2486128083673789	1.990119610282057	0.1938796090683173	0.3122396553932826	-0.1191400017984387	1.2933338383609814	2.5729107010457266	0.2009276271360737	0.3555358789283393	0.365616195808608	2.2198979554012643	1.5389681968349025	2.3674072737643117	1.0152328498684149	0.1565650859398756	3.025379103972284	1.2965616162567677	0.8996325592522548	1.9465579943892508	2.818235872676392	2.241507408426629	0.2351610454847421	0.9275991764294946	1.1276480046237791	2.386629276924641	2.1131184433254075	2.545962604474981	0.1402316311269006	0.3916047534321999	0.6918835335191171	0.1668917321942213	1.4276976367238072	0.1244536835552604	0.2288582454889668	0.0933165529734574	-0.1488671854050449	0.0529404693917732	-0.0570700540580661	1.279535682733667	1.7779951961101892	0.9955057378839716	1.337100806965084	1.7787704597033165	0.7217441674178651	1.069876498872582
ENSMUSG00000007613.16	ENSMUSG00000007613	Tgfbr1	UP	0.8905723905723906	25	0	7	0	7	0	7	0	0.9271462820967219	0.6516917172776262	0.727449152760155	0.7597686405769081	0.5550238707125351	1.6663434643372894	0.66331379798278	0.6400696365724725	0.5517365043115233	1.4726982201948084	1.104869286675438	0.4702962027183506	0.5114366138590675	0.6267876723125286	1.6101164898131295	0.5974352356073105	1.348477516210476	0.6838769559604	1.0066321202041064	0.3345891919668043	0.6498200510010259	0.1464253921178935	0.5823643760167302	0.8986450450343684	0.7121290384795828	0.4574237621982119	0.633744116845144	0.9326416565607116	0.8166402310043134	0.89755022683012	0.5614089425178452	0.0499513674830543	1.2119569444028275	0.9412687499239464	0.66331379798278	0.7698754786203953	0.4214506621776231	1.0850353613708434	0.2785167149048578	0.2644673543500538	1.512702433975247	0.911724922255236	0.6400696365724725	0.6258640606096463	0.2859964094653745	0.6770787791198047	1.2996525416115228	0.0616643520066267	1.4862326840696132	-0.0291421305415003	0.7662387077888724	0.2519883557034963	0.6625351052366911	0.0912812690658626	0.5517365043115233	2.0774695573459754	2.1408636344295684	1.4726982201948084	2.566155224361757	1.222504483558416	0.9509790123846178	1.2337341180858827
ENSMUSG00000001983.8	ENSMUSG00000001983	Taco1	DOWN	0.8873256373256373	1	25	1	5	0	10	0	7	-0.8563452177205457	-0.8844025539937441	-1.0972307533561034	-0.6534162180612707	-0.9257092200178878	-0.7490246794469206	-1.134147986972035	-0.8005539674289209	-0.9682511405585672	-0.7107688125438822	-0.9553898290409646	-1.348775248832475	-1.1314562245716648	-0.6140767581340735	-1.6693958194080991	-0.9625107432002474	-1.422843566331724	-0.5022384537772129	-1.4894727154044638	-0.2906388350228925	-0.9635817069626816	0.2182378764789301	-1.134147986972035	-1.9008635781018557	-0.6521417301407403	-0.8090769624869204	-0.5126776933325634	-1.269861119528387	-1.693299622740161	-1.549759809649169	-1.450549729038427	-0.0138876938036848	-1.96159315667916	-1.7084958206310288	-1.4242303786565262	-1.0850380495843888	-1.3274649850621756	-1.0136992147529678	0.5562597190408468	-0.3648977201746437	-0.8005539674289209	-1.2980560554414835	-1.1339929979041117	-0.5189732897676139	-1.3463458818367355	-1.5691283172699086	-0.736009077731035	-0.7994842307245397	-1.186186740269705	0.0972749848881831	-0.9682511405585672	-0.7115396498699559	-1.3055257520542285	-0.5706865653288388	-1.0869190494414354	-0.5879092545496492	-0.5189202976513837	-1.020751422855952	-1.0218544177131723	-0.8891977993222723	-0.4937707514921334	-0.7107688125438822
ENSMUSG00000054978.4	ENSMUSG00000054978	Kbtbd13	DOWN	0.8873256373256373	0	25	0	5	0	10	0	7	-1.6660808224777381	-1.2998037057974703	-1.5157684423075906	-1.5526763541642137	-1.0064614638722629	-2.589417029566885	-1.1192587636043854	-1.4803486479905552	-0.9996476348107642	-2.86401959042364	-1.5877914516505474	-2.665625964544004	-0.9399829124390656	-0.7248629608567693	-4.493929820158694	-1.0753133438062723	-1.528878895021374	-0.8457013979577913	-1.4335403377900806	-0.7807377476461719	-1.1807793274058258		-0.8536554982932016	-2.617305845730164	-0.8224912991935738	-0.90096520179305	-0.6702367333545869	-2.290685350578432	-0.957612203354581	-1.7728129537979511	-0.9231019772064898	-0.3782267563481362	-3.896410605973237	-1.0570141574205374	-2.019914457628313	-1.1632041834024982	-1.8291981166460116	-1.4803486479905552	-0.3208610834276076	-1.7344759207133726	-1.0997374183405089	-1.700139000512651	-3.686689134572706	-0.8464832735920916	-0.803377462346924	-1.928776013746396	-0.6786059653574709	-0.958782451389137	-1.9842105682329996	0.0617843321034246	-1.0842087058852217	-1.069344870398506	-1.2233397132743915	-0.4025670492565048	-0.9996476348107642	-1.8233094617771572	-3.2496980217679203	-3.024872626677304	-2.86401959042364	-3.1844692523999623	-1.1835080517955996	-2.7960422021266127
ENSMUSG00000003435.10	ENSMUSG00000003435	Supt5	UP	0.8817941317941318	23	0	6	0	9	0	7	0	0.5764176817946298	0.4746915972181746	0.666960053612493	0.6170767558558247	0.4577189514863614	0.5639149662238401	0.5854119770516695	0.4301405545697785	0.3501580889397032	0.5192426398665707	0.427288451115905	1.4279743736126989	0.5466921194239168	0.6527264339642472	1.5123102945983142	0.4752775405532051	1.158219502631416	0.3519834951815308	0.8236217920204504	0.1795465181626233	0.4250096537659638	0.2090416026493817	0.2272615255105735	1.0574039218849465	0.3194042702619231	0.635362293600719	0.0609222117521488	1.0636447406613545	0.2493442569513324	0.8857511268555301	0.6784142583893086	0.1021399566348345	1.427302024545625	1.0277198696671337	1.0628151236908807	0.4353321123996735	0.5854119770516695	1.1317400003137117	0.0923716500699805	0.3421397530829116	0.4301405545697785	1.2212406131415132	0.3660214799235717	0.7358832398893054	0.8781326234132799	0.257356929947908	0.3482874105839348	0.33253923896764	1.17347326042121	-0.0123459879357046	0.5024054863780674	0.3501580889397032	0.4084857312943638	0.2442880048781248	0.552127679461448	0.4710889050109346	0.8829245305099402	0.5192426398665707	0.4368788054506827	0.7038838447210257	0.5458592731079179	0.3875267648998086
ENSMUSG00000038240.14	ENSMUSG00000038240	Pdss2	DOWN	0.8817941317941318	1	23	1	6	1	9	0	7	-0.5258895349718945	-0.5265958475967795	-0.6425428709678072	-0.6563121878549704	-0.42840655589548765	-0.37629652516931306	-0.6556637733832427	-0.7479659510484212	-0.3975279218103163	-0.3397648455336354	-0.8242962914744213	-1.3772564341776006	-0.4603170839755389	-0.4311036563565851	-1.1731252631770248	-0.622327077066152	-0.9760678823440014	-0.3625189181618796	-0.8803319189915528	-0.1588062298017718	-0.4764890952751207	0.3961473086032938	-0.8607217303193079	-0.99396902627654	-0.2766109096762023	-0.41928572050066	0.0990177133748503	-0.6178174125159915	-0.593131724592846	-1.2295438109531311	-0.6907991162750476	-0.070472458954207	-1.1941771436910211	-0.7675812166754175	-0.855421290236285	-0.6556637733832427	-0.8759873532573906	-0.7479659510484212	0.3434394792979102	-0.4256561714029277	-0.7118915043849378	-1.3098472354709143	-0.9378568214478192	-0.8044071105276824	-0.4919469729102206	-1.1013626429730483	-0.3975279218103163	-0.0970677756459228	-0.9357181353995572	0.1673542240215953	-0.5958790295698886	-0.2873282731199779	-0.4399863053550063	-0.2581759065744385	-0.2748333755135829	-0.2517566749863337	-0.50127014705361	-0.3252499536613274	-0.2580369087200101	-0.6017593053367316	-0.3397648455336354	-0.3562378408935432
ENSMUSG00000031762.8	ENSMUSG00000031762	Mt2	UP	0.8813131313131313	24	1	7	0	7	0	7	0	3.9293059297470556	3.690533555415132	4.2472813673972425	6.697396208396177	1.6895778319207748	3.0829683112740267	4.386569065272591	7.022997116735737	0.8913304163604552	2.9944980455576737	2.889306837856218	7.829793116338464	2.095013967065311	2.40515960624334	6.063397285996693	5.811615745540436	7.126771693285709	4.784206779917581	7.281297935041743	1.4323055927459416	2.313113342424141	-0.1703780791149145	6.990752355540664	6.856483350362992	4.305713008039326	4.386569065272591	1.856630303712994	6.2690239041116165	0.0100634245904085	7.916695977619591	2.382400379607968	1.5409502109157982	2.766029662611786	6.321251001371216	2.0705248018300915	5.233475521671216	5.908430129126646	8.703284212865242	2.1849971881467467	7.224438883514658	7.022997116735737	6.677276006011321	8.433835066958538	6.634944984540991	-0.8796543013015674	6.963217031714918	-0.1217452177055898	2.343957668258534	4.01710948211589	-0.3522455576199635	3.0452611700237413	0.6683376483585011	0.8913304163604552	1.178552099947442	0.831235710976162	2.5151798015090403	2.9944980455576737	2.185239594071685	3.2799746122553355	3.322163796136854	2.157347202496444	5.126375126891156
ENSMUSG00000020706.14	ENSMUSG00000020706	Ftsj3	UP	0.8813131313131313	24	1	7	0	7	0	7	0	0.7818804357603265	0.7829115416168059	0.8392043078556077	0.9085035229948956	0.3119160401324021	1.067897872058401	0.7661337593160161	0.7996893239175956	0.2159906511383294	1.0256671187140909	0.5413545342989636	1.83219261332714	0.2602407208980175	0.6781958975835021	1.5831487288707715	0.9370668922958074	1.7125722043472806	0.7661337593160161	1.3485594005365882	0.1739397427253761	0.4252930035521634	-0.4430777341340207	0.3175425325102268	1.1649052973685334	0.3440731972530936	0.6267913282836939	0.5046518168400468	1.4899445695129174	0.9255990122131584	1.2124875575468932	0.9182047507254112	0.207299471574126	1.5479365235025733	1.21180014439783	1.1652644515610229	0.6712734887231057	0.5351224064711658	1.6231450171063844	0.1458225067018564	0.5637376194463519	0.5390747406483599	1.566314162569944	1.1217412905737765	0.7996893239175956	0.2324390716371217	0.563950786499344	0.5124569384094223	0.2159906511383294	1.2675829959196794	0.0159763875385291	0.1682714779446889	0.1317504106562166	-0.1414327087260497	0.1091290344729725	0.3549613959661692	1.0256671187140909	1.33999113511071	1.0366666776330022	0.864537275911986	1.377918069571979	0.823872125875752	1.0066327015912866
ENSMUSG00000000168.11	ENSMUSG00000000168	Dlat	DOWN	0.8780663780663781	0	24	1	5	0	10	0	7	-0.6986930778523412	-0.7554005292268704	-0.8509164052949847	-0.5934049175835775	-0.605636963322403	-0.7448140252083995	-0.8724358088563468	-0.6331564907504464	-0.6748201397804565	-0.8359809186732843	-0.6610709855968944	-1.327638869255643	-0.958587317011666	-0.5742866647137206	-1.337248991364712	-0.7557989981943153	-1.2696774019020711	-0.6806625932708786	-1.1343630401809512	-0.0917948026526086	-0.7361573160725696	-0.3431876887076936	-1.0650632190267364	-1.3573582355181737	-0.3647508378331356	-0.7666299150204061	-0.1675676426007837	-0.981321017556984	-1.1093888443320223	-1.4007506895312642	-1.141234339366766	-0.2113679414097534	-1.1346353956163964	-0.8724358088563468	-1.2309144024350998	-0.6954910187876765	-0.605358966149317	-0.8685717039855527	0.4281118285731833	-0.4165857519210151	-0.5218199417360224	-1.2389278923956089	-0.9028844708695802	-0.6331564907504464	-0.988123969457842	-1.0619592969710112	-0.5059955572193994	-0.2756352479934404	-0.8773488008696002	0.0632803798667637	-0.6748201397804565	-0.4218298485189082	-0.8249360492062029	-0.3582281967299502	-0.7364098696663868	-0.8485161204692222	-0.6842353120492828	-0.9250154235915854	-0.8359809186732843	-0.8613661662307265	-0.5356761252219339	-0.5229081102227605
ENSMUSG00000026062.13	ENSMUSG00000026062	Slc9a2	DOWN	0.8780663780663781	0	24	1	5	0	10	0	7	-0.8916250679686695	-0.7873216088893824	-0.8615045487977738	-0.5937063199950339	-0.7003787572180638	-1.410910645863806	-0.8175014149816697	-0.5137872016396814	-0.7571418027970951	-1.395011195076987	-0.4961242167962775	-0.575075818727255	-0.3386033294429407	-0.4252740105046527	-1.6733731208722828	-0.8383408555120482	-0.908181422782966	-0.4734935736144796	-0.9446748929531258	-0.4759232175557607	-0.802281233179582	-1.763302925415557	-1.247061946635155	-1.552091869758374	-0.674545566948849	-0.9486101754754908	-0.3248083459271983	-1.3305494664917932	-0.7442877124936189	-1.164866844816077	-0.8175014149816697	-0.4667689678992343	-1.344531710644436	-1.5611227040501274	-1.0779854874188028	-0.2014333998127507	-0.0898085868293836	-0.7964488194663063	0.4557704757318944	-0.4765815330892202	-1.3440001632839405	-0.5137872016396814	-0.9904149086699622	-0.4904820895480204	-0.7571418027970951	-0.9923658793763536	-0.866692969304882	-0.4459026836829102	-1.17503865485574	0.1021811168456658	-0.9908492845519928	-0.6894427727079344	-0.5503765879479922	-0.4205490209291556	-0.917987790090311	-0.5927957226077376	-1.8592177282785267	-2.0686734200802874	-1.395011195076987	-1.349879288672728	-0.6204348331449941	-1.9903623331853808
ENSMUSG00000031790.9	ENSMUSG00000031790	Mmp15	DOWN	0.8780663780663781	0	24	0	6	0	10	0	6	-1.0484340653524855	-1.0680552754207628	-1.1511852460542387	-1.3908393797252274	-0.5929870537749389	-1.0587245818555373	-0.877644040444499	-1.707232232690681	-0.5323607176574406	-1.2584665103970265	-0.952737230549797	-2.0558090135733544	-0.3431887042200277	-0.2601270159477529	-3.5768106574883385	-1.1734596418393834	-1.1368292077232316	-0.6211775388289573	-1.344794013600218	-0.5607654055751828	-0.7410386520865684		-0.6553063345409528	-2.2970083844214995	-0.7600978006238072	-0.6144268751860719	-0.6377670598394759	-1.3420711165730563	-0.9509236669424866	-1.854754260896609	-0.7149511102562228	-0.1117251395720019	-2.564152902921568	-1.8173927679252129	-0.5695843168071628	-0.8043644139465113	-1.469553165524749	-1.707232232690681	-0.1180604203084622	-1.219422822445169	-2.2807689319837348	-1.790777881834462	-1.7114952074077296	-0.9081181614063528	-0.8146030219731997	-0.9169967988277932	-0.9071852965612304	-0.4243853278844774	-0.5323607176574406	-0.191928729744595	-0.2910632544606321	-0.608434132502305	-1.0582053654007777	-0.3841278148183223	-0.3935671316935542	-1.3649843469272538	-0.7485351980606746	-1.0447409951581277	-1.2584665103970265	-1.500582921633964	-0.0727530496296748	-1.4210090511820397
ENSMUSG00000026888.15	ENSMUSG00000026888	Grb14	DOWN	0.8780663780663781	1	24	1	5	1	10	0	7	-1.402608273210997	-1.3284208946887461	-1.6894200826135217	-1.2386120290561007	-0.7947971316477541	-1.8876038495266114	-1.538023836119152	-1.1188179532583402	-0.5932936882750983	-1.8038650203228328	-1.1854366465627109	-3.2256028531211305	-1.2713200673609042	-0.9895903652809802	-3.0229733739128646	-1.2556780896224828	-2.2808690539895773	-0.8619856785519456	-2.668712866561574	-0.5947560026995614	-1.231832848046694	0.6898705484744055	-1.538023836119152	-3.0925368180851915	-1.0560711078688645	-1.407515443070252	-1.8907665138117185	-2.2122563666410726	-1.7840906027926415	-2.6689374689827874	-1.4924971678504642	-0.3425880735721928	-2.891900475029761	-2.7508947857193817	-2.199450045854344	-0.8349934019781369	-1.552932825953101	-1.1188179532583402	0.4157203956877122	-0.945511864290873	-1.0808879522495685	-2.8676135074876425	-1.4532448350750635	-1.6199284867189283	-0.2737076452568576	-1.3034564766121812	-0.9518265163400595	-0.5932936882750983	-2.0697076262046923	0.2139411784873953	-1.407452041924227	-0.5356343550025623	-0.4822215381152931	-0.8966176571606168	-0.4427920817211009	-1.7343999988423202	-1.8038650203228328	-2.805669891372998	-2.1363408653703195	-2.825592180266616	-0.9690743382538682	-0.938284652257325
ENSMUSG00000042726.15	ENSMUSG00000042726	Trafd1	UP	0.8775853775853776	25	0	6	1	8	1	7	0	1.0419249710931584	1.1344774408410996	1.0728820226333384	1.2588789087403895	0.4672126917574335	1.368726261241472	0.9930012913858234	1.275953590296376	0.359999850092457	1.3172171487936606	0.9930012913858234	1.5263736146693003	0.6275935121261286	0.7751961682329079	2.440325946474719	0.5531807156154762	1.1011254288531414	0.8234548745728737	1.000497703101111	0.3597844340270127	0.4963385481084515	1.5896816449174418	0.2688704361822053	1.9932396611816925	0.2754271053752655	0.6441337872946838	0.55345184286283	1.6876798169306535	1.0720209892998422	1.4796829742162314	0.4888422011556944	0.1696192681788604	2.672164859282352	0.9292104502577884	1.338915855069582	1.4113783910552702	1.6966230906727937	1.1654502669769686	-0.1253379187794854	1.5797657247314805	1.275953590296376	1.1280082968367424	1.5823195606443192	2.205992840476326	0.2264125897973768	1.2385231487509072	0.8846039745807278	0.4293951943019797	1.739854126657243	0.0503253883109316	0.7566555820063615	0.359999850092457	-0.3530924688223115	0.3265330776093993	-0.5198708539533028	1.0759740650611611	2.0663390332647205	1.4421770968431022	1.2802083840052605	1.8540314183204232	0.5451366824019738	1.3172171487936606
ENSMUSG00000036693.13	ENSMUSG00000036693	Nop14	UP	0.8775853775853776	25	1	7	0	8	0	6	0	0.8102983520090736	0.6743081647138853	1.0437290075231513	1.0887404154742917	0.5629650550012728	0.5457589300375789	0.8939679833056552	0.7348965317961771	0.4509194788518938	0.6137197976315937	0.774351057669527	2.24173474326487	0.4603893821053897	0.7133330329323079	2.231241604942776	1.2390769555252057	2.002363548714661	0.7336447021682091	1.282985494075762	0.2522816536882516	0.5405933631628242	-0.5580981796073264	0.4641479845964955	1.70043443176632	0.5027901759744808	0.8852133470721497	0.301068213751464	1.8507822904417064	0.9759915971768008	1.8121285151581967	0.8939679833056552	0.1952882059891777	2.2235825149298507	1.264848917757452	1.4241991559046123	0.8305424926441278	0.9418000180141372	1.84362167300194	0.1164144133414683	0.6627429498753232	0.6833445952515785	2.0090372189221872	0.7348965317961771	1.5711255261313677	0.5395804881381652	0.5150008674661741	1.429691588537472	0.3667435407070175	1.6119701854462485	0.0315236535257572	0.6801979681526618	0.4509194788518938	0.0545961584510973	0.0752704599621265	0.437121215775386	0.6216338206242802	1.169450362572089	0.2821480753877274	0.2930963930688451	0.7672077732063679	0.6137197976315937	0.0730562877721496
ENSMUSG00000024104.12	ENSMUSG00000024104	Washc2	UP	0.8738576238576239	26	0	5	0	9	1	7	0	0.6166161724780056	0.5409040572700308	0.7690142516802161	0.7463061220644175	0.4394880447196257	0.5116562714477634	0.6130793873342991	0.920523082230568	0.3761696050055602	0.4687287272057623	0.6249197475578607	1.5463890153384166	0.3087029212517976	0.7357559195053957	1.9606383043907984	0.4350126787634531	1.2240424824986305	0.4913558686306642	0.5640628688388526	0.1984618116883846	0.4993224798576179	0.3792103277662527	0.2960020708929582	1.3571015276985785	0.1736150742251211	0.6130793873342991	0.3528187063180349	1.3699976161126828	0.5871504673293662	1.2099145450013078	0.6964542198008727	0.1857481233830837	1.9643509564133168	0.817910452568892	0.9786408865504088	0.494646085937505	0.698080249711287	1.0628729381558633	0.092364906073965	0.565451650253631	0.3441028566167253	0.9940933210071002	0.920523082230568	1.2447341001130694	0.3761696050055602	0.4047497430780057	1.0548206115388286	0.2638382942285052	1.0188128414269044	-0.1476876534706235	0.7189379475066769	0.4061462132570574	0.2783945765988336	0.1948599843037819	0.2653263284423525	0.4208019386262129	0.8968962494395961	0.4802695568333349	0.4163847849085662	0.651916294209703	0.4687287272057623	0.2465963489111678
ENSMUSG00000030738.12	ENSMUSG00000030738	Eif3c	UP	0.8720538720538721	23	0	7	0	7	0	7	0	0.572738281421058	0.49167976707441896	0.6719035783396964	0.6446024535355711	0.3687488403611963	0.6056982534477682	0.5708862626846225	0.534933662416207	0.3461854545193437	0.448425871732631	0.3665252088611553	1.396430464378333	0.4925476419075503	0.2488935225470796	1.581439735902684	0.6209736650911061	1.1281810650250228	0.3402836973765963	0.996367906216272	0.1014716786447908	0.3085697414940164	0.530212704070911	0.1443685526873668	1.111720932395224	0.223198388887188	0.5708862626846225	0.2172885375232334	1.0229312797808412	0.2617720652004713	0.9778475772999872	0.7902784143790446	0.1871334432173495	1.359668050042181	1.1416404786709011	0.922515096379945	0.5047840832296876	0.5934664212782412	1.1520597544670008	0.1654785286641073	0.298448505610202	0.534933662416207	1.361039294572862	0.3867656153678287	0.6134918136507901	0.3461854545193437	0.5357339183327884	0.3558744663913497	0.1311113156949551	1.4974297766772784	0.0075764813115101	0.6666075961920045	0.3989103478544493	0.0226003342518934	0.1387399447346323	-0.0445323919870452	0.4151017255028829	1.040923323331504	0.448425871732631	0.4237659160996033	0.968712615155215	0.568028478427808	0.3749298438847333
ENSMUSG00000002274.15	ENSMUSG00000002274	Metrn	DOWN	0.8701298701298701	0	27	0	4	0	10	0	7	-1.3105979948213256	-1.2715480617222599	-1.6222632050467036	-1.1348639169927357	-0.9107968937745557	-1.5744679634713068	-1.5542682941667083	-0.8245731647366182	-0.9888278292778117	-1.75379718181342	-1.2842770845658495	-3.377426284394507	-1.3672536622277816	-1.1251856281345305	-2.6279059896027404	-1.6423825034526238	-2.1752284807201536	-0.7896898241423783	-1.9758757914219696	-0.6305803930969844	-1.343892171181402	-0.3292671886878052	-1.554858422249346	-2.5912869110638086	-0.8898587129211599	-0.9745828976905704	-0.4675583201877655	-1.5307021678203243	-1.9739621284918825	-2.916146015709803	-1.5809969684261969	-0.9654366435745692	-2.954446064961612	-2.0280131134402843	-1.6197613669076705	-1.5302635070205612	-1.5542682941667083	-1.393520798394975	-0.2086149463569958	-0.2263223490538677	-0.8245731647366182	-3.471025189842625	-0.3189377810898309	-1.5010531894742378	-0.4158297021656196	-1.105836189357924	-1.4190458682114186	-1.0359544561657237	-2.09317136282737	-0.1699332717966277	-0.9888278292778117	-0.7593924299682818	-0.735599700057563	-1.0082664410565016	-0.2869085806352714	-2.326351184656901	-1.75379718181342	-0.942893921488876	-0.8370129780649048	-2.035062652107156	-1.031778162636279	-2.09437966353161
ENSMUSG00000022548.15	ENSMUSG00000022548	Apod	UP	0.8688071188071188	23	1	6	0	10	1	6	0	1.6238765966112911	1.7536656719083665	1.7541557690827976	1.8225982711225488	1.0474839192745182	1.8712684269653	1.787586514004236	2.1256937937841087	0.8659047343040409	1.7197448298124969	1.971006689369282	3.083931073189592	-0.1846229311748401	0.9465943156492104	2.7999769253477904	2.339215503614659	2.5790511286925693	0.4939363717868128	2.215303234358857	0.6774381352106378	0.5127437022266523		2.8206913038209125	3.06192116611597	1.1928944126524743	1.2188669960305678	1.5258004269842598	1.2161111025577624	1.60416633863919	3.374764754109532	1.2545477995334169	0.304523642600329	2.553119411814284	2.78832899633489	0.6855980372191502	2.361787626214729	2.210353833254047	1.4206832925778592	0.1583270608858174	2.358299898222763	2.1256937937841087	2.376741177975643	2.633427227195513	1.6850154472161367	0.8659047343040409	2.443950722694588	0.6177930692212881	1.1011953986290668	1.7592934671669216	-0.366125272549252	1.4549344681478993	0.7520587863480883	0.7315561785298125	0.8245396270180467	1.3372219325092003	1.7197448298124969	2.463314759217314	2.649895179943504	1.5400337850082624	1.2692229897924676	0.2718209074348557	3.184846537548201
ENSMUSG00000029416.18	ENSMUSG00000029416	Slc15a4	UP	0.8683261183261184	24	1	6	0	8	0	7	0	1.263400315777463	1.3825026311423354	1.7367723902715235	1.4637504143413325	0.5859669354874558	1.26711152300954	1.779669832293719	1.593253696746894	0.5462479280116502	1.1717515655377766	2.0924729543229343	3.2881292263064736	1.43538316380179	0.6741677654359817	3.142342244039371	1.5772931249846345	2.8960978946886997	1.3467270271827132	2.208119720221251	0.3030829727182889	1.2445071472654787	-0.3044418965287617	1.779669832293719	3.121856630344245	0.3257047634845576	1.3140127979866885	1.3434379707988393	2.0754540824614423	1.6597039027560163	2.5749041577088065	1.9180629892659429	0.1827534466291019	2.61400045304757	2.21367030844701	1.4187795209188607	1.9781913478822328	2.4687709888672456	2.315522703693674	-0.0053388672454666	0.7330167069857614	0.683409037840919	2.6377575115134566	1.593253696746894	2.28863211085409	0.2270779256438839	0.7288974440266323	0.6933599988254654	0.2799381838576654	2.151414815546318	-0.1534135817851648	0.8512049155704625	0.7636785091159521	0.1046747067829765	0.2525554447661726	0.5462479280116502	1.1717515655377766	1.5024357757145188	0.999899749721559	1.4087391963103937	2.31668620332094	0.7824945057146117	0.6877736647469802
ENSMUSG00000017999.17	ENSMUSG00000017999	Ddx27	UP	0.8683261183261184	24	1	6	0	8	0	7	0	0.8926521387241466	0.9415223929752887	1.1546430404012438	1.1164792271718385	0.5061072758838979	0.7933790114396065	1.083320550091441	1.2916138486269582	0.389480409409262	0.7997242358591365	1.083320550091441	2.606174620012996	0.8180752445512867	0.6170588172566339	2.3909470654683807	1.229823693023467	1.7902019942151508	0.8555448136200305	1.5737987363736643	0.077655680381138	0.526719764143983	-0.7099342821532829	0.95844527289071	1.94323075663442	0.6091096361481312	0.8391905172338158	0.5451569326655147	1.8346298920550013	0.9841565988504336	1.7440240920534784	1.1557949231982287	-0.147584649696016	2.4689513465516653	1.7140171205822778	1.3200177830753836	1.0262219104724302	1.320613261133225	2.0440803544838597	0.0330202660530941	0.9157049522287388	0.4093757020326997	1.525880634124271	1.5956788326532474	1.2916138486269582	0.6073246224137462	0.7102751441956305	0.5871387214179119	0.2457201033937976	1.6460116126739488	0.0319912717209977	0.6335086563704372	0.389480409409262	0.340898928977033	0.0539102930614318	0.3209202710886796	0.441038146086612	1.310526855630862	0.4806973544093358	0.9694894942040836	1.1332647650910936	0.7997242358591365	0.4189122287961235
ENSMUSG00000026790.20	ENSMUSG00000026790	Odf2	UP	0.8683261183261184	24	0	6	0	8	0	7	0	0.7068717524755634	0.6958114066862178	0.9934938752485072	0.8704221027274855	0.4341182281198327	0.5294528038064285	0.9018666198999044	1.0756780291393848	0.3332848151991802	0.4897561934725311	1.0385544251287882	2.0534335456598023	0.2328213907698303	0.7675842195339118	2.4045537643279307	1.1288729370025194	0.9018666198999044	0.5519190356080024	1.001744243451286	0.5008620309677563	0.4468175898017363	0.5970428892341854	0.559198317933286	1.9283963482434343	0.3656105679702342	0.8241021447352685	0.1738107579775543	1.5923174586803135	0.7727378475222079	1.2141379678107451	1.0344684606298968	-0.3049576956598265	2.4844056463550834	1.667321946254277	1.0387553042960886	0.8414410629395215	1.0065158046359537	1.7338833976905277	-0.0908454756796362	0.3989894842093061	0.5208327361748017	1.2440892992237291	1.210327248334285	1.0756780291393848	0.414727941132504	0.5826245327431246	1.1069894832299283	0.1008847744782035	1.050381248434891	0.009128764580134	0.5411322863248427	0.3332848151991802	0.2364153443465086	0.2807903576026498	0.1189409612461935	0.3884330485279587	0.3832013998747907	0.6322650702935555	0.4897561934725311	0.2244715453562846	0.6543039799272777	0.9337383891926018
ENSMUSG00000027955.17	ENSMUSG00000027955	Gask1b	DOWN	0.8683261183261184	1	24	0	6	0	8	0	7	-0.9641973829843535	-1.1455805976988396	-1.038454873317282	-1.2439812365094218	-0.5046021058943982	-1.0697513162163117	-1.1779523445115985	-1.5347235776944923	-0.6172316976726052	-1.113208850886081	-0.3469866456813158	-1.3874852465080632	-1.1906367772694888	-0.076016853548667	-2.1137222312839823	-0.7803034098204535	-1.732725564371128	-1.0299430573968296	-1.2374158774242865	-0.5291537845718388	-1.1779523445115985	1.045725353818643	-0.3157120441881142	-1.552996861287988	-1.7834608945567436	-1.4987167863152862	-0.4737299930234651	-1.835970302101272	-0.8389671885097082	-1.41982088725542	-1.245160452123399	-0.8157873702623424	-1.2676608565946783	-1.1792071189104127	-1.1159235789672708	-1.1122752183858156	-1.0262755885156922	-1.611554460412017	-0.5192482525707968	-2.219186211585013	-1.7157243570703735	-1.5347235776944923	-1.129458824685768	0.022027028452507	-0.9107862441061868	-0.2081372031100769	0.0903724928127295	-0.6733694628397151	-0.6862455508606647	-0.2881073861343559	-0.3423569907201161	-0.6172316976726052	-0.8697514650723865	-0.3690161670287805	-0.6759934901062228	-1.331953450813323	-0.7757335411322022	-0.9642793587562042	-1.113208850886081	-1.2997985820260731	-0.541564325092832	-1.4617211048074663
ENSMUSG00000019923.15	ENSMUSG00000019923	Zwint	UP	0.8683261183261183	24	1	7	0	8	0	6	0	1.075701751519421	0.910917329354201	1.3835913095658603	1.7825776080024978	0.47014576847432826	0.6664923200349974	1.3190688689428025	2.1506727304219084	0.3145639203217363	0.5027657897655996	1.3190688689428025	2.017811379643613	0.3045212730929674	1.9541926982001547	3.937000565888136	1.160350613889714	1.8524722870178496	1.1036573588528644	1.6966279782429357	0.1909288581125795	0.8025167427828808	-0.3021395381062624	0.1530332935270757	2.8952816098517093	0.3226652319361189	0.8972384803867383	0.8072546822045403	2.666467468152399	1.231366582152148	2.028943523963449	1.0678507341998935	-0.0077726277702118	3.250209332331862	1.5038459261786656	1.5431061512661253	1.382657895836516	1.5778079875009663	2.217534523474152	0.1782182546161782	1.8718141138823965	0.4703802838464496	2.1506727304219084	3.0657384937976646	2.523684855978734	0.1866441834267512	1.1668802874441555	0.6447837715134703	0.2694072323405359	1.197523503446326	-0.0470953220396855	0.6726597385158989	0.5064063058550139	0.3145639203217363	0.2171329688740753	0.0426968635193329	0.4880104419911508	1.432805458233137	0.3304479114372093	0.5027657897655996	1.2712887063737737	0.8116623363166251	-0.1715344038725146
ENSMUSG00000034158.10	ENSMUSG00000034158	Lrrc58	UP	0.8678451178451179	25	0	7	0	6	0	7	0	1.2228006943517407	1.1037182252827182	1.9403015258222884	2.2224049573351654	0.3498329519158989	0.37866334233361015	1.798675050171148	2.903484693715654	0.2417945226254902	0.4087614003942887	2.252763394858297	3.7775706260067072	0.612331033273088	1.0156472294822354	3.598096578817604	2.7507084016915484	3.5556423859054807	1.5879012037430695	2.2770027507167283	0.6469262526960853	0.6960002815586372	0.5373526562631269	1.6764392919782798	3.3678460204344054	0.817748825355557	0.7200778216788497	0.8142350496300664	3.261678935809585	1.798675050171148	2.8260277659189934	0.6934139430174355	0.3619263362831377	2.9820725788114664	2.086653896197017	1.3813802871703758	3.1344149354935245	3.1576076642393445	3.007446129418757	0.2619810130615754	3.1383906729435287	0.7576236474804577	2.903484693715654	3.914544406280972	1.573364138445211	-0.0121285733398464	0.0648500448262435	1.075063019940775	0.5433365175594059	0.4845533908698474	0.0739845721977524	0.1849474711607148	0.63085581782287	0.3822616168245127	0.178644070587123	0.2417945226254902	0.248082469243532	0.6987864673056153	0.2302061772918967	0.4607815225360167	0.1505421748293519	0.4534831847345699	0.4087614003942887
ENSMUSG00000004535.13	ENSMUSG00000004535	Tax1bp1	UP	0.8678451178451179	25	0	7	0	6	0	7	0	0.6825726436842736	0.6184816788563765	0.7676178838602745	1.014308457172128	0.3526997185908644	0.595664515113828	0.6961883846162406	1.1581251473578724	0.2186278613079045	0.5407749730965123	0.7797235642235865	1.2923530428367334	0.1100786358729375	0.5224560342589716	1.9939608829918447	0.629624845975868	1.1132077294562677	0.5880595446677923	0.7669632756544675	0.2124529256330055	0.408004922107427	0.2765529806178546	0.3401950951054944	1.487879617009918	0.1806796108278427	0.4680196243739016	0.3744395023711627	1.3211479910473891	0.6961883846162406	1.289622565026235	0.4703592885594362	0.0383595088875123	1.7834297343873795	0.7088519572168143	0.7630689637535487	0.8943767397377538	1.215625897010024	1.2085599339265647	0.1903805892117504	1.0231653294898058	0.7977512946937197	1.1581251473578724	1.4795081212987655	1.2426687842264168	0.0731893266194663	0.5775167718706965	1.481187576279642	0.0898155876925326	0.6779658822692997	0.0470959052546357	0.2668047844689533	0.2186278613079045	0.3193838252382874	0.0929791077949278	0.0351302757031632	0.8941025525870933	0.9158737299174828	0.5407749730965123	0.3215731916551738	0.7641951791083095	0.2091999757773851	0.5239320036548385
ENSMUSG00000028339.18	ENSMUSG00000028339	Col15a1	DOWN	0.8650793650793651	0	24	0	6	0	11	0	5	-1.2207019824523422	-1.249936458787449	-1.5594298878853035	-1.4614573310918773	-1.1467843181119912	-0.7151363927201967	-1.4797241725048778	-1.2555988990251532	-1.244274018549745	-0.9262198092553992	-1.6340958891026505	-1.086257924559287	-1.3300777282573089	0.169809996901974	-3.0897691646043075	-1.1788668277077148	-2.4250200615681625	-0.9246164016801868	-1.426185472904004	-0.8191047222196722	-1.6140403780645287		-0.6562996115962588	-2.4187316896740017	-1.4786846898071295	-1.3037187353842727	-1.4516128754522295	-2.4873782784913416	-1.9469744568685827	-1.480763655202626	-1.44788205371317	-0.3885152806819846	-2.749240476624005	-1.7021724927757187	-2.375039595284824	-1.7406336121430082	-1.5593050075528845	-0.9536721770696996	-0.1949899118508664	-1.2555988990251532	-1.2993248309483667	-2.798611180973443	-3.18527419587587	-0.5427301218997426	-1.2897440688747606	-0.6329885356178937	-1.7606189389878515	-1.2530224297366137	-1.4553729010602063	-0.3866043768910226	-0.7012086631338272	-0.9249380671577092	-1.7818252436204547	-1.1840302556018187	-1.244274018549745	-1.4648278717395722	-0.221838799858703	-0.3084622959640879	-1.0371373559578267	-0.9887234408450396	-0.9262198092553992	-0.0587451754207472
ENSMUSG00000069372.4	ENSMUSG00000069372	Ctxn3	UP	0.8645983645983646	25	0	6	0	9	0	6	0	1.9920744197722482	1.9821085269401866	2.51307036391434	2.5753846378900773	1.2780387399939563	1.6018039372906192	2.5742285784206804	2.665406522123816	1.379366151201186	1.3899884754596927	2.149013112643355	3.920763976659207	2.495088033709351	0.6448566409933896	3.5040197859659363	3.21889846388423	4.433704204518155	1.5918246458927976	2.65336912313201	0.9014208145761966	1.8151618130988367		2.74074046381799	2.9778749047430706	0.9122854906556872	1.535696954267926	1.7329739733291776	2.8510101221152744	2.438009045904613	3.6471606460071135	2.034206536765301	0.1205177457482808	2.803816760250839	4.7271231181867215	2.430440922711504	3.5188926992723872	3.5409594629234875	3.975426315186339	0.083010190401131	1.3831262172319074	4.475004460649154	3.2091991804895503	2.665406522123816	2.2365195791486454	1.1325124696529414	1.0579495977467568	1.8130157809291976	0.5162570071088327	2.782608643838195	0.1056497306760276	1.5496449927257168	1.379366151201186	0.4855901650800726	1.6121052234103626	1.62372637756423	3.820526957723209	1.2150677563608636	1.3899884754596927	1.979437157542185	1.7429478557535325	-0.0925388875217053	1.157198245716558
ENSMUSG00000027438.15	ENSMUSG00000027438	Napb	UP	0.8645983645983646	25	1	5	1	9	0	7	0	1.2288980327548729	1.5242722545139227	1.44370312773287	1.2915922283547996	0.5616779562019024	1.6186188187299198	1.385400279093524	1.7151077115806748	0.663180697225543	1.663144229934321	1.4111260217647104	2.056028535951006	0.8334677361268604	0.7814600197149904	3.456782111575454	1.3169901653702634	2.1332434965516565	1.3475490415095654	1.471893567991399	0.5235362755420805	1.144123880707202	-1.5324660489274888	0.989090396129386	2.786790819927828	0.4635988861116931	1.5115141432109644	1.2221402777152646	2.444969994874224	2.3143672242875946	2.151207838449224	1.0190067008362491	0.5619205566235032	2.470333079004912	1.385400279093524	1.6597322904956766	1.8072102510223245	1.2489669071274248	2.2949910272663887	-0.346680957730421	1.0477700984650438	0.3999932188117236	1.7151077115806748	1.9750797593622729	1.9548847407279144	0.4137780946393613	-0.1045985984366796	0.9259938595555134	0.3274035153530489	1.1392512742376366	0.0611820554958062	0.663180697225543	0.6951475428010512	0.9130217813917813	0.4600433858987299	0.6840539100591351	1.7520869852190064	1.846691939159103	1.663144229934321	1.5772781563232128	1.4056509456513442	1.0749385049759672	2.010540969846485
ENSMUSG00000064120.15	ENSMUSG00000064120	Mocs1	UP	0.8641173641173641	26	0	6	1	7	0	7	0	1.1028297796159279	0.9444745955978182	1.5399897191465273	1.9227890304428745	0.3669994165707836	0.5815409523035262	1.3834895780645855	2.2350970846011498	0.4410655620253055	0.505459613131051	1.4783379442835165	2.758016918427789	1.0382292873865082	0.4702104207390734	3.625125222473111	1.5774090766155178	2.1221066905454045	0.9187911092755676	1.700175558425344	0.4593214661442652	0.6179253141455341	0.608319634394171	1.1104610689624956	3.34917941569666	0.4161152720769217	1.1532195185503815	0.5954815660595781	2.768951673806094	1.2733365538232229	2.1974408216660963	0.9352217275787816	-0.3328177754442877	3.552913851346779	1.6215998995813152	1.3834895780645855	2.0954867032521496	2.085673899079663	2.699635888418124	-0.1922934860574273	2.3715103794500663	1.5129809417557232	2.2350970846011498	2.629419084590857	2.203173320341629	0.506969043998926	0.0925152424700913	0.5797888395263352	0.4410655620253055	0.9077161260849064	-0.0598848383257862	0.3820934013120335	0.205468465647633	0.4790584593640208	-0.1138577927973976	0.6160610729725515	0.3242239828133174	1.0140586672280618	0.4293297458984561	0.5204359906819481	0.2419628169510439	1.0353158494208052	0.505459613131051
ENSMUSG00000020241.14	ENSMUSG00000020241	Col6a2	DOWN	0.8608706108706109	1	26	1	5	0	10	1	6	-1.286504415723469	-0.9593214864703486	-2.1104446822041703	-1.3199728548315808	-1.060057284568619	-0.6555428412895062	-2.058614991586286	-0.5909695719208738	-1.00912265954328	-0.9095203133974172	-1.755356997295466	-2.3062568548949023	-1.530604207456815	-0.6356268396940177	-4.875896057149764	-1.970015104284431	-2.9141855074945537	-2.4400996589493853	-1.8875399916800744	-1.4681147037148934	-1.6699773925090964	1.0107013735031376	-0.9334517209820176	-3.4839985751882785	-1.9776887507282617	-2.225248649485347	-2.058614991586286	-2.931418868044294	-2.6904343980206447	-2.1340503295593125	-3.08816412162199	-1.0889036310944884	-3.764883488717859	-2.579295732932652	-1.52869208239112	-1.9056498254343552	-2.148539312105439	-2.559253319309656	0.2114771631553564	-0.5909695719208738	-0.5771535773628697	-3.2523927922915368	-1.938145675016926	-0.5333722110745581	-0.98791530075667	0.1635479217466839	-1.9425531999323928	-1.00912265954328	-1.4471597068730864	-0.3608538390533267	-1.4194695567027695	-0.8554320058117593	-1.534519021257638	-1.2814869692785016	-0.9856657927920668	-1.534965340050883	-0.3181589244272243	-0.3580884338196934	-1.1907073846165537	-0.9428586632889616	-0.9095203133974172	0.6654991705741891
ENSMUSG00000019802.14	ENSMUSG00000019802	Sec63	UP	0.8595478595478595	22	1	6	0	10	0	6	0	0.5261542428151408	0.4426595795101673	0.6053900260822488	0.5854710320686476	0.41006314628198337	0.5036927668276833	0.5445847386357958	0.4687566582035754	0.2431676628014879	0.4165625008167593	0.4810809759812566	0.964049897593286	0.5445847386357958	0.1667342084531024	1.2083228021956305	0.9074394871280484	0.8984370346931365	0.2479541536042532	0.9853398100827674	0.131605196035645	0.3842018132025658	-0.1120800570633427	0.4658950115137811	1.060059939799457	0.3440272459619354	0.4558052978567344	0.0744673188357159	0.8118734454375198	0.2432362615656713	0.8688120045410079	0.735476005357172	0.0305588858403717	1.1951646702489989	1.2503974864408456	0.9824323624347024	0.3224901775752238	0.6971645302694368	1.1173694670301282	0.0524317536014621	0.3982271859906079	0.4687566582035754	0.889265765314031	0.3906249959877055	0.7816213983530231	0.2178462111250388	0.475950128037462	1.2295731333609632	0.2267955675205849	0.8767224122967882	-0.055036772148146	0.2431676628014879	0.2836913363828272	0.6427340098242079	0.1668638134527795	0.2023871064478236	0.4165625008167593	0.8383711962355712	0.3687079859395189	0.1594738555010362	0.8093910617890588	0.2271913921562764	0.7061513753555626
ENSMUSG00000042354.8	ENSMUSG00000042354	Gnl3	UP	0.8585858585858586	24	1	7	0	6	0	7	0	0.8894269852057632	0.9612685620734063	1.144646144093889	1.2449695824470075	0.3604835514807014	0.8076086628014549	1.11542580175876	1.4197387600322715	0.2415665643946694	0.8071113223880525	1.274474902857084	2.2819196570969718	0.2947309889020389	0.658884882507384	2.608444142066599	1.2216732070557967	2.0860764657086186	0.8040106180056014	1.3884478177766288	0.1310192033371588	0.6722164462416704	-0.674558123753349	0.6015946196175116	2.181027165469245	0.788382612185479	0.6937569442855144	0.6968130789858352	1.8636274890626328	1.1642766996631897	1.7358277965463191	0.9365441273648726	0.1664918374660998	2.2883196435537165	1.0726738190892533	1.2047374814687457	1.11542580175876	1.648606566215626	1.7190674460636364	0.2475034125798504	1.1010839204493952	0.6828763300967702	1.6871004118077806	1.8574167960993495	1.4197387600322715	-0.0755442698622668	0.6734510695127123	0.921464198175508	0.2415665643946694	1.4601036506841198	-0.0405192284194023	0.3821356608833807	0.3147189858342952	0.0491066301600162	-0.0099211248314967	0.0487569297561787	1.227744350941666	1.315293498518897	0.4452477308398695	0.8071113223880525	1.0155498953030122	0.4550747598241379	0.3872390817945494
ENSMUSG00000040859.15	ENSMUSG00000040859	Bsdc1	UP	0.8585858585858586	24	1	7	0	6	1	7	0	0.6754088451636097	0.6754176775580945	0.8474244311926199	0.9961800271612323	0.239279565858018	0.6187513564425684	0.7814076238095993	1.2365906711522572	0.1869872438770558	0.5694277313065897	0.7447611627564108	1.487455734329692	0.1980611777664529	0.7430374033914485	2.1075515759395524	0.7035656981587206	1.4706768010369626	0.5742943036036186	0.8433865890368132	0.3094777056195698	0.4679907496335193	-0.1986605103302338	0.320155518529861	1.6735912185763038	0.1885748141796693	0.7403742804322623	0.3797551149053435	1.5589054094588846	0.8960672260514165	1.3621969778939629	0.7814076238095993	-0.3526693729731364	1.9027449840011148	0.9652259307985184	0.9144832336003876	0.9883165842746228	1.109731707719399	1.1019838188569977	0.1151568642702599	0.7254301201281652	1.237341816717806	1.2365906711522572	1.2764326818937877	1.2803242171093532	0.0904675792169536	0.1869872438770558	0.8135227900318898	0.2441320345417174	0.8730743537932267	0.0402115921857808	0.453667760935595	0.2720860214582447	-0.2791709681471765	0.0883401725358724	-0.151243355990962	0.5859712988750774	1.1140767540871273	0.5694277313065897	0.4534308809141261	0.8228310837372051	0.283380885187324	0.5021408609905292
ENSMUSG00000001909.17	ENSMUSG00000001909	Trmt1	UP	0.8553391053391054	24	1	6	1	9	0	6	0	0.7417032524602298	0.678915194759404	1.03195379244565	0.8768291870622059	0.4851660318208763	0.5728639985121873	1.0789170517604925	0.8530263006986035	0.4847814507120242	0.5048040888202044	0.7340746254018999	2.1569944740063214	0.7310156062347296	0.4278334720279459	2.0875097509519454	1.0899061734199718	1.7402331868377874	0.5863150126257276	1.2987571958130673	0.1626929497312587	0.6587855262906033	-0.4674224159482153	0.6761027173732799	1.76376265940615	0.4784352999825849	1.0999088295808763	0.5112760776098573	1.4687791977942402	1.0789170517604925	1.656244591993684	1.209574041687094	0.2621052688796834	1.671329314398272	1.8384211105307795	1.258318507910036	0.7755994152212631	0.9072827545112204	1.713726979614044	-0.1332139588812229	0.4955172306676583	0.7927253396435443	1.53179237121793	0.8530263006986035	0.8842300464748851	0.5909352192915268	0.4893583481409925	0.537233005368873	0.24954165613801	1.1943635851325016	0.1065184143135732	0.7245989494627237	0.4847814507120242	0.2939758544678464	0.193955017359126	0.4715648496424421	0.4536188627443911	1.2033454775682288	0.5048040888202044	0.5644111344337687	0.9854636075719276	0.2655503230617587	0.0328544953850308
ENSMUSG00000028821.9	ENSMUSG00000028821	Syf2	UP	0.8553391053391054	24	1	6	0	9	0	6	0	0.5462201757585671	0.6190401620016766	0.6629903036079187	0.7346311422321354	0.3261694522328727	0.4610898049613414	0.6309691045147009	0.9585843828981768	0.3243654991173745	0.6071112194886523	0.7371241724613193	1.0566533770766626	0.1860731596031115	-0.1063783142052352	1.5562364976585512	0.6309691045147009	0.9709460396912524	0.5305343134989755	0.7081534025440565	0.2286700363133271	0.4213925202651206	-0.2743878964127428	0.4178872346602074	1.498534686232997	0.3574607194734979	0.5784550834530243	0.2787718658222408	1.0595894080992412	0.6836773745903058	0.993626541722817	0.5638487619204828	0.1696266797129275	1.4965466514464465	0.8669986185289182	0.7606158736776478	0.502851558247575	1.026260726816374	1.0511740754814831	-0.0754538707305854	0.5129982662370924	1.005907382956279	0.4728290969158179	1.2163786618666843	0.9585843828981768	0.411419675084794	0.4674364797552198	0.6435085135394356	0.2709333313741311	0.6180803168941955	-0.0514712335235109	0.3243654991173745	0.3759042180197801	-0.0015624265522736	0.2745310379083389	0.2547185629441145	0.6986197097508938	0.618891063834459	0.3320387777842551	0.4152395699307494	0.6543652103931831	-0.0986369164528033	0.6071112194886523
ENSMUSG00000039630.11	ENSMUSG00000039630	Hnrnpu	UP	0.8553391053391054	24	1	5	0	9	0	7	0	0.5308520822491355	0.5374819352184581	0.6917173407808519	0.5551470540519746	0.37808934158213864	0.498454592581577	0.7422060543181771	0.5534884433447043	0.2933277921678838	0.5214754270922118	0.4167348521817769	1.2797972038838594	0.442016583539813	0.1267445571663007	1.0265374631695066	0.9569869875941892	1.4058199672125835	0.5751968533054629	1.2309193692952038	0.3054055306083177	0.5572243256137865	-0.0986225681506455	0.5155591935045277	0.8838288568273953	0.4247126038512101	0.3754260743987143	0.3792399270000671	0.7911290250214665	1.0269428803172875	0.937180199215644	0.7422060543181771	-0.0118168738544457	0.8864538394773193	1.208140035025189	0.7915477708227148	0.7679527343025887	0.7331047554349889	0.8427740072307076	0.1169127893439921	0.1685475526518808	0.2946030042260955	1.1287979917682522	0.5534884433447043	0.78090558979819	0.1601756371769941	0.4944072341388207	1.233470357684217	0.1730575860572723	0.7703216699086943	-0.0706793511554554	0.373043948237114	0.2933277921678838	0.4123802208310201	0.1388064091807493	0.1806712531762141	0.33790991875117	0.7590988244384548	0.3312603258645438	0.2731200636892529	0.5970379852234179	0.5214754270922118	0.6692796030119877
ENSMUSG00000064225.7	ENSMUSG00000064225	Paqr9	DOWN	0.8553391053391054	0	24	1	5	0	9	0	7	-1.2781710608091594	-1.3781884009277163	-1.43077327033043	-1.352396146602583	-0.665399130948677	-1.664115695354948	-1.5321011641844378	-1.224275637670995	-0.7384165646058704	-1.7612248239484922	-1.2317152928799218	-2.1867519386418715	-0.9245302059568572	-0.4298109549887129	-2.0965213673773384	-1.195444998761471	-1.7540857357469146	-0.8501744018573397	-1.7985161280971416	-0.322165621968829	-0.8373779446122246		-0.9966100184210096	-1.9520409934789045	-0.4383193142319195	-1.5383945910575605	-0.839342598105403	-1.681043666431428	-2.0185619208408743	-2.051939611205052	-1.203417563161925	-1.4870008905366303	-2.0000830770247817	-1.5723929320012306	-2.202674223659157	-1.525807737311315	-2.0653813002353583	-1.224275637670995	0.4792809270519577	-1.6566253988425983	-3.5286988108552357	-1.1027057507573486	-1.3180045113202763	-1.1157438438235832	-0.7384165646058704	-1.20129066299387	-0.7740698702951881	0.0003630935431503394	-1.132736601024485	0.1749488751468464	-0.943122577794978	-0.9795295613712094	-0.7005116397267337	-0.4346948890821785	-0.5903300422309304	-1.142221163857929	-1.954846949459127	-1.7612248239484922	-2.480816626944664	-2.4899088630132664	-0.8586371416998145	-0.9611542985613428
ENSMUSG00000036478.9	ENSMUSG00000036478	Btg1	UP	0.8548581048581049	25	1	6	0	7	0	7	0	0.9876400715451942	0.9615351897078737	0.8379104476587093	1.0266348120185655	0.46662832846324603	1.6193866980402558	0.7665320186835441	1.1565383607322033	0.3787674449559707	1.8009626634318436	1.269766378884706	0.9690151888317806	0.3506020854062299	0.3756600734235595	1.4624469600791288	0.7665320186835441	1.1875529973874075	0.7827235356920761	1.2101786432302666	0.3318307848760831	0.3194829677749264	-1.00588672633222	0.6948420431986468	1.7953059931209636	0.604332765955992	0.6545427030754926	1.014911423259364	1.018942881851896	0.6113223000350227	0.8824946509712175	0.5043521835638309	0.1576599353531786	1.3922550282323312	0.7104121658237352	0.43565858643449	1.720628650783822	2.406015867187677	0.9024187702468826	0.1288109888821104	1.4484514200920249	1.529984148879315	0.7478667561065564	1.272373239190867	1.1565383607322033	0.2558558822777246	1.216791248326044	0.5535413097334686	0.0683384785181709	1.389949586657993	-0.054628355828688	0.6039193501234498	0.5258642289800071	0.1797904075075136	0.0147220318440528	0.3787674449559707	1.202957877551842	2.0867623963861743	1.3888075822959762	2.6126221656892623	1.8009626634318436	0.2716735077976546	1.9719206931290376
ENSMUSG00000015837.16	ENSMUSG00000015837	Sqstm1	UP	0.8548581048581049	25	1	6	0	7	1	7	0	0.8421733966002563	0.9072347789590288	1.0586188115295145	1.0582595827309096	0.43386831015427324	0.8179468819863278	0.9854107441707544	1.4589178653445118	0.4324931844316396	0.8290588137473033	0.8952978667150429	2.1423432909118114	0.208635902612834	0.934063898102965	2.616465047855113	0.8905262951238225	1.4024184973418392	0.7519284625078673	1.311893080730104	0.0977063635901529	0.6520594434369458	-0.8197961657414277	0.6386355490330818	1.828801353230553	0.2401489702525729	0.8930464754148905	0.4612145575891204	1.6670456031849668	1.461511774707824	1.8345078600102256	1.22164573051144	0.6139273232762192	2.0054449108385057	1.215247662638408	0.9854107441707544	1.0817001470538632	1.350877266197401	1.4589178653445118	-0.0344187273935345	0.4690655771482274	1.5319620326826175	1.4793939171443782	1.0064620449425177	1.4964343692476494	0.4324931844316396	0.9191645301235646	0.558053513466444	-0.0033794955814666	1.2053814216650816	-0.1760846047499303	0.6571478028542531	0.5188292888854171	0.218887296775856	0.0965422644115443	0.3455162094146014	0.8385599152092715	1.666166406016203	0.6168502346368371	0.8290588137473033	0.9925231486737836	0.5288495531830764	0.2536201024378205
ENSMUSG00000025220.9	ENSMUSG00000025220	Oga	UP	0.8548581048581049	25	0	6	1	7	0	7	0	0.6797153592302769	0.7917341049340307	0.8394957003449844	0.9106478516462945	0.2301227773512018	0.7385951075786268	0.915267202764086	1.0827136820070995	0.1973449150352637	0.6682010071039755	1.106354696757786	1.3704934087564635	0.1254357795502586	0.4235269084998672	1.479189020611053	0.9295253575676744	1.2734252298718	0.7532072602448845	0.5870164986678147	0.2429770435943622	0.4026922773913466	0.2820782320089224	0.4972296761368202	1.5945608883496212	0.3037168659333592	0.5958814244441365	0.5633205260501378	0.9569650463511592	1.1778760143051847	1.1598756849006482	0.915267202764086	0.1228535500859906	1.5414086213221267	1.200514236136235	0.9042539306466172	0.975403055965748	1.1813354724004728	1.2636662333686215	-0.1409637558696394	0.7879323713182145	1.2047277348533396	1.287769109844116	1.0827136820070995	0.8886895860023092	0.0789827587827011	-0.3014622573916405	0.8329031921740762	0.0204056629977381	0.697879919558384	0.0044882032624669	0.4230473914569449	0.2928262486199495	0.0756755356282287	0.1973449150352637	0.2092589807391068	0.9368970243113066	1.0732667191499934	0.639555560073526	0.4014985370405903	1.134073255781929	0.6682010071039755	0.3166736495890663
ENSMUSG00000011306.8	ENSMUSG00000011306	Sugp1	UP	0.8548581048581049	25	0	7	0	7	0	6	0	0.5155809413690051	0.43175389095695416	0.6891676984571573	0.6359171444364877	0.35393137063868996	0.3833075519436853	0.545417914952448	0.5031277672606475	0.3022674692481809	0.3603800146532608	0.545417914952448	1.5296709051259751	0.360807619628807	0.6010915983811137	1.4600077833766705	0.7341530456163541	1.1864929220973692	0.4472519353611976	0.8543003052401932	0.2179686724790251	0.41940010267183	0.0957016738895518	0.3205735497841627	1.1639212909357382	0.3063621738537563	0.5022196712491074	-0.0464307998669853	1.2609806339388894	0.4936912078900116	1.1166975310700862	0.84152119493953	0.1005706678856736	1.4082478963391476	1.0924199227051392	0.918571016421058	0.3714004874515353	0.3045169349258601	1.1256690682538844	0.2220447199098776	0.3028054072621046	0.4919884021116478	0.7898698452335133	0.5031277672606475	1.0159148010237389	0.5831595883086421	0.1264986453156581	0.106346614650733	0.2257377217479521	0.8542881331767368	0.0796266219299409	0.5208475403060749	0.3602069998712332	0.3022674692481809	0.2402524622138661	0.4940132802565713	0.2964819731282102	0.7633716221210024	0.3820717263563946	0.3603800146532608	0.5394483805955455	0.0774599496433128	0.2639391971080711
ENSMUSG00000038204.14	ENSMUSG00000038204	Asb10	DOWN	0.8516113516113516	0	25	0	4	0	10	0	7	-0.9026360239773622	-0.8109702453479063	-0.7582738771892813	-0.8208186043451657	-0.5685282173202593	-1.4629233970547424	-0.7237959390581811	-0.8981445516376315	-0.4142887480471107	-1.4097189569612822	-0.8586393122836059	-1.1273590388051549	-0.5786145883559374	-0.5078289550093884	-0.7935152922688534	-0.9667716295315552	-0.7108455249896072	-0.4361264797859153	-1.4777285927389776	-0.3217622573354862	-0.6099787793084698		-0.8895701262642867	-0.991977995073822	-0.3281317152698107	-0.4613779233777609	-0.4152802592596474	-0.5440761756649051	-0.5446224902861393	-1.0750596923654152	-0.7379560254677437	-0.3655889263140907	-1.1393218170156785	-1.2272857505455903	-0.736746353126755	-0.615546207903009	-1.2534088985737073	-0.8981445516376315	0.0138568116685845	0.0159190515545942	-1.6984031090619576	-1.3366883499614892	-0.809872829114815	-1.0323972538634452	-0.680509582460433	-0.8634030960512681	-0.4142887480471107	-0.3854717636902415	-1.1829250316709108	-0.1259848275267839	-0.3972986436449464	-0.2240631446055229	-1.127615068649374	-0.2022678312456587	-0.6499826529306022	-0.7025235050457016	-1.4097189569612822	-2.076533899901074	-1.5814495380214677	-1.1507736330210692	-0.7646187345663061	-2.554845511866295
ENSMUSG00000045664.6	ENSMUSG00000045664	Cdc42ep2	DOWN	0.8516113516113516	1	25	0	4	0	10	0	7	-1.1045014636286268	-0.898425320998285	-1.148268932606392	-0.9708229043251432	-0.7997187532150153	-1.4991952643679565	-0.987340800236391	-0.8095098417601789	-0.73990198328275	-1.3967860262903478	-1.3423424680025116	-1.5267613041957175	-0.7373470399578522	-0.74611881700525	-2.8794660229700284	-0.9355344845085416	-1.8861688168694672	-0.987340800236391	-0.9399208181541756	-0.4520587127686477	-0.9315818514744556	1.736418080073608	-0.3310211703104415	-2.1768261325227245	-0.3487666442428379	-1.143177622559484	-0.6282748040737114	-1.8784187398461296	-0.8084132176584107	-1.353596855535561	-1.4411432746865211	-0.603750408006219	-2.727530863816256	-0.8165362236439978	-1.9585903416294863	-1.1332950214997777	-2.0256968042715955	-1.3498800762086864	-0.002129346989854	-0.8095098417601789	-0.78337993369618	-1.8245862361203036	-1.5135155557702522	-0.5127593397305479	-0.73990198328275	-0.5061751899693466	-1.1635129267067528	-0.6390739362539787	-1.5776021343542386	-0.0075010228728765	-1.2327863838093165	-0.6926331507825015	-0.946858964773562	-0.5284430219359616	-0.7624175706238836	-1.3967860262903478	-1.243841997872138	-1.5102167814436127	-1.4721954610443488	-2.419866657100193	-1.328651028341715	-1.122808898483339
ENSMUSG00000022594.15	ENSMUSG00000022594	Lynx1	DOWN	0.8516113516113516	1	25	1	4	0	10	0	7	-1.4965374011433994	-1.3518615816317634	-1.352974454826887	-1.3271410989849988	-0.9715216738700218	-2.33451237689169	-1.446252469431227	-1.2574706938322997	-0.9789127203479856	-2.447341031560306	-1.5202590767789173	-1.8630416920451367	-1.446252469431227	-0.6478060993289991	-2.3551348007873854	-1.1745294918341709	-1.7665500523465436	-0.7716931087904132	-2.3633774292956544	-0.588389541624636	-1.5221353852693678	1.5237388588071887	-1.1224727348829882	-2.0414440201222948	-0.4893512637598555	-1.4917479104722655	-0.9068504459913804	-1.9783465423386872	-1.4062203162419051	-2.2618864035116046	-1.1868224693355964	-0.5534517280763855	-2.576578292505133	-1.6557989709241618	-2.331171476873249	-1.0653748205524365	-0.9673625960127374	-1.5021073634044595	0.1647156081588271	-1.0697326733738322	-0.7074871972849668	-3.1630283081511914	-1.7548770650070686	-1.2574706938322997	-1.2052541276493955	-1.6526221925831928	-0.9882905589992476	-0.4392174147742402	-2.386844708997487	-0.136801268031616	-1.468388123200281	-0.5642582571649738	-0.9789127203479856	-0.2427274107453028	-0.6234216300765183	-1.7253694975497116	-2.7748454820385047	-3.014447678080251	-2.447341031560306	-3.179732046506502	-1.264809777095659	-1.9350411254108968
ENSMUSG00000032177.19	ENSMUSG00000032177	Pde4a	DOWN	0.8516113516113516	1	25	1	4	0	10	0	7	-1.7991852299988071	-1.8398830699195257	-2.271222936888504	-1.7821654147288655	-1.127380376521627	-2.0159721918562314	-2.173255539291802	-1.506510600547249	-0.9181644881817378	-2.199278491632186	-1.906514676672559	-3.9705339697905138	-1.3923938406264784	-0.6098009717724377	-5.317163041239128	-1.825077053673544	-3.0704388469986026	-0.8872312413903333	-2.7346078699226704	-0.5569130642357549	-1.4165676321094074	0.4442096519799243	-1.505457993186484	-3.4458383119537026	-1.3005432377920176	-1.5746533621437708	-1.783214195495539	-2.7955572377794886	-2.3970460164977045	-3.669677494821189	-2.173255539291802	-0.4209228210558082	-5.2004078176413175	-3.670791226482291	-2.299677005479592	-2.343259461286804	-3.499685018630583	-1.506510600547249	0.2902007133434033	-1.91798478446625	-1.4117129352990854	-3.0820417492733387	-3.663987874022152	-1.1831206728373866	-1.0698341465815475	-2.470516754902943	-1.5600665572436794	-0.7988674250243005	-2.3721417818499484	0.0194506168749977	-1.055772190120925	-0.9181644881817378	-0.7966133518420971	-0.7870567839104148	-0.5916012789552996	-2.199278491632186	-1.8595264677837504	-2.2727964443477844	-2.376545438084616	-2.3762466951675454	-0.8507997225896614	-2.1766120833880773
ENSMUSG00000031840.15	ENSMUSG00000031840	Rab3a	DOWN	0.8511303511303512	0	26	0	5	0	8	0	7	-1.0823330598616816	-0.9831348053628228	-1.0281104616602583	-1.2381679967646944	-0.5293263492563036	-1.5337274317654697	-0.8980301316601526	-1.0682394790654932	-0.2767639241233519	-1.483412206176164	-0.6624764924698587	-1.6825520001789689	-0.5731217909270899	-0.9771376460761276	-2.1416356348464083	-1.0856667248158114	-1.7562207186771517	-0.811663339809995	-1.454289297273241	-0.3739487218211446	-0.6115379089635541	0.3874271768947773	-0.8980301316601526	-1.507528090100237	-0.4769608952788001	-0.41315948653356	-0.5728092216090145	-1.0482265951058738	-1.4062209356073492	-2.518443485752567	-0.8923603316361525	-0.6326439335915915	-1.6435023287556183	-1.16109817710982	-1.3282091622375918	-0.8317482267623767	-0.6852183641216952	-1.2393213467868227	-0.1384747116873319	-0.616376683085346	-2.030717546200968	-2.568709764976869	-1.0053364455500282	-1.0682394790654932	-0.2167139551559942	-1.5524584460716833	-0.6700756479296699	-0.0587951262324984	-1.546461643105096	-0.0426404242661841	-0.6249635487208048	-0.2131521963512113	-0.3459343845677967	-0.2746305452950495	-0.2767639241233519	-1.0355996033637218	-1.89204600934184	-1.6916052978519345	-1.2959985071682705	-2.5443997555791853	-0.7930306428771725	-1.483412206176164
ENSMUSG00000021994.16	ENSMUSG00000021994	Wnt5a	DOWN	0.8511303511303512	0	26	0	5	0	8	0	7	-1.2911227187269452	-1.2600734094593622	-1.758177114047635	-1.9055455674148483	-0.6354189052770574	-0.8653492881682394	-1.7767834083059413	-1.9237204621867408	-0.5496220535271137	-0.7433634106127833	-1.5543061213649816	-3.1522981152752854	-1.0186586433594782	-0.691459065855137	-3.158209761937713	-1.886996277512997	-3.2707554048283987	-1.11504698989668	-2.0960794038630453	-0.6837081003816142	-1.13591579258131	0.0947969359437128	-1.269258881338443	-2.7737130699587493	-1.0621236092833617	-1.1040127028513982	-0.848997952283006	-2.609689636138877	-1.7767834083059413	-2.8912711086368725	-2.143961742297265	-0.8306160534149603	-2.0398545218425834	-2.475505341520687	-1.5366105735822833	-2.2736277841255474	-2.1661189527932416	-1.7805496623917243	0.1020258600267186	-2.516319238565707	-1.9237204621867408	-2.4939150837598865	-3.444642967714673	-1.2816974173119255	-0.5570334567020866	-0.4802444298807206	-0.2705349863596921	-1.1009583467103248	-1.481981789488344	-0.1513177369865831	-0.9329874558970156	-0.5496220535271137	-0.6700002560906552	-0.5238239703894483	-0.2711034760156476	-1.3649809362395653	-0.6954414871943388	-0.7433634106127833	-0.5132551554962792	-1.0580137141007795	-0.5024013521036573	-1.179988961430273
ENSMUSG00000020799.17	ENSMUSG00000020799	Tekt1	UP	0.8498075998075998	22	0	6	1	8	0	7	0	2.0232042646336277	2.1636539042485445	1.603470711911091	2.44725044882282	1.3210028062131394	2.721093091587462	1.4175287910845873	2.7872755509506013	1.5400322575464878	2.929454099175892	1.1779772662152976	2.0210556547482703	1.192188467655416	1.1319973350060966	4.275973498227256	1.2310727829068944	2.1586519538372544	1.717034555091973	3.1858210442923705	0.1140311038306963	1.0217316377642665		1.6489554569175568	2.551690030188213	-0.0968057206703796	0.9371385765568916	1.0732765227497594	2.560376295014335	-0.3688835516760647	2.720699666761837	1.337181110831413	0.1603125302401941	2.9600827904747864	1.4978764713377617	2.216911056939139	1.182997729351333	2.0808942450957946	4.416857974091502	-0.771137970034173	0.7492598721035747	5.048097080285239	2.7872755509506013	1.2246674878084087	3.675733146554588	1.7632346320813663	1.5818563138572663	1.6910153732926931	-0.5229400563331403	2.875790488689037	0.0756041154156964	1.5400322575464878	1.3830452016481392	1.2038710847381169	0.9497903989852282	1.9897310584236425	1.5775343643300102	3.437911901485672	3.718837522777476	3.7219454129313583	2.929454099175892	1.034313634212389	2.627654706199433
ENSMUSG00000072969.3	ENSMUSG00000072969	Armcx5	UP	0.8498075998075998	22	0	6	0	8	0	7	0	0.9890843386679649	0.9268828262944879	1.049564738152285	1.2492280169462018	0.6165808731232532	1.04096372645012	0.8507959399337107	1.3597991484451686	0.3363291089413829	1.0029697126552652	1.649499571550794	1.5059670006286323	0.1415626859495916	0.8420512266242745	3.30116722700016	0.9345956400309202	1.0423412372798986	0.7188589692734753	0.6705061914511048	0.1530563266095166	0.6326158231177492	-0.0115775236530014	0.2780484422183018	2.2691560774744817	0.5553022126959465	0.5831242021328871	0.4545228173985682	2.0501849742908225	1.2451083832000926	1.5562419496709747	0.8507959399337107	-0.0131444994192588	2.9855788357344637	1.0150122228186715	1.072523112152204	0.6917274058172914	1.163421478129422	1.766537102710149	0.2148125772059088	1.1348331860337242	0.5746612804034587	1.3597991484451686	2.0978582486755517	1.5960945751494513	0.3363291089413829	1.0396457426565435	1.5663286793496134	0.2137700005324907	1.4119016272596403	0.2967162457565649	0.855932048931384	0.5491518545006233	0.1498714817133771	0.207998645308005	0.1547441694061598	1.4786616470743532	1.150347010332663	0.7323281469874323	1.0029697126552652	1.3783140738252246	0.6952848187440093	0.8488406755318906
ENSMUSG00000023067.15	ENSMUSG00000023067	Cdkn1a	UP	0.8455988455988456	24	1	6	0	7	0	7	0	2.6574181897096016	3.027694409579455	2.652281623483817	3.015785818359994	0.7834241988389272	4.178181118155668	2.6361983356240457	3.419190483534864	0.7450496259605304	3.991330990694466	2.6361983356240457	4.953021653804838	1.2226421800518288	0.8700226866440699	4.637878945147767	3.275923925139115	3.361844568443096	2.7461477644514	4.9324574228254185	0.2776696945563743	1.4642689981432784	-0.0928169952403495	1.5476714470333863	5.13783940445197	1.84434660011068	2.1007030683597616	1.7107897157065617	3.431095917871814	1.4143232885224384	3.657739485054224	1.3970923458046045	0.9727324818070602	4.214637543400371	3.205834914086666	2.1088236910997136	3.8902554130874014	4.692459338075524	4.125631460845232	-0.0729800391142188	3.419190483534864	3.1785984850709967	3.5516171605811926	5.070240350740977	1.8382028268609156	0.1240173575806851	1.2406350080233612	0.7450496259605304	0.5802675706349918	1.799090963036193	-0.0636660185499101	0.0027396028380664	1.466457202621891	-0.0674116858718004	0.8927345399804879	1.8977520209737015	3.991330990694466	3.0702644819204363	4.785730391342388	4.505717593078144	3.3261950683857187	3.1301129960037293	6.437916305664793
ENSMUSG00000016559.15	ENSMUSG00000016559	H3f3b	UP	0.8455988455988456	24	1	6	1	7	1	7	0	0.808687022742	0.9251469515533884	0.8763832591510635	1.0895815342674617	0.3967186729172052	0.8720646246322696	0.9587143003617484	1.2789767751013583	0.2099777067021597	0.8915796027450285	1.1300475679441315	1.3972320903579794	0.3257304412114807	0.3663307842753188	2.158896665135028	0.9587143003617484	1.3116480209328705	0.5131001308313805	1.085230070916434	0.0483211796850146	0.4494965161762531	-0.8388241428055855	0.7078103034877087	1.5736307983861295	0.8524908739315373	0.5512528417617937	0.5058060018073003	1.5235927252429462	0.6120387306916565	1.3805862931812884	0.6661308646387764	-0.2653405332836147	1.5947146266749836	1.1657792981133277	1.1556158172116322	1.07311922663176	1.659196503579434	1.2789767751013583	-0.1916682072732146	1.623531152756597	0.6578972731474881	1.135952142607522	1.8113304022810903	1.311051201251391	0.2123927254893567	1.211943413721794	0.5452757858078985	0.0871471522475429	1.3883412052074413	-0.047180204035261	0.613920474144721	0.2099777067021597	0.1000036630772788	0.1954638135313594	-0.1533803338050344	0.5896424216452886	1.647905935014598	0.5501003085593374	0.8915796027450285	1.0872288267074592	0.3145844759833023	1.0234108017708738
ENSMUSG00000029131.15	ENSMUSG00000029131	Dnajb6	UP	0.8455988455988456	24	0	6	1	7	0	7	0	0.699390159271557	0.6402917324642226	0.7228649021472113	0.7878641850771501	0.236391098255541	1.0504404516063255	0.4689517877713166	0.991977302919434	0.1978649126616083	0.8116316771571286	0.4333311325283878	1.4322072004593935	0.2359358995444828	0.3022665153405473	2.1538977159591672	0.4689517877713166	0.8864545825255153	0.4953648908668304	0.7820754779348746	0.2319854512829149	0.3552064208663098	-0.0381197918260078	0.1792931590667632	1.5863780695039014	0.2082594026404395	0.3016538229804285	0.4528297188483771	1.295486416494297	0.7303074354604248	0.9761818778114651	0.4238736117337117	0.1567312613209911	2.033998562324606	0.3848623890258841	0.7163427939664007	1.0207847783716966	1.3108117751715878	0.991977302919434	-0.1111794306376883	0.6095302996623272	0.5611186340770288	1.0630603761320587	1.3678242965664027	1.0327178168204867	0.2013457050251536	0.4042427418107718	0.4505206253509745	0.0176241718239245	0.725969527845743	0.0468600826668137	0.3429171113075873	0.1978649126616083	0.1057995447011902	-0.0664365909489864	0.173594248566171	0.8045202225515581	1.7032224829480194	1.3668324941911123	0.6647471437347793	1.64835164832823	0.35377749233345	0.8116316771571286
ENSMUSG00000031482.10	ENSMUSG00000031482	Slc25a15	DOWN	0.8455988455988456	0	24	1	6	0	7	0	7	-0.6068111781496333	-0.6004109774684211	-0.8776824518972821	-0.76581201518952	-0.3304784972791163	-0.4532717482326146	-0.7873459528023536	-0.7855192791497959	-0.3390618557675535	-0.4153026757870462	-0.8988128435044371	-1.795834003701588	-0.2834619191609721	-0.6438952797139929	-2.0130267282018863	-0.8696644183681244	-1.4060952517070595	-0.4540348633225524	-1.0109001324091995	-0.1263377721950162	-0.4976330504626551	-0.1749460683050615	-0.5245956271649275	-1.6814153357663617	-0.5794068304735056	-0.5586005197196667	-0.2380748500808275	-1.3835652262532907	-0.7032216167319949	-1.4727884201316537	-0.7873459528023536	-0.4187311407216044	-1.342272330796758	-0.9342210670191188	-0.6645413945133423	-1.1730875126804607	-1.0609160453182045	-0.7855192791497959	0.1774222197906939	-0.6674015854302464	-0.8434133875923172	-0.618706067926931	-1.7460830987267124	-0.8769829072913312	-0.5231280228222266	-0.5421057190587483	-0.0154931237755997	-0.1658137157186737	-0.5275024735507625	0.0053875810670433	-0.4199422499013823	-0.3390618557675535	-0.2981224079701782	-0.1859088915326542	-0.6235725910395435	-0.3360057738155736	-0.5220805355523266	-0.5380695444875512	-0.4153026757870462	-0.3806787524846057	-0.3253419621813528	-0.6554229933198467
ENSMUSG00000025656.18	ENSMUSG00000025656	Arhgef9	DOWN	0.8455988455988456	0	24	1	6	0	7	0	7	-0.7625504168748628	-0.7472204052078395	-0.8828310133617656	-0.9609452173906922	-0.36970053258546437	-0.8367249041615291	-0.7502669418742952	-1.166880855084651	-0.2255460221312717	-0.7441738685413838	-0.4514057024830262	-1.90288716498342	-0.4136323776565638	-0.3277430916044149	-2.1368897033912786	-0.6300709778555026	-1.1683543588030354	-0.4439092048020122	-1.2892231832667462	-0.0097913524643274	-0.3944859494655394	0.0537990759305646	-0.6191431195700141	-1.6610249172039706	-0.3688059442680348	-0.4768993605511661	-0.5352480881723751	-1.1304942177562416	-1.1824620856411712	-1.6711060284527883	-0.841351585917378	-0.3538479176002564	-1.4828097473447377	-1.389883622722229	-0.8758652453415176	-0.7502669418742952	-1.3826345475061923	-0.9770681350178204	0.2417694067366089	-0.7416665651240372	-1.166880855084651	-1.4539913990416446	-1.3659155774622045	-1.2628633967410958	-0.3081752702184693	-1.477320165332845	-0.1402542577874843	-0.0098197147936604	-1.0551902536732216	0.0988392531715774	-0.3569510050893091	-0.2255460221312717	-0.1494304531475018	-0.1774781566515405	-0.2653798127863818	-0.46780647419134	-1.097920923108656	-0.7441738685413838	-1.0794425290949354	-1.1993715608278568	-0.5412145142825951	-0.7271444590839364
ENSMUSG00000026353.10	ENSMUSG00000026353	Ubxn4	UP	0.8451178451178452	25	0	7	0	5	3	7	0	1.085306235671324	1.1349572496714158	1.1228483918939813	1.2334666646465446	0.39518448713278337	1.5897253990119862	1.018464145103584	1.2514503542392474	0.0361452354194561	1.471677456495543	0.8812835761135739	2.262955436560528	0.469112965545807	0.8671841082379609	2.6691930834380946	1.1236123260848063	1.822777989976852	0.8706437193297827	1.540725718778134	0.0373587187488757	0.475803628830451	0.3542154453351405	0.4892085541543519	1.6744166816950643	0.4043454920446122	0.6260666966676357	0.424413919911146	1.630962660343689	1.167302539477884	2.2943203840480075	1.018464145103584	0.2354807433746055	2.2860257426210566	1.2215753840162775	1.1924513292224668	0.9788544638738756	1.2981511276032327	1.912456822864304	0.1630112710897841	0.9557801395359716	0.6664511169784499	1.975389587830128	1.2514503542392474	1.709727359987929	-0.3442394763775788	1.3438666040664256	1.4818921842196908	0.0361452354194561	1.8052455030908592	-0.0915272314415298	0.3852573769942727	0.3108549589117223	-0.1378444445462677	-0.0539210011588196	-0.3887003507176143	1.6246960503308503	2.387741871741955	1.411512798905509	1.471677456495543	2.1626962902055458	0.7795267184776628	1.2902266069268378
ENSMUSG00000020075.9	ENSMUSG00000020075	Ddx21	UP	0.8451178451178452	25	1	7	0	5	0	7	0	0.8326920640992408	0.8017885013938917	1.0699930443399344	1.1485162743953359	0.3486527573994898	0.7636061802622033	0.9510219620025956	0.9708206843621418	0.1315443763602687	0.6525550407851879	0.9053910463847364	2.124761718197061	0.4094866056519929	0.916919726924978	2.636727621463526	1.0654101726205532	1.8151153402256928	0.9036005788198757	1.350023665958405	0.2005705579111307	0.5615648963391231	-0.5526671257479581	0.5506512957344919	1.7568022707171058	0.4385645278042402	0.8273224719554109	0.4442804267305649	1.7928228840994531	0.8810461734177589	1.7784012304777093	1.04181630711694	0.1903328595336045	2.3642875043118345	1.1591988716965558	1.2851684309040905	0.9510219620025956	1.0911901759267573	1.951144624240088	0.1213763116632881	0.8256333028606913	0.6193046142925146	2.042452609244596	0.9708206843621418	1.5088817741040317	0.0782199596078481	0.5740907535687019	1.0070098757961443	0.1315443763602687	1.3304609469252215	-0.0406736771366056	0.4056568279076447	0.3254998220894263	-0.0296479110311219	0.0133238507906062	0.0396955065162545	0.6525550407851879	1.3384125053800937	0.4403747634516031	0.5413296327830457	1.0875091494664777	0.912971335931463	0.3720908340375523
ENSMUSG00000021500.19	ENSMUSG00000021500	Ddx46	UP	0.8423520923520924	24	0	6	0	10	0	5	1	0.4685602204792252	0.49061186024571246	0.6231599939465257	0.4577874166167562	0.5782886970460716	0.21500477430754733	0.5957002980394199	0.4443544385394131	0.5368692819520119	0.2790392084251258	0.5224109723091966	0.6993743271753106	0.5825975527096241	0.6805942906214005	1.3065083055463955	0.367950502095335	0.7071734035882098	0.2445668677549308	0.6851256935645088	0.2786201545473191	0.5957002980394199	0.156655105723733	0.1191360823609327	0.94223736736378	0.368001078505896	0.6571785216379482	0.4816535842003784	1.0210910905110298	0.4112610735525859	0.7211892964971778	0.8776837452899622	-0.0435028469754281	1.810491687893428	1.195264044003863	0.8825950170382015	0.3374353454047464	0.2163272755963106	0.7641278112951957	0.0861565436777364	0.2135944632620516	0.4443544385394131	0.6314364020158342	0.353450744106119	0.7113915134209432	0.3503890524217778	0.5512516041659614	1.6057142076109838	0.5446286147551272	1.071831615186881	0.1145075660397446	0.695582564686173	0.5368692819520119	0.3505858948688386	0.3841401668217307	0.1556750989975576	0.4542505806183612	0.2790392084251258	0.1424421242699013	-0.4470461993028478	0.4500486459876271	0.5969155021185705	0.0293835580360931
ENSMUSG00000022748.9	ENSMUSG00000022748	Cmss1	DOWN	0.8423520923520924	0	24	0	5	0	10	0	6	-1.0571969761954	-0.8297792662571447	-1.1330324478078726	-0.8220761177360517	-0.7523222704959067	-1.52135706874177	-1.0153220502614635	-0.6442364822528259	-0.6078794882180871	-1.702000803162055	-1.0029141204583725	-1.7609981808009874	-0.7975593993678539	-0.8646817380355142	-2.2139144295837903	-0.9188876258297906	-1.3746911890633482	-0.3778063965460148	-1.7866054743519657	-0.2425379421846004	-0.9914007820551928	-0.9459507299475748	-0.825009419546351	-2.1067219241200883	-0.5742596347191241	-0.6518755849972059	-0.7091198494892232	-1.1994806887606535	-1.1762866529482126	-1.5816185337145403	-1.0251258172620763	-0.3337627471586474	-2.128484321699592	-1.474918364854456	-1.3814850405306656	-1.0153220502614635	-1.1304574525252558	-0.8737447796472847	-0.1569019041737539	-0.1143837412939788	-0.6442364822528259	-2.5369952707369	-0.5595419467728754	-0.8687286992747433	-0.5630919199443073	-1.6816148036584802	-0.950823505763507	-0.6692744001221169	-1.584725764610975	-0.0908015062698516	-0.6078794882180871	-0.6879216286453488	-0.5283093651376367	-0.5823445550628115	-0.3287580380218518	-1.260917081526573	-1.702000803162055	-1.9201802960797496	-1.225340885028395	-1.7824929163437138	-0.6348467463417334	-2.12372075271017
ENSMUSG00000021906.15	ENSMUSG00000021906	Oxnad1	DOWN	0.8423520923520923	0	24	1	4	1	10	0	7	-0.7049454873001717	-0.7725492264504688	-0.7428777075787771	-0.790700290084998	-0.629420544011774	-0.6567834075251378	-0.737907041442459	-0.8964625377157946	-0.8071914114584786	-0.7204161387180511	-1.1805402559892644	-0.623267705363652	-0.8922005948974884	-0.7147462577167928	-1.5899620445988183	-0.2934056257162824	-0.7514073537984456	-0.6198379977744822	-0.8288685156416837	-0.0737254712608808	-0.737907041442459	-0.676668369830848	-0.7150658816672517	-1.3640497993680951	-0.136705210273075	-0.7819901506126803	-0.3546549710027515	-0.6907543693256533	-0.3056998837119188	-1.091454466390601	-0.7910494570464587	0.0923755622902204	-1.7374137660125328	-0.7616749616445138	-0.8677799521536949	-0.6209909203491093	-0.9482526433277684	-0.9275317274207386	0.5024504549265172	-0.8964625377157946	-0.5138866384116086	-1.0116962259240558	-2.0815620020964816	-0.6062133539528239	-0.98377648501901	-0.9984353259784496	-0.5127691575985062	-0.4570560298283121	-0.9278368229570574	0.2126336029181156	-0.8135300347421066	-0.4957918980231637	-0.8959486536627926	-0.2439237677797534	-0.8071914114584786	-0.4482028641144555	-0.7204161387180511	-0.8218634996620298	-0.9387876514351996	-0.7672899681700523	-0.5727103164291372	-0.3282134141470381
ENSMUSG00000061758.14	ENSMUSG00000061758	Akr1b10	DOWN	0.8423520923520923	0	24	1	4	0	10	0	7	-0.9619733607331634	-0.7831255290093346	-1.076790178459207	-0.813632702443879	-0.7043619399441151	-1.2531086220854526	-0.986306495626995	-0.5799445623916742	-0.5610323471567417	-1.3057381545169755	-0.6502214018327849	-2.171181544868133	-1.4329519749264743	-0.6549866150266355	-1.6019449711101108	-1.012063978097254	-1.5349249757592505	-0.5652244412172106	-1.7733849701329611	-0.1725544360421346	-0.8407307994676948	-0.0997032461324373	-1.0613744486232362	-1.860563466259528	-0.6096367196821147	-0.6152764527723076	-0.4701019324734441	-1.1569986060454265	-0.986306495626995	-1.961435008643641	-0.9695475705375304	0.0013591703640336	-1.6537280458744228	-2.1678676447559466	-1.414523627552159	-0.7916673500130024	-0.8457932652897844	-1.1717072815201028	0.1644334202271253	-0.1747480264292399	-0.5799445623916742	-2.3802460362544857	-0.5212314098392576	-1.0319850208995172	-0.9451085196237804	-1.1041092715089584	-0.7929075191250375	-0.5031358011616719	-1.4814279435654032	-0.074884015709491	-0.7366021112560257	-0.527015424905401	-0.5610323471567417	-0.5178105877833887	-0.503947797589366	-0.9168051285823232	-1.2926691024984114	-1.4605344491322394	-1.3539298153721109	-1.7563358644029472	-0.6857478400931596	-1.3057381545169755
ENSMUSG00000052566.9	ENSMUSG00000052566	Hook2	UP	0.8418710918710919	25	0	5	0	8	0	7	0	0.8567629506582922	0.7763826800886349	0.8978689928637615	0.9781615368177435	0.6799634456651904	0.8710578272864736	0.8437870524642547	0.7089783077130152	0.5448001036124662	0.9611176178595924	0.6597342416872836	1.4224075832999117	0.2740937651622751	0.4781443805234313	1.6827180730788007	0.524109195569171	1.3746090752926996	0.6533210476551848	0.8932734947132047	0.1354585646009204	0.1445061215822435	0.2125664850774466	1.0017777750943464	1.335781171823845	0.5309027837729757	1.089655087059308	0.474603431730203	1.2543823523272393	0.7477265895517079	1.4487714786938246	1.3868839789352376	0.8437870524642547	1.618436859510462	1.152035369504829	1.505639590559655	0.6893749968390672	0.7077622612120313	1.7907146549977928	-0.1115263300185626	0.7089783077130152	1.4212461025796763	2.10325332242058	0.4006065085158026	0.5338581915159017	0.9610256586133614	0.5448001036124662	1.0235274694526564	0.1952673226174033	1.572730088677178	0.0482278009399447	1.1929796692099472	0.7503638103791701	0.4139718354970646	0.3105354124340883	0.4661687308838148	1.1388225414407318	1.0863572073762482	0.722315904748063	0.9611176178595924	1.0514003701025707	0.537660180475881	0.5997309690022274
ENSMUSG00000039756.13	ENSMUSG00000039756	Dnttip2	UP	0.8418710918710919	25	1	7	0	8	0	5	0	0.8361820179624877	0.7627628923689862	1.0388483740838679	1.1814548987726954	0.5097053606628197	0.6147194383305676	1.0489748223106572	1.1835137575627768	0.2992795097261806	0.4765509624273152	0.963435674189449	1.724626470964549	0.3041024764260833	0.4828588719178714	1.9560961280750264	1.0489748223106572	1.6235846246490306	0.9086080017139808	1.1969231384673773	0.220477256262102	0.6238499097048109	-0.2293073637325014	0.7017129343514397	1.4644083276782316	0.6543220321131503	0.944579619124774	0.4509355418798275	1.5940400091134042	1.1991676863777223	1.590386095758733	1.0171894667106374	0.2001587536622305	1.941450720198476	1.2480833495825825	1.398105452674448	1.2096261744115724	1.6105099256787714	1.6697298546230015	0.1442612115205019	1.1757542504871166	0.7905623088759149	1.4738059937089016	1.8325569146306533	1.1835137575627768	0.2992795097261806	0.7406770117119507	1.4355259327948489	0.1524367344934727	1.2731764831502874	0.0533193909618697	0.5479696777853383	0.4743391140712468	0.1983121436693719	0.2058964379764235	0.2258265309500271	0.914362571449152	1.2390120938766902	0.4765509624273152	0.2273788227660824	0.9745851888463408	0.2657299564026664	0.2054164725457264
ENSMUSG00000021149.9	ENSMUSG00000021149	Gtpbp4	UP	0.8418710918710919	25	1	5	0	8	0	7	0	0.8025874741660912	0.7458005509352136	0.9835972330650151	1.0200087526985926	0.4251953219030721	0.781548588997685	0.8356155676998203	1.103209660411082	0.1813897987911445	0.6559855341706069	0.8356155676998203	2.086679591707312	0.3838044808998588	0.4036765240593182	2.3173744063492165	1.21074685380881	1.6843618162735703	0.7765198929644015	1.2195447971090734	0.1850961585895143	0.4853871630132477	-0.4659580956008626	0.5189075377778105	1.6586038677127817	0.4142227128963209	0.7117409141180862	0.4543575461082727	1.559062499976701	0.7688039109640136	1.7345698629417567	0.899153358189262	0.1802965943380329	2.186579796560577	1.2675582028047645	1.341604084973783	0.7581211300085041	0.9806941165114657	1.9167348620903997	-0.05033924103543	0.6270073633964794	0.4120115920138144	1.960347180667942	1.103209660411082	1.1710898513458614	0.1813897987911445	0.6480214798250589	1.3717311300315236	0.1782245125655162	1.2678321464811029	0.0100818808375616	0.4310180834435902	0.2364174150801006	0.1802614940750435	0.0688863722615423	0.1032842275416079	0.8309204573693793	1.2102500459705827	0.6559855341706069	0.4735655297043674	1.2107974549576372	0.5464419507298283	0.5428791500813938
ENSMUSG00000038535.18	ENSMUSG00000038535	Zfp280d	UP	0.8418710918710919	25	1	5	1	8	0	7	0	0.6251797546926099	0.5092748541339595	0.861528839180412	0.6278280705051482	0.4546657098522841	0.5566963992325954	0.942684130704928	0.5630015481400144	0.419970821555386	0.4555481601279045	0.9592675420356868	1.6300888870683858	0.3022652866298773	0.2636342259760569	1.544562210883743	1.0657689355950573	1.822159525994265	0.4622577070112639	0.942684130704928	0.4242123331655228	0.4578355271805454	-0.2286122812186651	0.7719677455811422	1.3650926725293793	0.1641121854263194	0.6251038723412718	0.3845853773211168	1.2664427938980545	1.3607384741655502	1.1928698442154722	0.8410719831208012	-0.0123627055659641	1.6724704598272315	1.012538530274979	0.8177237476924313	1.1465829820568396	1.006216663959834	1.0790542279520987	-0.1832341493414968	0.5630015481400144	0.4742306458356004	1.1128986943652142	1.0414468911313548	0.307398635453252	0.419970821555386	0.0104800326812154	1.315595208864078	0.1893066207626314	0.7496822307246364	0.0607966135392817	0.4819938064446514	0.2676802987261578	0.8445846601150904	0.1445909029655117	0.5166416119964856	1.1391968716451155	0.7455194592725878	0.347270595674406	0.2632998836163804	0.5546835575336602	0.3913562667581135	0.4555481601279045
ENSMUSG00000033159.15	ENSMUSG00000033159	Cnppd1	UP	0.8413900913900914	26	0	6	1	6	0	7	0	0.7191053393849716	0.7308335792724725	1.011353731631442	1.0487385065798944	0.2084933211967809	0.6078357981317689	0.8816597134778097	1.3153699324471484	0.2030964224662062	0.5800074450671353	0.8207474899681165	1.6120706042211412	0.3901486409586526	0.684106950446792	1.985769683173964	0.7061924364928283	1.6989841919584678	0.7625539573959883	1.1099446374994926	0.286467778953252	0.4632497083679298	0.2801527324295103	0.7965192849246752	1.973076696722598	0.2522073111045845	0.7582589792266182	0.5700067820021238	1.5670673166234632	1.3300209992942809	1.5123153386794796	0.8816597134778097	-0.00025105382559793534	2.1864916624956168	1.2090215043744847	0.8929910529016005	1.1237782535257568	1.4529981006553083	1.3603097148491714	-0.164960765713605	0.3890227684564232	1.3153699324471484	1.2469172363532492	1.3300570030302004	1.8644536566366732	0.2030964224662062	0.3040213503477035	0.316602530150823	0.1405765029562159	0.6031522602494739	-0.0766359678418161	0.3098831911069799	0.3289392966283129	0.0531695582783033	0.1090012289935928	0.0016201598287949	0.5160547073453788	0.6904497086133787	0.5800074450671353	0.979990556263754	0.6791265964416248	0.3588910763055626	0.4503304968855476
ENSMUSG00000005373.14	ENSMUSG00000005373	Mlxipl	DOWN	0.841029341029341	1	20	0	6	0	10	0	6	-0.6774547263294926	-0.7078373386484762	-0.5531673430355627	-0.7639476552709547	-0.7027835337030175	-0.6899203733084356	-0.45993120787598035	-0.7067915392102245	-0.746051898337219	-0.708883138086728	-0.9537998312675008	-0.1225024858246569	0.1846105637255598	-0.0337999570481772	-1.875905253178174	-0.5526323424711943	-0.8112389475014645	-0.4578337351140629	-0.3746926774796335	-0.2008804661029307	-0.3460904302413892		-0.4620286806378978	-0.8929599772649779	-0.3246661361102467	-0.3379298077425053	-0.6190332996951631	-1.098872286788952	-0.0884309476227646	-0.6506270681746279	-0.3995667541588799	0.0455927352016842	-1.1861794780481776	-0.3528979920468602	-0.6786340500694393	-0.747886770286003	-1.0434648429761948	-0.6520103343150269	-0.1530105096171249	-0.8851857622994687	-0.4509510054920836	-0.7067915392102245	-1.7530828968108667	-0.7466015391518878	-0.746051898337219	-1.361552806735053	-0.8193318339574943	-0.3137609876235009	-1.028358230349866	0.0462739564406028	-0.6624273085470699	-0.5823825166071642	-0.8852141016513998	-0.590670402815036	-0.7871427405499922	-0.5720773688895837	-0.592997779666686	-1.0290820906185174	-0.7372184250330936	-0.9455857899619272	-0.2435980209025128	-0.708883138086728
ENSMUSG00000020034.8	ENSMUSG00000020034	Tcp11l2	UP	0.8400673400673401	22	0	7	0	6	1	7	0	0.8806414815685786	0.7280763992877057	1.185779531734718	1.5468882116966323	0.2524902137528253	0.5374079690901389	1.0287894995044786	1.6469134340681104	0.3029769991970208	0.4273632990709328	0.9134595690182928	1.5877553423399642	-0.2036610111721374	0.2100274384607875	1.8210356980491635	0.8896989539361672	1.976103240709294	1.0287894995044786	1.035086549893875	0.5787959419919895	0.5683803208338198	0.0635350820030937	0.5958535013277931	2.0134241568419844	1.209610988266112	0.901552330892158	1.1180687825544453	1.6940886520857208	1.613190145543013	1.887727758888124	0.8020025806987391	0.3027105192811448	1.607398804276616	0.8194473349832297	0.8084598035566446	2.7127839511403127	3.46072142093256	1.6469134340681104	0.3184900631857206	1.9977555541657133	2.1169555925557253	1.0184242454382038	2.9735146521106723	0.7561639403522807	-0.0393716492276811	-0.3743482150498349	0.6489231184214992	0.5822265675323394	0.5718293521886338	-0.0027413127273922	0.3029769991970208	0.3927523086543412	0.2596875294612181	0.3856887821292971	0.0497688707016378	0.703724054499926	0.8498257419986821	0.2880628064354442	0.4273632990709328	0.3368895687412959	0.7315684522773221	0.4244218606073692
ENSMUSG00000015214.15	ENSMUSG00000015214	Mtmr1	UP	0.8400673400673401	22	0	7	0	6	0	7	0	0.6820358106180616	0.640169616939239	0.7059890827561186	1.0819275335257226	0.26112722418843876	0.6790994020019667	0.6337706850075024	1.1283375563122713	0.2116375750265506	0.6465685488709757	0.6570950294669082	1.276779035228075	0.1076854633845367	0.4145661034594089	1.882657066138576	0.6255290615964259	1.1392670073686004	0.349261996952812	0.6448325601750783	0.0824345907915076	0.3556059610990617	0.0579986026394101	0.4535576496230055	1.1527789049305257	0.2346354128589406	0.2840060714780602	0.5072359193713611	1.18185049179674	0.8388215165807904	1.2654161219285556	0.3953013448164741	0.0326253751201129	1.2378955428493146	0.656676146150064	0.6337706850075024	1.007445632758622	1.585975940844737	1.1283375563122713	0.2568145531763452	1.6371397136957122	0.7843771979832198	1.2182347231603674	1.7156128952308964	0.8329760951212454	0.0659867725719614	-0.1553808384723188	0.6855265241420565	-0.0473054086525469	1.0252781234812944	0.0133245189844505	0.2116375750265506	0.3334857826383434	0.2876330439874085	0.2527690228960518	0.1994443494695746	0.8020838577316121	0.9960659101577196	0.6465685488709757	0.5239009443286746	0.9999238357766526	0.3049544467575057	0.480198270390627
ENSMUSG00000029381.17	ENSMUSG00000029381	Shroom3	UP	0.8381433381433382	26	0	5	0	9	0	6	0	2.282181828876427	2.4706785580562896	2.133409420364152	2.7761247996512908	1.2356077750591883	2.9835853204310774	2.045456039208068	2.8959010769045115	0.8553178589786696	3.1643741356602755	2.4338634645333395	3.858220449542329	0.8775133237780945	1.8384109333671608	3.6807406908681166	2.185520361777575	3.030577906935358	1.6624987637782205	2.119137387974974	0.821441010305355	1.0870504124403868	1.1640654077712418	2.1263630905914823	3.302492400325621	1.719427900745822	1.8876321045093	0.2485439362798215	3.345020102777594	1.6767037034540555	3.039637763678928	1.413704012092516	1.0958855766058486	3.4675093143958287	3.478826607048668	1.6636175950372127	2.3321940900091884	2.045456039208068	4.587743708863207	-0.1394606791225149	2.4876121560596984	4.40421129385083	2.8959010769045115	3.2768652204273567	1.920000820575948	0.2433519345070188	2.431739399457693	1.1770780671669738	0.6634289880710279	2.2326850131782465		2.9600080539081848	0.7273398109476936	0.4316642139029355	0.5054863624424629	0.9832959070096456	1.890284059858054	2.820925128415986	3.3811351212639065	3.4480100753628458	2.947613150056644		3.4135443876290306
ENSMUSG00000006920.15	ENSMUSG00000006920	Ezh1	UP	0.8381433381433382	26	0	6	0	9	0	5	0	0.7269387272313783	0.6356403766766755	1.0472548299528939	1.100031920517143	0.41202316914847437	0.3484449893070022	0.903731238565389	1.5037355431605763	0.3675495147879621	0.3600086785545337	0.758663460300396	2.3160774023165627	0.1257191883351916	0.6317356255405845	2.011742605576192	1.044993399507992	1.7964905640932654	0.684369404272871	0.903731238565389	0.3211063949835191	0.4668825855997701	0.1242131323949553	0.6723662269739648	1.8657770383295424	0.1692066826213501	0.8214221332509043	0.4014930393350396	1.8766316234736928	1.2897402535816316	1.863708113254478	1.2413558157462874	0.3424887046619063	2.059005126309396	1.3690431099856128	1.099952244203663	1.1144565806193474	0.9035087148946293	1.5572558794782916	-0.0940133640205234	0.4563386356517228	1.5037355431605763	1.80651119032288	0.9565162187323488	1.513879340294706	0.5855707820260192	0.1146784927504287	0.5467210321117256	0.1560593314336257	1.1945841022093615	0.0272054719439584	0.6157189472974645	0.2940679610915451	0.3675495147879621	0.2328492183167107	0.3972500066644173	0.3600086785545337	0.7930867084095491	0.2145687161055556	0.0140366897942722	0.574773383967436	0.5546548102809444	-0.0720140619632759
ENSMUSG00000056493.10	ENSMUSG00000056493	Foxk1	UP	0.8381433381433382	26	0	6	1	9	0	5	1	0.6938685221120194	0.684061656730469	1.0947556781139836	0.9655411737005221	0.37320502443755216	0.3419722121960202	1.0388700519337284	0.9607894216242234	0.2401682997800142	0.4073338918367147	1.3717019357317928	1.7141460173465504	0.6214728993098779	0.956510265471036	1.9009200431435327	0.9022000592758628	1.7519663685176965	0.7700111768607646	1.1844816208940745	0.3750791962874157	0.977895399263041	0.3426783004281714	1.18428273703594	1.685733078447861	0.455536319284528	0.8519654210607887	0.1852764986421256	1.5508475702615827	1.0388700519337284	1.4455077656649966	0.8807090054895965	0.4108739871175398	1.9530421864339444	1.3046456716040444	0.9836136497657064	1.157889440050958	1.6005466437544025	1.5055972679044771	-0.1775626787225587	0.9001252248626251	1.5245777011202395	1.419465559899851	0.9607894216242234	0.6257957192147963	0.1594074965700836	0.2401682997800142	0.5685368515899225	0.1999284842646184	1.020396872944766	0.1700421041214473	0.713186956854679	0.4434035390549867	0.0394780460677974	0.3608250647314776	0.1898815528332806	0.4073338918367147	1.0074009988594126	0.2397394165090663	0.1755283455151884	0.552666022704227	0.458329628934733	-0.4471928189872006
ENSMUSG00000024404.8	ENSMUSG00000024404	Riok3	UP	0.8368205868205868	22	1	5	0	9	0	7	0	0.7151200059747719	0.46905787521919745	0.3834510243994092	0.42118173324485275	0.5568099552684438	1.4990373109863817	0.387463080696883	0.4439280159205659	0.494187734517829	1.5954062195376009	0.2787864608013594	0.2566297172287213	0.7824495521660911	-0.1549385255230347	0.8896930332889398	0.2441603088983723	0.3627487517636151	0.432450673930496	0.4767658413081495	0.0843743852483485	0.4684698417692885	-0.4955168801749317	0.1159904513390256	0.4922901240103451	0.33309289494683	0.387463080696883	0.5758081066491032	0.4773431652324436	0.349882180676799	0.266839022217893	0.6194680604762892	0.016668400512342	0.7411167778547029	0.8426024591665048	0.8237466706117436	0.2631237954223323	0.4216693082653944	0.4847011221423437	0.0633195668932938	0.3755930325664317	0.6783091562887588	0.5965314202625227	0.3058898186400526	0.4439280159205659	0.467471913239959	0.2341600098576044	1.028536367293743	0.3029336292289845	1.3996355255003228	0.034497214469239	0.6697191705897587	0.5475795310799523	0.4465426942233171	0.4996457179521715	0.494187734517829	2.0941697496842964	1.5954062195376009	1.7244357491485032	1.5576971313833057	1.947611652983368	0.2490814675975491	1.324859206570051
ENSMUSG00000009555.17	ENSMUSG00000009555	Cdk9	UP	0.8368205868205868	22	1	5	1	9	0	7	0	0.42240590813080287	0.447355588149674	0.5000102637488749	0.5442906193919149	0.17216267185416226	0.4731600775282594	0.4212638865070331	0.6060927809072517	0.2275086112753947	0.4734472897923149	0.6267338917215183	0.96958774286573	0.1449955435595016	0.272069994144593	1.341674726328029	0.2214029261097791	0.8530138399960375	0.4455242803191102	0.6010511566378693	0.2096554802621099	0.3709870128854983	-0.2315059821725917	0.2785214663392144	1.1732300954531931	0.2751202600287223	0.4073893585170989	0.1483363587760801	0.769059197799103	0.2640429947423984	0.8097421918003884	0.2649656997461899	-0.0973345088457614	1.3873837688775277	0.45940826101451	0.4433020301809611	0.4212638865070331	0.6706554476257791	0.8478990682743267	-0.1807441671816038	0.4405141967219919	0.4400204801728886	0.6120391399081319	1.044212836940417	0.6060927809072517	0.1482720792257978	0.3449832533113163	0.2444772962343271	0.2275086112753947	0.2275625432174901	-0.0837806429546135	0.2780437600077547	0.2312392894913368	-0.0159867160774945	0.1465422735386837	0.144927643125792	0.5029640027326712	0.4734472897923149	0.4417372476866018	0.4494595497007198	0.4966140350397852	0.27691356141673	0.6709848563289927
ENSMUSG00000068566.14	ENSMUSG00000068566	Myadm	DOWN	0.8368205868205868	0	22	0	6	1	9	0	6	-0.6817108066325794	-0.6020002348431518	-0.7955951582770068	-0.7351940285467212	-0.4999310119917819	-0.696123027714808	-0.7192758378981602	-0.8541038784234801	-0.4832677332706348	-0.4847246317881434	-1.6232173866579849	-0.9402725717312052	-0.5818116279631667	0.201438379356735	-2.074283982443348	-0.8772329543067827	-0.957179190337638	-0.5515003810259103	-0.4930493455693095	-0.1324503124947862	-0.7192758378981602	-0.0986016650392161	-0.4849222379282591	-1.4546737473540832	-0.4421360445695998	-1.0626405940965995	-0.4643882271942386	-1.0881726477975862	-0.3996247070226715	-1.2497400474736302	-0.6814960433029169	-0.0391465656885898	-1.6400822947294869	-1.5792080867026552	-1.0573630588102367	0.0338165299812453	-1.0238546246791025	-1.1723841140782552	-0.5338686068355707	-0.4076629824969102	-0.8541038784234801	-1.1405109669844842	-1.1860816191024888	0.1482539680941406	-0.4832677332706348	0.4678579614100884	-0.7671802029537941	-0.0204406944106502	-1.2299691414111686	-0.296929775329	-0.805854346588361	-0.6623582219325977	-0.7834336220056781	-0.4625592393463804	-0.4551061160714247	-1.5402636094951063	-0.3580850549584444	-0.4847246317881434	-0.8794493438215805	-1.1855340929311071	0.0444612625425916	-0.469265723551866
ENSMUSG00000026234.13	ENSMUSG00000026234	Ncl	UP	0.8363395863395864	23	1	7	0	7	0	6	0	0.6265991252597408	0.6301815947895033	0.7235531213242891	0.8361701449512958	0.4876553689325947	0.4590178658307839	0.661665375808793	0.7859583875856305	0.1952786033534365	0.5986978137702136	0.6591939595035744	1.265854175766428	0.4653448922317599	0.5105649674579159	1.8187027265053477	0.7819073377727607	1.2011257114181688	0.661665375808793	0.9348933078144284	0.2081462566681644	0.486662836909365	-0.7162192042125797	0.1918636594098389	1.1048016497484632	0.3759587675107358	0.6210136084222287	0.2304386686505105	1.2343891003605056	0.5399989686802148	1.0172788617353288	0.7446269345862417	-0.00220065652245	1.7510844632768774	1.1205898101551657	1.1299632939891622	0.4904979752314259	0.7077868268774241	1.4308023863512902	0.1763137445121461	0.7134667361635465	0.5533152164845674	1.3276892890839629	0.7859583875856305	0.8656452544779273	0.1952786033534365	0.7886341597944037	1.9324781449504644	0.1504590766349854	1.1607453040790507	-0.0395077152844898	0.6076446324473898	0.3621912035878253	0.0652354269520381	0.0709933471426044	0.070056874600834	0.7040767140798342	0.8084916355300016	0.2158137350727624	-0.0102825127660293	0.662206813542103	0.5986978137702136	0.2341208615866022
ENSMUSG00000021814.18	ENSMUSG00000021814	Anxa7	UP	0.8363395863395863	23	0	6	0	7	1	7	0	0.8528010961368068	0.8248325142637624	0.712690578316815	1.3163478910961446	0.4681828372931525	0.9139830778411149	0.6928796393709403	1.1975916008499976	0.432409058331319	0.9567853891565844	0.3170643158290177	1.129511889245382	-0.1133356421294379	0.8302439268628244	1.5234098033024053	0.698211025453115	1.6237908222161852	0.7597318948707183	0.6928796393709403	0.2309781789362233	0.3803818071021282	0.2447252630224272	0.688030072781269	0.8463125695221636	0.6716610788233394	0.1629526329776539	0.5095671620297678	0.944763593088336	1.1772909999103138	2.096609120012411	0.7314008654162312	0.4291378236319143	0.6811195469299245	0.7274823051030344	0.7129263475803838	0.5804541243682341	-0.0346555517029022	1.7521041688805143	0.0881474105294471	1.1975916008499976	2.1520929648277565	1.7851688243617612	1.0502238664425605	1.1891064017809732	0.1764501148845062	1.3790663175530462	0.9168530600745014	-0.191925710904762	0.8888417306987662	-0.2072777454616033	0.9446461537954254	0.6053306920464374	0.1440236042364693	0.432409058331319	0.0615939349705712	1.436981501998388	1.2259536224785743	0.4526666200388882	1.1326124949564562	0.9567853891565844	0.4487420845031167	0.7441398317557975
ENSMUSG00000022094.16	ENSMUSG00000022094	Slc39a14	UP	0.8358585858585859	24	1	7	0	5	2	7	0	2.011509759163415	1.7288541057219413	2.4555092601552215	3.9552397030312427	0.3600568467976148	1.2752332266695827	2.2290657296975693	4.251264157165769	0.5506870745054133	1.2286424817463133	2.4789976716599025	4.762414184951727	0.8340059677458969	1.9771564517773697	4.929321428309376	3.1263397851397454	4.860494801346047	1.7133845986873677	3.404051115501135	0.2244631593513996	0.4228587138739164	-0.762709989921373	2.90822836857287	4.202654054940617	1.9459796065166963	0.9447394167843582	0.4114410491162313	3.974537958047743	1.2263290776021434	4.934695468655375	1.6646452443593345	0.6420845250416606	3.192734333808954	2.2290657296975693	1.1120438158717294	4.230059530638484	4.708733956114703	5.868741540588352	0.3406623876394714	5.2947344961551615	4.251264157165769	4.30777995240715	4.226898467921847	3.396596919340948	-0.497504327750962	1.067499735231934	-0.6682241065407374	0.6657155947227933	1.7898293729755763	-0.0995108202421911	0.6522385387935966	-0.0595008228914594	0.7133352603371536	-0.1539401843673541	0.5506870745054133	0.4642974212149568	2.0721600451303424	0.6535931941195765	1.5701682063663227	2.2988452246997437	1.2286424817463133	0.6389260134098246
ENSMUSG00000017119.21	ENSMUSG00000017119	Nbr1	UP	0.8358585858585859	24	0	7	0	5	0	7	0	0.6735297907834755	0.6892273360431738	0.6129088090935253	0.9572560090805238	0.19446140499992942	0.9294929399599235	0.4957505435397581	1.1077405390808552	0.1029071529192736	0.8827041285465895	0.3537904397571815	1.1589623925795676	0.022365143119547	0.6368954629854093	1.663770456332398	0.5095076534569222	1.0582073661600564	0.4015690440410761	0.7123320210682547	0.1932186697594206	0.2075929311264904	0.1737125245752688	0.1326961297730977	1.0333699620293018	0.0933915498991219	0.385626722975627	0.3850786768169668	0.974158207084082	0.4957505435397581	1.0214799167688855	0.4614458208821599	0.1676531356636627	1.4930656349379416	0.5637087558858307	0.5332766909495578	0.4935425211320456	1.2223694722255525	1.1642382555549322	0.1237033786670562	0.6213851192439998	1.3325046485817384	1.1077405390808552	1.0894427971769132	1.2617773252581714	-0.019814389453974	0.2687288183507654	0.5886083343452909	0.0463380792422365	0.7991367499306964	0.0189124081864649	0.3243866801426469	0.1938674049508269	-0.1185062977295069	0.1029071529192736	-0.0654894858854969	0.8970383751857816	1.468500823633122	0.8827041285465895	0.8014680656403436	1.2328869799061464	0.6289248506982343	0.5949273561092467
ENSMUSG00000021866.16	ENSMUSG00000021866	Anxa11	UP	0.835016835016835	19	1	7	0	7	0	7	0	0.6104500219114282	0.5579178020146223	0.562250584232438	0.8922259658279631	0.3043310492208547	0.682992488364457	0.4645726091658512	1.0532069136416546	0.3463529108143905	0.6512629948633933	0.4645726091658512	1.4755043657234097	0.0312312819381339	0.6055687773010402	1.3849421687719057	0.4350532719181376	0.9191610048394562	0.0533931660907581	0.8386188112191185	0.0568295381412982	0.397468942706169	-0.2750328618093152	0.2157863369697457	1.2096214813352666	0.3269951946900871	0.1973364624860228	-0.0169452139025565	1.0239810255576856	0.4684613584081435	0.9383246015897418	0.2499183327462181	0.1239019518630004	1.3468927236041404	0.983566749103456	0.2374397837495931	0.5872271443180852	0.9009467657512302	1.0758539552222253	0.3481351543596561	0.8614572663848671	1.0532069136416546	1.1417598424652309	0.6762631562167564	1.088905472505351	0.5650397378800603	2.6516529822289948e-05	0.0867811843824796	0.2592497771724552	0.2921093645242141	0.0718960962666848	0.3668704735456065	0.3463529108143905	0.432053938214272	0.37730773140202	0.5499538106973966	0.4083393012136064	1.1005869290998465	0.8352486976628278	0.5583608007034134	0.797554708441665	0.4295939865664467	0.6512629948633933
ENSMUSG00000053470.14	ENSMUSG00000053470	Kdm3a	UP	0.835016835016835	19	0	7	0	7	0	7	0	0.5809165166452307	0.42606331328547786	0.573075087659341	0.804789406404892	0.33585439498235503	0.6099471775343349	0.3400020120170833	0.8910373532101784	0.3262836607697467	0.5121246145538725	1.1925554616559266	0.2800206689722077	0.2792876130174331	0.2727673664280409	1.627367626418329	0.2679567059416324	0.3279781095469825	0.2974376646270749	0.5037668937974202	0.0921756773671876	0.3321653262655581	1.278604294861055	0.3400020120170833	1.4486447480715925	0.4257308421877526	0.2885800080790635	0.3398198349285265	0.764531699742802	-0.1420828854796489	0.6569257218483467	0.1074264729079974	0.0166492912843043	1.4639637807830252	0.650712234917237	0.4646376367163527	0.4959849615421627	1.3994175983567634	0.6655452369988151	0.4238402600295065	0.8910373532101784	1.028658953060842	0.5756993353209763	1.069393777017392	0.9793509291965334	0.0706227669339771	-0.036058494441173	0.6185025806383724	0.2935947043037846	0.8116309001473657	0.0847068641130017	0.5336856903416647	0.4371855945975184	0.5209382074425145	0.3262836607697467	0.0333058699591326	0.7707670658821415	1.056025320244503	0.5121246145538725	0.6131287066771844	0.4993829915142075	0.3850051560934299	0.4331963877750062
ENSMUSG00000028710.19	ENSMUSG00000028710	Atpaf1	DOWN	0.8330928330928331	1	23	1	4	1	10	0	7	-0.49056599029221476	-0.46061774416783985	-0.4994424676513899	-0.46476745373839795	-0.4496557519952118	-0.5483982877838594	-0.4459138613321198	-0.4696007103727965	-0.4516347779628832	-0.5209459777067733	-0.8271903457552279	-0.4459138613321198	-0.4177273395392524	-0.6310529992518695	-0.7517484620053813	-0.1867477740983351	-0.7349790094325765	-0.2852216519769314	-0.9755448911537404	-0.1318963304158221	-0.4273015017122913	0.1597531205175512	-0.6046189686767401	-0.9487523737168786	-0.2835050105846824	-0.422080423580178	-0.3617294346575544	-0.5521554669798843	-0.3516570821452932	-0.6639571672262776	-0.4058861499933067	-0.1178793751015764	-0.8962985600999083	-0.3389405442986848	-0.672630089479576	-0.6469117322221604	-0.5623732016688322	-0.4234660713095746	0.2939850982865445	-0.4696007103727965	-0.5697559027046579	-0.7053197719171415	-0.9512563326895578	-0.4279584854616013	-0.8196054871496466	-0.6343323954225957	-0.2371449718395185	-0.4065225440215129	-0.6122158260717795	0.1671817027803361	-0.4949574965830104	-0.4516347779628832	-0.4500154555971633	-0.4335962653778504	-0.5733697547017063	-0.5209459777067733	-0.3010964711417009	-0.7340969649701856	-0.9926970335356508	-0.4243516706928562	-0.3285288947660674	-0.5370710016737812
ENSMUSG00000067369.13	ENSMUSG00000067369	Trmt2b	DOWN	0.8330928330928331	1	23	1	5	0	10	0	6	-0.6965209726475322	-0.7073000931496232	-0.9103483989760668	-0.6820990638423315	-0.5789084311690803	-0.6147279966026504	-0.8998414201115856	-0.7661573794329809	-0.5240631262245603	-0.6484428068662653	-0.8342113826187082	-1.500427487465678	-0.9003627342091038	-0.5443097241755717	-2.067878388567031	-0.7295632362468821	-1.180991838602048	-0.3253396083968365	-1.2528173273121794	0.0263365839638135	-0.7503121929524975	0.7394658248985461	-0.5922229490535004	-1.6801917819246837	-0.4482455313721626	-0.8998414201115856	-0.3784802231411964	-1.468727439937212	-0.9056606693793096	-1.4539768772689765	-1.148529074585451	-0.1263686335341149	-2.026027176670528	-1.4214355528867726	-1.0351934310132591	-0.7770228121528369	-0.8970716876380405	-0.9825456488763764	0.445617326718834	-0.5233223798018994	-0.6751751937350473	-0.7661573794329809	-1.4414740206114982	-0.8316361511573522	-0.8927753266317409	-0.9917981948718042	-0.75269835486608	-0.2685114174469672	-1.0531923034137134	0.0519176886905701	-0.4706707575405889	-0.6390101140405455	-0.5039690626692055	-0.3232217738452479	-0.5240631262245603	-0.4978212932854954	-0.737403111367945	-0.6484428068662653	-0.6951170545465627	-1.0052784556369176	-0.3927490534575718	-0.3262842010577952
ENSMUSG00000038302.15	ENSMUSG00000038302	Afg1l	DOWN	0.8330928330928331	1	23	1	4	1	10	0	7	-0.8262420815297313	-0.8596638455165185	-0.9090041915871699	-0.9156666501165327	-0.7482467072079064	-0.7320507772073166	-0.8726673550866427	-0.9434270727521242	-0.8466603359463943	-0.7157983829655107	-0.9639812132571364	-1.3466495356100296	-0.6702365588274569	-0.6354029448729334	-2.1377304118327976	-0.9543220078825208	-1.255274056643046	-0.6662335176882884	-1.17903257959282	-0.2431388141366385	-0.8726673550866427	0.4033384494018297	-0.797892719688907	-1.6913733991360322	-0.4479725494647486	-0.8390820963115077	-0.5734574947159784	-1.278949183893619	-0.6715154590431169	-1.2891562541503347	-1.1538286859224094	-0.0693270683183712	-1.8511847865334297	-1.0649346538735232	-1.3254507381506888	-0.5334277229818404	-0.4342298146405993	-1.0450257702022734	0.1766867865004392	-0.6055492033306847	-1.6980806570568	-1.6799418284362904	-0.9434270727521242	-0.6143288055379954	-1.1433264437161148	-0.8466603359463943	-0.9622500828533084	-0.629930713948702	-0.9392138669546146	0.2309951702136333	-0.901520143113722	-0.5636994976400452	-0.8240550798776333	-0.471706620643911	-1.1793461648061594	-0.7393118148194197	-0.6477499311081515	-1.055785421584645	-0.7141940742137993	-0.9911456897119612	-0.7157983829655107	-0.2603701260477292
ENSMUSG00000021223.14	ENSMUSG00000021223	Papln	DOWN	0.8330928330928331	0	23	0	5	0	10	0	6	-1.8799231790823026	-2.0050862072490947	-1.9559445771556414	-1.8846236841657766	-2.211050099451122	-1.46807435555667	-1.9831298620509648	-2.027042552447224	-2.4623381832150555	-1.4196326487577349	-1.9837772786216588	-1.7240178690288923	-1.946564018918669	-0.1889928311318607	-3.46448704697686	-2.6929942709672074	-1.1502508172881825	-3.072819863968381	-2.3289017904909555	-1.682987948131826	-2.657721382967713		-1.37908999795073	-2.7265909630976464	-1.220879300472122	-2.527805524774111	-1.982482445480271	-2.4610157772664407	-0.8078271130318282	-2.347689643303504	-2.8703664778300477	-0.6200137415407948	-2.794076102540712	-2.4302356763393163	-0.7653902139373376	-1.452941493950002	-1.5746394160396102	-1.6652024429055132	-0.3185467644120187	-2.109139749933703	-2.517737448286386	-1.9449453549607456	-2.752170344496293		-2.7224733069467084	-3.268843193270962	-1.9913699754751413	-1.1100329648431728	-2.9719807882344127	-0.2003181619336165	-3.1336473914319303	-1.9119111943021443	-2.819603729344608	-1.7290322049645983	-2.4623381832150555	-1.020073793227142	-1.0578358049544063	-1.6888412551234109	-2.1237961956592395	-1.7674750419837624		-1.1504240423920589
ENSMUSG00000068742.12	ENSMUSG00000068742	Cry2	UP	0.8326118326118327	24	1	6	1	8	0	6	0	0.979336837111526	0.8737292886821779	1.3219702985718242	1.5230895108317077	0.48263214974693014	0.5896553892956421	1.121799156017148	1.977487882838317	0.5696807826442273	0.6256594213472079	1.705358647383043	2.054076395226408	0.6681132767975875	0.9274568021862166	2.233072744869842	0.6376605221684631	1.9332149362193156	1.121799156017148	1.349294177489841	0.6286662209054772	0.8266492455790905	-0.2029894560841584	0.9146424189030689	2.6314944220009497	0.6509855469031834	0.9291207910434351	0.5421304555946647	2.109640812298648	0.9574454167242944	1.317594897603368	0.1957351686818839	0.3293955510223456	2.9660268764879785	1.7734293115947122	1.4165973720566605	2.091403337744256	2.9851830140215267	2.355425348417313	0.4506459898898465	2.234895775524835	-0.4297592443099847	1.977487882838317	2.2500545689399	1.8228762545217247	0.9734841496078576	-0.0420856786891948	0.6058164976696467	0.5565818309445346	0.9187088147453844	-0.0159246052448795	0.7116240845850377	0.5696807826442273	0.6866816478560254	0.3402496072269782	0.0041365158706148	1.0641175090529165	0.9662486365113048	0.5414560606982104	0.4090015236216762	0.657234133492209	0.6256594213472079	-0.1361295596540305
ENSMUSG00000006998.17	ENSMUSG00000006998	Psmd2	UP	0.8326118326118326	24	0	5	0	8	0	7	0	0.8574079733276847	0.6995435182033589	1.0375257737762251	0.9752446257120145	0.49063863703632826	0.9262228567861709	0.8457481261404496	0.6138405482811203	0.2723144251828211	0.7852464881255976	0.3888925360762905	2.130355484150194	0.7576137985982516	0.7674013970248529	2.3975217251191028	1.0481506749712517	1.885165899280856	0.8457481261404496	1.421203141904289	0.2261666353078203	0.6101725802260365	-0.0314121438181182	0.287600716539823	1.643070864808928	0.234369460318762	0.8135941128174444	0.5584815394852599	1.5708266572949583	0.8541227520167504	1.952389687112455	1.1455054492593535	0.2757072495991881	1.7656444807688252	1.4034007791138106	1.5657033663560294	0.7490576010422431	0.7467413204429714	1.860481601227992	-0.0318285173880697	0.508429746177745	0.1303784716863842	2.473728410226803	0.6138405482811203	1.2716821197721262	0.2723144251828211	0.9546400476269354	0.7889895186723024	0.2118308094927018	1.8367050334945247	-0.0053511643925153	0.9332336287554884	0.456671347956567	-0.1359067250828559	0.1362952516298269	-0.0523971659361845	0.7852464881255976	1.6700087035935989	0.6226063514089973	0.5301126115067171	1.653253321643022	0.8556022879675098	0.3667302332577542
ENSMUSG00000024042.8	ENSMUSG00000024042	Sik1	UP	0.832130832130832	25	0	6	0	6	1	7	0	1.88308386810695	2.304156921751062	2.1982049362029725	2.2201310562112604	0.5538030252458589	2.560196454767708	1.9580888875282985	2.7622984152087997	0.3335787718923698	2.650224955973826	2.511721496053768	3.7728606254078207	1.7713301137805466	1.7825788792166313	3.1953563812712518	2.37599259147686	4.130941792846519	1.9580888875282985	3.603670514398056	0.2840889048544988	0.7730920008936205	0.1272505881346621	1.855956509303451	4.620606496772993	1.797715063569551	-0.2354913763940757	0.7067855025371904	2.9861948649038976	1.9935197288795	2.2187271879003685	1.5226494317491583	0.8472450292951451	3.849137072232856	0.8731887283147142	1.559804252223166	4.033153307130816	4.435368703198988	4.08715141325764	0.1696561303698525	2.7622984152087997	0.5872210928272764	3.0968577804249597	2.9753524959102737	1.86238006548002	-0.5636308088451206	1.4288010189116191	-0.3752260981847508	1.2329063327334042	2.335993180696988	0.3335787718923698	0.8308803572856384	0.0660241702356882	0.1766141522404707	0.1038780040871427	0.522014196650998	1.6928577493101091	2.801300309122297	2.650224955973826	2.356098751875381	2.003248550829481	3.0363938559861228	3.3812510102767384
ENSMUSG00000033793.13	ENSMUSG00000033793	Atp6v1h	UP	0.832130832130832	25	0	6	0	6	2	7	0	1.0485973754635196	1.0199350934710125	1.308178482713104	1.751887233587863	0.30123515418035784	0.8330886313727534	1.1604675642673838	1.8126488456793293	0.3550883907684987	0.8794026226746412	1.718961973732891	2.0585250217349444	0.5378768849390964	0.6874049220650916	3.104200397485823	1.1604675642673838	1.6572710203780652	1.206768757793253	1.32635686404128	0.3284402109594422	0.6728240412977324	0.00010412922847505888	1.053802280583143	2.45629343687288	0.8126212923317727	0.680951384270446	0.7652457017535201	2.180013651450428	0.8918375166031685	2.38654718270574	0.9548241310735232	0.216984821875964	2.557933599938715	1.542913487540528	0.8046707673750113	1.6069021226163052	1.9500758683391808	2.731244296520309	0.1386319434550073	1.8126488456793293	0.7438291984796537	2.4919549676940043	2.9889624352765174	1.3559389480102189	-0.2934902699446629	0.6885810303966774	0.4500046670696036	0.5490564124867575	1.2647342022910095	0.0747192524723162	0.4293082811145814	0.3550883907684987	-0.2047487649466401	0.2645901902076835	-0.2642566959318888	0.8794026226746412	1.0236914351446949	0.4102991272573648	0.7340467242467059	1.0836286547528735	0.5471360392835433	1.1534158162494503
ENSMUSG00000021192.17	ENSMUSG00000021192	Golga5	UP	0.832130832130832	25	0	6	0	6	0	7	0	0.5587012600481762	0.4731773903588767	0.7329620338963247	0.7212256680131891	0.30677227067319945	0.4738450676099915	0.6568737536022672	0.899569813120583	0.1797492251254881	0.2894810271154862	0.7764739348481382	1.2775604863930845	0.3598440961422665	0.3888420510077843	1.7546593536154926	0.6568737536022672	1.351781140454121	0.4665915961335462	0.6811058539420566	0.1035238327173398	0.4253799124602579	-0.1136624773294629	0.4623601775509532	1.218076951552039	0.3178798906070025	0.580611857113453	0.2626186132212537	1.109166862058117	0.3356685321113584	1.2496352525719925	0.6803768719320348	0.2219634038501568	1.663752305843289	1.0717319422172509	0.971569193176546	0.5946921951803892	0.9208973322280408	0.9228454430675636	0.0998200475065187	0.4968816222159728	0.5395385297281552	0.899569813120583	0.971807391616167	1.118116828837363	0.1484539581884255	0.3753713828647162	0.7150578349300358	0.1769914978048258	1.0544197217714926	0.0768697170583241	0.2075668389428807	0.2740938457948497	0.1721031266941736	0.1797492251254881	-0.0061821717700179	0.6077515165917463	0.920940271448278	0.2894810271154862	0.2860481593357785	0.8278353180323401	0.1698043323495441	0.215054848396768
ENSMUSG00000041417.16	ENSMUSG00000041417	Pik3r1	UP	0.8288840788840789	25	0	4	0	9	0	7	0	0.9665939759421158	0.8149049705286082	1.525202411850501	1.0048511612990467	0.7000825390516827	0.6362397915672326	1.4110739835314012	0.8534704294005622	0.7763395116566542	0.5797018082738828	2.0170270579750955	2.063270260252318	1.7794929562453687	1.0160084133423366	3.065915775349929	1.187735811593719	0.937104853975478	1.1608372390276405	1.8649610056996768	1.17376935441521	1.730405335864821	-0.031995008409267	1.4110739835314012	2.405647008826488	1.3895118404835105	1.6757201802219497	1.8158438104184935	1.8826543776322016	0.9971143105549084	1.043088126084501	0.8630193802807996	-0.0936429101217424	3.164806888671744	2.380016897311172	1.6788484823887393	1.2882337751763886	1.3139959131706478	1.907016884491347	0.0303319675069287	0.8534704294005622	0.380618601790563	1.1658939387615397	1.890014921502014	0.8066113856403729	0.3856211063075451	0.6343095406822838	1.246658929150487	0.8598495088930682	1.0004921137144165	-0.2037591832890272	0.2817702158646374	0.4539608784861121	0.9695095524869276	0.7763395116566542	1.2961557556154055	0.7751822455380684	0.4279299265296857	0.2953471186334588	1.112648020727348	0.5640751307472129	0.5797018082738828	0.6987942905209715
ENSMUSG00000032536.13	ENSMUSG00000032536	Trak1	DOWN	0.8288840788840789	0	25	1	4	0	9	0	7	-0.7303620353707816	-0.8441061129606509	-0.8109566156753798	-0.6332819237570153	-0.5308721728044422	-0.946337429246289	-0.8931518039092232	-0.7950604220120785	-0.5416388672984446	-1.0110227813900905	-0.6746394171161396	-1.2847390722283527	-0.3195101804619308	-0.1607737950974299	-1.3416170458305836	-1.0422160694191949	-1.1096736128968383	-0.5911486902726991	-1.0396702680213827	-0.3620341098051916	-0.7232559201819855	-0.3740174926793274	-0.6496318815890606	-1.074608817077481	-0.1943314557015014	-0.7215027130311885	-0.971304258818068	-0.9463150308628896	-1.2609862684081972	-1.2744979672079788	-0.925185056441472	-0.4278872804364639	-1.3014987087959942	-0.8931518039092232	-0.9240338754351348	-0.6587456428657397	-0.6488521886438058	-0.8121350059346849	0.0655911517522747	-0.2943575891355996	-0.6223220098375648	-1.1476914842565866	-0.8269981068748677	-0.7950604220120785	-0.5416388672984446	-1.2125642525044542	-0.724700962030627	-0.0868301087247097	-0.8769415623288987	-0.030732743885729	-0.4936234001948842	-0.3231494470756443	-0.7341782970262577	-0.2399619916618421	-0.5752722681173715	-1.2418937952656808	-0.5673255849170992	-1.1123050270979653	-1.0110227813900905	-0.9881420345423728	-0.499545256621339	-1.2041275248894756
ENSMUSG00000001942.9	ENSMUSG00000001942	Siae	DOWN	0.8288840788840789	1	25	0	5	0	9	0	6	-0.7579797059824724	-0.7469414605933741	-0.9810150263229865	-0.8066470158954505	-0.36164106193302786	-0.8826157197784246	-0.8461462703710937	-0.661099983366358	-0.2935229595166449	-0.8327829378203901	-0.7663561054504853	-2.115162503270564	-0.4547145561429122	-0.4084647438263994	-2.191046135808543	-1.0575061808225954	-1.5654180225313374	-0.5443463178246937	-1.699252918899021	-0.1783682655329239	-0.5323680171622858	1.1507942474270447	-0.5539481249284824	-2.0404142592100976	-0.6574399619871786	-0.6296048831051526	-0.5294811783113527	-1.2090840310561723	-0.8461462703710937	-1.440961831368453	-1.196626030226497	-0.2353097988367556	-2.188031192961327	-1.7084000068261298	-0.7656351676452708	-1.087729235573633	-1.0363842184683238	-1.432685467141662	0.0710276954848006	-0.5149009982107544	-0.617210935103464	-1.7091614057359112	-0.661099983366358	-0.7824980171948042	-0.2935229595166449	-0.4171314638302432	-0.758358577709786	-0.4706691907939572	-0.7109606193563548	-0.2695807969549086	-0.2413859602399551	-0.3566155100970258	0.0693142593146939	-0.265358702830295	-0.2637821592488302	-0.7288041789936698	-0.929112837007529	-0.8327829378203901	-1.1839929960355124	-1.4244650127492435	-0.2629647933044052	-0.8161872825382217
ENSMUSG00000040990.18	ENSMUSG00000040990	Sh3kbp1	DOWN	0.8288840788840789	0	25	1	4	0	9	0	7	-1.238681082747846	-1.306138244270246	-1.616791213831461	-1.0192436663336535	-0.7436919123517091	-1.5749975384745611	-1.5809497666762111	-1.0888399465659309	-0.7221333003005427	-1.5234365419745612	-1.1973348629459295	-3.038597960484361	-1.2276196458950708	-0.912547365297818	-2.9472084244774246	-1.9833723280590687	-2.4943875214822278	-0.995403464359802	-1.891252938002844	-0.2136956862264458	-1.2431165434415976	0.0463389929548888	-1.4851205274801582	-2.3136802915380703	-1.0162457625958077	-1.6798039063963346	-0.9737493540136084	-1.5809497666762111	-1.5911501129559926	-2.885946327235873	-2.3737418737106752	-0.3814149174406466	-2.513207894008771	-2.0426073860225444	-1.418344206115874	-2.146819897780192	-1.1523828017609845	-1.2029573749285858	0.7243175438608691	-0.6985290786681841	-1.0888399465659309	-2.6429498749077003	-1.55121773152929	-0.6745292015967522	-0.2810769026604979	-1.4064153034265794	-1.3323496984838827	-0.594182425212335	-1.9394845896112516	0.1211299105186262	-0.7221333003005427	-0.8424575680798627	-0.067033121278399	-0.7451922713516532	-0.371415765982422	-1.3517115980484888	-1.3020073730618806	-1.3001810645954597	-1.665487822631088	-2.2552888908910824	-1.5234365419745612	-1.6268694781193669
ENSMUSG00000016534.16	ENSMUSG00000016534	Lamp2	UP	0.8284030784030784	26	0	6	1	7	1	6	0	0.5236783822940725	0.5411450144998828	0.7604341123978308	0.6259355019481092	0.31112565109610285	0.3972182637342469	0.7286202020341096	0.648363470440166	0.2800199981231226	0.4339265585595998	0.6017740696300877	1.2679698684564125	0.2772255340783673	0.3374196361683663	1.5312945180370816	1.0918884246656644	1.0308067619266872	0.4709982492809076	0.8938612952959478	0.3301982400987627	0.5062848319619295	0.2047580400612774	0.7288970787933565	1.0462532048862645	0.4315949423049086	0.4101143842789237	0.5880625658221035	0.9173647243056244	0.7286202020341096	1.2842586727167988	0.7068230456275365	0.1246904299626991	1.3126363380206647	1.0104200566044934	0.6090581586144687	1.0310589960085308	1.057388765099449	0.7654474970830794	-0.1419960707419042	0.7246374415199536	0.6392762635831585	1.1214240123836194	0.6243958993686923	0.648363470440166	-0.0779668372192102	0.4832038947980029	0.917697198415975	0.2800199981231226	0.6498517057864844	0.0556463693519132	0.3467121823152768	0.2002269424448091	0.2895162927535775	0.26171057594633	0.0157638393408495	0.4912131428748936	0.7214196470615499	0.4339265585595998	0.3806634689978082	0.5073137902897211	-0.1373064139758572	0.3832976523320129
ENSMUSG00000031154.16	ENSMUSG00000031154	Otud5	UP	0.8284030784030784	26	0	6	0	7	0	6	0	0.4893242485903952	0.43181307059192175	0.626655670659534	0.7153872095322534	0.1935818241421985	0.42167229002759493	0.5575534023486921	0.8050815025689021	0.1822529975438135	0.3060727388351514	0.5575534023486921	1.1877664521406133	0.3370856392890072	0.4698996860237359	1.0487744087277862	0.5174432647028333	0.9528845861333308	0.4519375175460914	0.8586601308015237	0.2399375058437438	0.2773345637137141	0.2295747422331505	0.5086576646043487	1.0682529102954053	0.2732819563036419	0.4608298797882384	0.2800015207817494	0.9560217393518944	0.7118872843736773	1.0053744780352705	0.4007010820956738	-0.3464939681058887	1.0108841195383471	0.7651206299845147	0.8257483583300272	0.7600239912787129	1.1105595616475823	0.858563690070948	-0.05244263985895	0.6589400498830243	0.6681120743631489	0.8050815025689021	0.8676081334365022	1.2018476562621978	0.1604401211792866	0.1822529975438135	0.2750923817463881	-0.0334025849756708	0.4487888301083378	0.1312152020374722	0.2829980010707907	0.3388337292790032	-0.0183097244054295	0.2649555109040492	0.0965356010761424	0.3060727388351514	0.8081503332256986	0.2712513834586726	0.763301088212413	0.3928907047653337	0.1744548130690079	0.2355849686268869
ENSMUSG00000033715.16	ENSMUSG00000033715	Akr1c14	DOWN	0.8284030784030784	0	26	0	5	0	7	0	7	-1.1194583698273661	-1.1331287776219745	-1.256221398415202	-1.212090071033882	-0.8389163000161585	-1.1706057098442222	-1.2018235696054123	-1.2405768545805556	-0.9138492975730508	-1.064433985638537	-1.6288906411077857	-1.5694893354393242	-0.9243485950647758	-0.6278996894061574	-2.1568574190726477	-1.2707243185330683	-1.819675227457999	-1.6962320198100191	-0.953589615422784	-0.4897223663689256	-0.7014300754971431		-0.9830566639222652	-1.2853481275142296	-1.5772124545220407	-1.1329228206777564	-0.4963340180541336	-0.994638256359753	-0.5846735617764193	-1.491525897860717	-1.0960446669232589	-0.9856015297108822	-1.6255770436949164	-2.311703074569789	-1.7040288556366952	-1.0412964557108444	-1.512933628680921	-1.4976800718166337	-0.5239458861512524	-0.9448577127132974	-1.22643383620002	-1.254719872961091	-1.8249030463609972		-1.207845696564417	0.3330989306851298		-0.6095891492379919	-1.9213053929205253	-0.1257981440918895	-0.9387513146745076	-0.888947280471594	-0.3215629099948341	-1.2487537017576384	-1.4597083411333165	-0.744436668760034	-0.8547890204631728	-1.064433985638537	-1.7020248173498638	-1.1819758718862	-0.721934955714399	-1.9246446490973477
ENSMUSG00000054452.11	ENSMUSG00000054452	Tle5	DOWN	0.8275613275613276	0	21	0	5	0	9	0	7	-0.6495488374419436	-0.4747729387688287	-0.47188911962559515	-0.5593581116866624	-0.42818721241561464	-1.138760906039902	-0.519569199396102	-0.4299766781415554	-0.3975065047141914	-1.2407698446737938	-0.4768020621983729	-1.0207610347745426	-0.2505210640926221	-0.509777947959005	-0.8348059410061687	-0.5685484149548465	-0.6018278607008671	-0.2293140283528848	-0.6086708374644139	-0.1969626356534453	-0.2293577150659045	-0.1077136728849235	-0.519569199396102	-0.6581035381817213	-0.1391608241371982	-0.1401723804365363	-0.1201447343361991	-0.526361138573733	-0.5610611066842381	-0.902665762991908	-0.5916804683413253	-0.129139502278839	-0.8537666498149328	-0.601960430258561	-0.6677382399229921	-0.345796744905551	-0.3486222945232352	-0.6679323228173408	-0.0833222115413505	-0.2371608254942983	-0.4299766781415554	-1.5103879394238242	-0.3259615367770179	-0.6607652676112492	-0.483536946508904	-0.5146088979300146	-0.3431467357689862	-0.2772611571635602	-1.157764298150232	-0.0463234241693661	-0.4778131562498297	-0.1257669859081401	-0.6025289128242215	-0.2838023171843151	-0.3975065047141914	-1.2407698446737938	-1.2839455850940302	-1.4060918556360855	-0.8020274216779264	-1.6290404715016091	-0.4319251230313841	-1.1775260406644852
ENSMUSG00000042834.16	ENSMUSG00000042834	Nrep	DOWN	0.8251563251563252	0	26	0	4	0	10	0	6	-2.4095604899216427	-2.2224308712447156	-3.6275721183255314	-1.8161252515085606	-1.4002845994293933	-2.7942599904230847	-3.2605329541837333	-1.416398759748803	-1.0926481462258244	-3.0284629827406278	-2.171449771721821	-6.929901425185284	-2.613768506341409	-1.3791903870002773	-6.761265968567064	-3.1743715955248115	-4.285734560110355	-1.3731673066744097	-4.511372650528417	-1.3410636256167725	-2.311132881305044		-1.8107254759024285	-6.074110338489709	-1.6365122378710009	-2.5405130913610474	-2.135442886745022	-3.2831024384625684	-4.855646663641217	-5.863068494458626	-4.046950539834992	-1.512896894332343	-5.944376288872604	-5.753771824292959	-4.47075224954858	-3.2379634699048983	-4.298623504170153	-2.131408432281618	-0.5220082147283389	-0.0985424967940878	-0.7928152445765747	-6.236341513663089	-1.5153620987674126	-1.416398759748803	-1.0776378264602242	-2.181683908632347	-1.4606236744643866	-0.967498919499819	-3.9847261932112255	-0.6115599329882297	-1.5332756697939065	-1.0879757558903815	-1.213956392029369	-1.0926481462258244	-0.1915441745276102	-2.4426225290460466	-3.594751778082	-2.4108728511776403	-3.0284629827406278	-3.952904062894436	-0.716418415191724	-3.413787313829115
ENSMUSG00000074794.11	ENSMUSG00000074794	Arrdc3	UP	0.8246753246753248	27	0	5	0	8	1	6	0	1.5596775989555391	1.5483125067765267	2.0772690848624453	1.8934516704879822	0.8889852999777103	1.3790043404940189	2.05692965202	1.7171815852102263	0.9005769049032617	1.3794434283428267	2.202397938063459	1.7554578963457712	1.7551162518116958	1.5563639607488278	3.9978983900675193	1.738954050259804	2.650443781955953	1.8988225635787528	2.1863786792737043	0.79738649444118	2.3655118351258824	0.4608868854617359	1.9486555106733232	3.644573353112049	0.239190605447417	2.516293312844014	1.9769146298822975	3.686939391961919	1.1201692285128602	2.2925391066062866	1.5247129254257843	0.5907415418642233	2.8719486268658256	2.8770941062835758	2.3838866634524902	2.9900579091996677	2.05692965202	2.554370971120355	-0.0451876971017854	2.735033485828021	1.7171815852102263	1.538590565720735	3.841161477039224	0.9130113055991004	0.9005769049032617	1.406612427239785	0.4209235827887786	1.4950373469025846	1.64711877324249	-0.2123744974311738	1.4516560495421318	1.1703031415662957	0.7441944312952002	0.0225354750026701	0.732254664702789	1.3794434283428267	2.309074288372033	1.166234858016508	0.0825323729063177	0.9084015141444894	2.4066839927155748	1.4006599289603814
ENSMUSG00000030255.14	ENSMUSG00000030255	Sspn	DOWN	0.8238335738335738	1	22	0	6	0	10	0	5	-0.5846198226661642	-0.6301564543792173	-0.716380343680639	-0.7178155467525256	-0.5719204510264075	-0.3323629492050845	-0.6768761103190651	-0.7214135164144542	-0.5834367984393696	-0.3927760763448746	-0.604103182088338	-1.6152802473528625	-0.6768761103190651	-0.2335145046039008	-1.5773588205070928	-0.3933580101853604	-0.907461034744957	-0.252117460007967	-1.049162491337408	-0.0320260677866754	-0.4761604761183334	0.4554675811434834	-0.3877596990912735	-1.4534974474226212	-0.4547863641493587	-0.6927055279671753	-0.4339161308810679	-0.8289768435732641	-0.6483517649647187	-1.1015430999444047	-0.6224154373978497	-0.1152035062936179	-1.3540263163106954	-1.1148185169667406	-0.6777499939719881	-0.8134378478230618	-1.2811299587109377	-0.9705018587732802	0.0527140384358162	-0.7214135164144542	-0.5941877715815801	-0.6129840533935542	-1.1075476352026326	-1.070788030337993	-0.7288143510367754	-0.8323141828234026	-0.2770120670636342	-0.5565919254726736	-0.8247579879649424	-0.0224508316259885	-0.5834367984393696	-0.4683858440421218	-0.7691786198261522	-0.24556850985185	-0.9826138431435724	-0.1098382580994912	-0.6195733667622936	-0.082102454455404	-0.5795907195728665	-0.1404262096994734	-0.4022335595011882	-0.3927760763448746
ENSMUSG00000056121.17	ENSMUSG00000056121	Fez2	DOWN	0.8238335738335738	0	22	0	4	0	10	0	7	-0.7187158350347966	-0.6678718111743556	-0.8197105986831537	-0.6233797825762496	-0.49779511498247564	-0.9339778438973075	-0.7762914579116362	-0.5594521644370748	-0.38568623910563	-1.0481885780727076	-0.6652928394238904	-1.8963866459359269	-0.0802301715248705	-0.501207683967086	-1.7561734884065394	-1.0730321366784723	-1.1881574728413244	-0.1969408068395647	-1.412670655843226	-0.1585797241065404	-0.1837723836128371	-0.3349341075489288	-0.7762914579116362	-1.6459512745274372	-0.3595702706591784	-0.3436975900095252	-0.053353862713253	-0.8071700483636572	-1.0428214713218265	-1.4556506887543197	-1.0409747736476966	-0.0919165432728578	-1.477531246136515	-1.294925383014912	-0.9725782488478768	-0.6211352959607782	-0.7012398925744703	-0.8447960865578401	-0.0484377438838814	-0.1548049000538262	-0.5594521644370748	-1.4868309265899136	-0.4939385478089101	-0.7753981087023003	-0.7732460598224896	-0.5506362646867673	-0.2734751305035765	-0.2859073994284522	-1.0651898736771896	-0.0597049729040218	-0.38568623910563	-0.2036306403384299	-0.948007082445182	-0.1382657717468613	-0.7919968301486318	-0.3545874648309101	-1.0481885780727076	-1.0775329242961322	-1.0444313575174382	-1.0882836150108337	-0.3927992696168849	-1.5320216979362464
ENSMUSG00000062960.11	ENSMUSG00000062960	Kdr	DOWN	0.8238335738335738	0	22	0	5	0	10	0	6	-0.8267464459429206	-0.8671350547716578	-0.9115057131692276	-0.6420630015931216	-0.7059880481055771	-1.047429020903756	-0.906652461765819	-0.6364403722462258	-0.8276176477774965	-1.225501467072184	-0.0059738312700603	-0.8688667108394169	-0.4488234744849947	-0.2599316446142537	-0.8174442658238903	-1.0252628632503713	-1.7633936029148636	-1.1458887430434892	-1.0647355495903223	-0.5834032609709985	-0.9774080630714432		-0.9444382126922212	-0.8414906172824898	-0.4411090331744034	-1.2100808976835618	-0.7603445319067056	-1.7151363512512778	0.0773470204140061	-1.7085231726456436	-0.2814625124004015	-0.2675205510850493	-0.4427345241838401	-1.702696176756891	-1.8704957227828856	-1.2759193688254302	-1.3534118802690196	-0.6364403722462258	-0.5907444961206869	-1.278000146603963	-0.6669655167579556	-0.0440683152550672	-0.8275351544162938	-0.4506870097516587	-1.067475135014852	-0.5161544517096321	-0.7189056593080214	-0.6861617029530632	-0.9398054684673062	0.1108244313898008	-0.8276176477774965	-0.947779338167112	-1.0012480169642684	-0.3223263529903761	-0.8492191871990226	-0.9549795398082734	-0.7532228546199905	-1.3083269007891931	-1.4381011624112232	-1.3782243905463345	-0.2736468310790941	-1.225501467072184
ENSMUSG00000019132.12	ENSMUSG00000019132	BC005537	UP	0.8233525733525734	23	1	6	0	8	0	6	0	0.6027567057612386	0.4635775354569762	0.7831242440866752	0.9531646578385322	0.31834830590723284	0.3563896152125143	0.5908190295124993	1.0671767550311864	0.3363360414014531	0.2514528791703612	0.7478202645240515	1.0457549636700711	0.1053121099555943	0.5908190295124993	2.312117957271993	0.5213812725101687	1.3961474021143787	0.6263407925699455	0.5719007375390879	0.2147925960181083	0.3246936297306285	-0.1663035120823811	0.365593029237319	1.4250493428281523	0.2027565421670721	0.4826264968437832	0.2477136215243611	1.4653092074083274	1.5223875820382349	1.5162720816780768	0.5879483849489527	-0.0304398754491691	1.5547747300581518	0.4662527780898592	0.9484702839194952	1.1074820844682505	0.9913810572452192	1.2818599144479004	0.0617732921080402	1.219594852944573	0.4458724859090761	1.0671767550311864	1.7902248630338098	0.8056504413951397	0.1672198598538776	0.4083710884448695	1.0856780444279828	0.3600425587217844	0.4385360532990785	-0.037832790043816	0.3363360414014531	0.441321877083323	0.2380517768337968	0.1301784829345477	-0.0660716279773364	0.486726121731334	0.6303482219581299	0.1903226751620427	0.5600434166789265	0.2514528791703612	0.1896135930255191	0.1862203987612868
ENSMUSG00000023055.11	ENSMUSG00000023055	Calcoco1	UP	0.8233525733525734	23	1	6	1	8	1	6	0	0.5094652342439886	0.48771731078568226	0.6337890810962262	0.7065855911347514	0.2256942759116953	0.47179198883328116	0.5609773649693373	0.6883301549322138	0.2718455976414008	0.4144572566020272	0.6624662189228142	1.0677777664054977	-0.1492831048134478	0.5526198973124098	1.241715628065707	0.380258718737313	0.9241523195519318	0.4721722155256513	0.5638458051728426	0.3542445735982585	0.3997213184284439	0.3780174015778849	0.322980373734324	1.3536728915456273	0.0704733086747297	0.4990811272632782	-0.0469760679789336	1.1315997208225974	0.923840867419798	0.7329070537666806	0.5018344890360756	0.488328991214311	1.6603667666053032	0.5640321355989931	0.5609773649693373	0.703049983443349	0.7984274249973291	0.7627256636063768	-0.1057823508250032	0.2830224954777958	1.741597556036851	0.5912337373464419	0.6883301549322138	0.9849718813685836	0.3805544681513556	-0.3817868820089738	0.455446986156646	0.1985057512375649	0.356784876416151	0.0365744207038936	0.4144903972820875	0.3691288343718429	0.1098518040419254	0.2718455976414008	0.2712407810347549	0.7372426466661048	0.806158887727498	0.5886974429867025	0.3282356252310838	0.4144572566020272	0.2001746579002001	0.2275774047193514
ENSMUSG00000021660.15	ENSMUSG00000021660	Btf3	UP	0.8233525733525734	23	2	6	0	8	0	6	0	0.43633659756203436	0.46342492662428847	0.5355705819863703	0.5441009845319777	0.22724618071134375	0.4384286430184456	0.5422444437634798	0.5872840620456187	0.1580579358828149	0.3846054094850971	0.2088867773076359	0.9810635575278128	0.476613325904704	-0.3773838880401867	1.114368748460493	0.8660653100403443	1.108852378571734	0.4505360826129962	0.9613552868009156	0.1488339107031838	0.3757137813157858	-0.4943285548612176	0.2711011275766147	1.0065893294819055	0.327041939427946	0.5422444437634798	0.5851773342766773	0.7099159351350829	0.4228578321251101	0.8585835546284347	0.633628067927953	-0.0108059582274422	0.874659811259255	0.8398008741173262	0.7683133385818935	0.3179133062288923	0.4928080609846704	1.164579183793836	-0.0532328987611328	0.1999146174911907	0.4311448349413995	0.8366814494508971	0.5872840620456187	0.6423356427620348	0.1580579358828149	0.5157170564673784	0.1677212853946578	0.0063286893841456	0.7517724720118676	-0.0174879028857121	0.3893684937765788	0.2214325046231108	0.1135007163568466	0.1213289142612482	0.0719678225518453	0.4772806652442812	0.8511245719397185	0.3846054094850971	0.2949384451813058	0.90148238931677	-0.1709740652172019	0.3305430851791488
ENSMUSG00000021091.9	ENSMUSG00000021091	Serpina3n	UP	0.8228715728715729	24	1	7	0	6	0	6	0	3.425084007603982	2.482832526445771	2.9968797505905984	7.097507088848859	1.4965260751514171	2.1094231158250527	2.7894767864601198	7.073969272384474	0.7097555287285217	2.1761882664314225	2.4959370878956237	6.061200738408512	0.3807944374918667	2.6044580062600464	3.5737159321664262	4.346238851193745	4.94138547032064	2.274563232975924	4.091263371465416	2.5595540901396814	0.94743870021861		5.572678116897689	4.353412103347205	2.8702753010294533	1.4184427143064422	2.3839073469428955	3.301653049487662	2.2784421670312645	6.5578794164592376	1.7551695777034635	1.055431822853795	2.7801782537686592	3.725046910640674	-1.128761972681259	3.919793469880317	2.7987753191515803	10.382670866104052	2.8151792382166803	7.073969272384474	7.698946442841728	8.338911110029859	6.660714857338307	6.712157835026911	-0.3778995528711627	5.622780888798492	0.0670275287425745	0.7324812626437568	3.876747937904581	-0.0105918808689135	4.1874297264169416	0.3238092557818958	0.117708026861591	0.7097555287285217	1.212538104527311	1.167138187592281	3.154852105081338	2.1761882664314225	2.1332542223171944	2.9420821045527776	-0.1290720385571001	3.321518963357456
ENSMUSG00000007029.17	ENSMUSG00000007029	Vars1	UP	0.8228715728715729	24	1	6	0	6	0	7	0	1.0062352244423272	0.8473099395591265	1.1368194743282507	1.0451931800282452	0.5457564138312923	1.2971718295815204	1.0052327889821313	0.6893870901361216	0.3970279920389949	1.2064765056409104	0.580184246743534	2.463565233192608	0.9064046539556908	0.844082427422413	2.2256068501486963	1.0970731803938618	2.1524452265676	0.963247847864739	1.764191114777965	0.1561797262929631	0.460206809594635	-0.1454732415759103	0.5953526176024346	2.01334853150839	0.3397706250498667	1.0531818190345603	0.4438757791557449	1.6646691419417852	0.9207308966428568	1.7269962789039084	1.3824035824205927	-0.0967464206190082	1.9817322248595517	1.746491752902367	1.6243445053824432	0.8250276077163486	1.0052327889821313	1.9409161466344105	-0.0377427869464791	0.6893870901361216	0.5616966703236076	2.4629601725518984	0.6852827820668269	1.0138521854313296	0.8455052076689522	0.7113282144201651	0.3168431856720211	0.2169694896785242	2.2615964058730835	0.0853093866772006	0.7938422947532917	0.3970279920389949	-0.0084001728367514	-0.1005573986978495	0.4838559468965819	0.8013562052855523	1.9964857534531315	1.2064765056409104	1.391010311918287	1.875629732808137	1.0770826135769458	0.7321616843876783
ENSMUSG00000020611.15	ENSMUSG00000020611	Gna13	UP	0.8228715728715729	24	0	6	1	6	1	7	0	0.7568200604091344	0.6702709527007357	0.7990166809892598	0.9756366143799848	0.3486763166999288	0.9039506295673643	0.6189359221047439	1.1143364537003024	0.1925886177458573	0.7216059832967274	0.8858938597936034	1.4767394861761087	0.3519536934119675	0.3709531616202253	1.7946809001205035	0.8030122659775373	1.4982410922402438	0.6189359221047439	1.3955201765325271	0.0319354880952584	0.2306658584762973	0.1794566993471884	0.4522701295048664	1.049777946237266	0.5229171764407946	0.3390186091285597	0.376790333260347	0.9200032436908606	0.5152713914755398	1.3170718332244988	0.4487414107287881	0.0572111898003774	1.4541479433722082	0.9654849561094146	0.5909259187908902	1.3048999082722268	1.6209297927771713	1.1143364537003024	-0.2817637959028805	1.4628107427673502	0.6242199378374875	1.7267301263389214	1.0243801880776526	1.1587426478410596	-0.1877663113812709	0.922965714517532	0.7944220745959114	0.2774346625699157	1.5342601916343053	-0.1060183126605115	0.4210553359141694	0.1058120459390925	-0.0242215995566838	0.1925886177458573	-0.0950929356191005	0.5400967200319486	1.7555047552991394	0.5855050520025316	0.7216059832967274	1.330408359098566	0.5572630740284719	0.8372704632141651
ENSMUSG00000028932.9	ENSMUSG00000028932	Psmc2	UP	0.8228715728715729	24	1	6	0	6	0	7	0	0.664120248381607	0.6967192977407093	0.8831669873248478	0.784795199320372	0.29852493980546685	0.6899938670757413	0.8422387755104787	0.8013875675075448	0.1480006278180345	0.5920510279738738	0.5145992063540376	1.9409175854135496	0.4921524965246029	0.5443965123558497	1.878127294219948	1.0162695283284937	1.5291488392459724	0.8422387755104787	1.1489180625982316	0.1411826917199748	0.5075947097816242	-0.6735159029702954	0.267392886884523	1.4489302378393898	0.2086820754644361	0.7778238051812651	0.4113939406893098	1.421200514600489	1.048425450424061	1.6723221752906696	1.0614802424215986	0.2579999177104378	1.5101548415433887	1.2363129087817122	1.0338163798919442	0.7891415496322342	0.8184019323329607	1.5048239754326191	0.0724931460350289	0.4099020177367157	0.2998110670587582	1.5045686889605367	0.8013875675075448	0.900579932511401	0.0465415062401402	0.67226917602362	0.5314487412178748	-0.0195656866325514	1.1984466100927933	0.004507293325716	0.5117937419261912	0.2677857464488754	-0.0292038856286406	-0.0482495329719178	0.1480006278180345	0.7858272910401253	1.1787668000669698	0.5920510279738738	0.210608972636975	1.2334473102882129	0.3776357914693976	0.451619876054635
ENSMUSG00000028937.15	ENSMUSG00000028937	Acot7	DOWN	0.8196248196248197	0	24	0	5	0	9	0	6	-0.5730981139157095	-0.4794767279186091	-0.5968854737191016	-0.48335904588141604	-0.4806894276571248	-0.7314585084051958	-0.5438444458617125	-0.4151090099755057	-0.3818325090704439	-0.7789726905063976	-0.238917858218982	-1.2409088823649566	-0.8445880749293382	-0.4792066221451839	-0.7062810723782073	-0.693567305036471	-0.9659962312119348	-0.2657329773138324	-0.3326271171460278	-0.2182131804637245	-0.5438444458617125	0.0680756644812919	-0.9362977984137428	-0.5795900617576627	-0.2255444178553786	-0.5915084972019179	-0.4400896414574078	-0.4747875443387687	-0.7639655987626206	-1.5068327553195875	-0.3059231437557718	-0.5300042017523047	-0.5975574983375364	-1.184780924625697	-0.6701049652758037	-0.3785284435860228	-0.4685841953864446	-0.4151090099755057	0.0154232805981903	-0.1705946964398163	-0.6198041434598343	-1.153343165988346	-0.3314693678279596	-0.7086162180766408	-0.3742616207418848	-0.9230061128189712	-0.7422473903997734	-0.1245809897346132	-0.9541091096975872	0.0738955552346453	-0.707729634169538	-0.2761126014053985	-0.5818040186239019	-0.2957952728009076	-0.3818325090704439	-0.7789726905063976	-0.4711238776064912	-0.8427967008470441	-1.151842170211722	-0.765196309811995	-0.3210575306672896	-0.7892202791854301
ENSMUSG00000024440.14	ENSMUSG00000024440	Pcdh12	DOWN	0.8196248196248197	0	24	0	5	0	9	0	6	-1.293144889185278	-1.367979356861603	-1.757820238069872	-1.6232485031148487	-0.9419774448890137	-0.8495333706673776	-1.8198478330486623	-1.6668711642824299	-0.9899025326147206	-1.0690875494407763	-2.5360986216253374	-1.9148120609670356	-1.1203850006416385	-0.803724023307451	-2.7665386966371632	-1.8386459983348684	-2.1002808774333674	-1.357601398402495	-1.4253197050877673	-0.6954880603944514	-1.9399026784922409		-1.6804431372818964	-3.3345648463248687	-0.9113356709418318	-1.541000209869773	-1.231535451069827	-2.917508198969028	0.1380343246200792	-2.0816092937131443	-1.801049667762456	-0.3443340650657192	-2.7545793826042444	-2.828975632805232	-2.5583916849547514	-0.903748818649502	-2.453487333100661	-1.617818857786338	-0.7366171158601513	-2.097201693761928	-1.1611722030109384	-2.4107576774912154	-1.7159234707785216		-1.0307278777821018	-0.5284260091733622	-0.9899025326147206	-0.9779555897615004	-1.1512326693642587	-0.2620819994339453	-1.0163737502638035	-0.8838548567337983	-1.61779320568226	-0.8717242306112035	-1.0316791723581966	-1.161048766897785	-0.6207326082434081	-1.4114130344172866	-1.0690875494407763	-1.0694635116488906	0.2430415654295062	-0.8580296894530033
ENSMUSG00000034457.11	ENSMUSG00000034457	Eda2r	UP	0.8196248196248196	24	1	4	1	9	1	7	0	1.866653907533747	1.5029000320153743	1.624808128987985	0.7182381671325483	1.4101239627872906	3.713445371227164	1.8207222208311329	0.927030536523254	1.1850778431996156	3.502934772013868	2.32049076346147	0.4638803443819748	1.1059978925676095	1.7443464329612757	3.901705951328655	1.9421104431341487	1.5705951306913444	1.8671221005014185	2.11141814888207	0.2659581169370516	1.8207222208311329	0.339913044500143	1.0388248510963043	2.1815812505875063	-0.4730453482532985	2.302472907224079	1.8874672679106623	1.9091400067740356	0.8872690455289276	1.637206965321336	2.599926533695517	1.368132708654647	2.3569795733236427	1.9207133699681975	2.037919240568469	1.3286577738582075	1.4323127462390657	1.1581007082825825	-0.1007486342119491	-0.9344641298369248	0.927030536523254	2.7701924594248224	-0.4109541455235263	1.6185103752695795	0.8702414849727278	2.880403971005198	2.739275426290764	-0.3894340552992044	3.710131308869853	-0.3440553009640348	1.350239591207544	1.1850778431996156	0.9571365550410604	0.5834975463490303	1.968849219987645	4.834683138185087	3.502934772013868	2.735268335055274	4.989298898901546	3.661252677435468	2.955567806304402	3.315111970694502
ENSMUSG00000029287.15	ENSMUSG00000029287	Tgfbr3	UP	0.8196248196248196	24	0	4	0	9	1	7	0	0.7057716762966324	0.7356804632866021	0.7977262039913905	0.612059067613701	0.5731532319848647	0.8401482015965731	0.7299384409060033	0.7414224856672008	0.7008565893932163	0.7659904580673624	0.9781862850456404	1.410251915057428	0.3784233117659424	0.7299384409060033	1.020544096964652	0.7627669516957056	1.1206044233068253	0.4987240816909988	0.3202796249446622	0.4024600736360543	0.4313216979412865	0.330164858696559	1.104759189957032	1.5727624049050288	0.2407172793589988	0.4940990926704531	0.3297718176558734	1.2380365701895566	0.676435672609545	1.4055328558794968	0.0028340755711753	0.3944357765858741	1.3096967347566555	0.5382386702334361	1.102531455921725	1.4684702203893405	1.276619929431595	0.5678525271096703	-0.1407565023074352	0.9470596715880468	0.7414224856672008	0.9338426358205896	0.7767828558483034	0.4582097995695313	0.7008565893932163	0.9308906100131692	0.6592159332609271	0.270224173101247	0.7419968893982493	-0.1669892800231101	0.8716640386617224	0.4007515355199	1.0855971153822548	0.0987968912198186	0.7116810559061169	0.7659904580673624	0.9631753534026158	0.4553000787838836	0.9899535705851438	0.7095869877649237	0.696675774591209	1.3003551879808728
ENSMUSG00000014633.16	ENSMUSG00000014633	Cmc2	DOWN	0.8196248196248196	0	24	0	4	0	9	0	7	-0.7534553698694522	-0.7068284157691533	-0.8201413396874707	-0.7046393125618463	-0.5731137820419272	-0.9159270451865645	-0.7419790258350907	-0.6716778057032161	-0.5636393847113949	-0.8028723389677292	-0.952460861705088	-1.5904399155960234	-0.4971007446168102	-0.98359844534244	-1.3573457490020844	-0.590938632696759	-1.3840396804617994	-0.3783162087982045	-1.0413904050838023	-0.1927592762479377	-0.6638751595512338	-0.038760877873102	-0.8952809161467166	-1.2319032153103433	-0.3897121016544879	-0.3409413094215631	-0.2251821868140434	-0.8644080333703614	-0.9637115311651384	-1.6916977641377222	-0.7419790258350907	-0.4499820553249529	-1.728964620207049	-0.8717745807310678	-0.7275076824200519	-0.7180607144122666	-0.6316844776355702	-0.7727520856351189	0.1302744223256542	-0.5233619585630864	-0.6716778057032161	-1.875001350866023	-0.4878157033038868	-0.7321407061872472	-0.9773790301449812	-0.5636393847113949	-0.555823212215411	-0.3691659458822677	-0.848323066573929	0.0456068376879265	-0.8513626806399769	-0.3491217864371136	-0.8361979676784183	-0.1760072630120435	-0.8228381028535885	-1.374783751910685	-0.6272658909715205	-0.8028723389677292	-1.6174834576122732	-0.5291351959544102	-0.6420201603859464	-0.8179285205033859
ENSMUSG00000005674.10	ENSMUSG00000005674	Tomm40l	DOWN	0.8196248196248196	1	24	0	4	0	9	0	7	-0.8534759865145678	-0.8988769065921853	-0.940996376437242	-0.8682091497593957	-0.7334808981954214	-0.8712175216662121	-0.8736134951997134	-0.9025007659151456	-0.8952530472692249	-0.9854582996091804	-1.0215111661994711	-2.2675733301731587	-0.7452573170731022	-0.415210828747753	-1.8096276504336983	-0.8036506586332238	-1.321212951806927	-0.6187525175861676	-1.2154284546629608	-0.1676430338039055	-0.6780373247146728	0.1191215334952412	-0.5914939715879696	-1.5425267887529508	-0.2740882809577422	-0.8736134951997134	-0.2921159671884043	-1.1300020735470115	-1.339849531689723	-1.3603088219025803	-1.0945494024889182	-0.2076034351290293	-1.93787989569396	-0.8181558182447313	-1.324285005425358	-0.7561910388658586	-0.9194549367917808	-0.9025007659151456	-0.0202961700231488	-0.4779872615990225	-1.019248008760234	-1.870126970675863	-0.9287820354691944	-0.8585228358731612	-1.1276394329651416	-0.8179843924508307	-0.8952530472692249	-0.0775440874155139	-1.2628506009275706	-0.0317289091377161	-0.937669780709506	-0.6022275732958989	-1.0424675746752745	-0.3611227436910387	-0.9118017376119188	-0.9854582996091804	-0.7873018869887082	-1.0212606550388308	-1.072745048403324	-1.1333568481439802	-0.8325300546443077	-0.2658698588351533
ENSMUSG00000052276.9	ENSMUSG00000052276	Ostn	DOWN	0.8196248196248196	0	24	1	4	0	9	0	7	-2.206901424683528	-2.002041989995666	-2.642290653420722	-1.3168353470579472	-1.3076419498071754	-3.5608377484482685	-2.4508259574632625	-1.5532580225280692	-1.0713172882186792	-4.054355690015425	-2.1728364914767413	-4.737079014129567	-1.3318854484773222	-1.730691567477091	-5.224475132670899	-2.231571276590684	-3.8190485812214514	-1.325375180372049	-4.491301335045224	-0.8558357946005262	-1.2328891666524238		-3.0640007659728457	-3.053275098966478	-1.6822948157513844	-1.8702447771473336	-1.2891546290158298	-1.3047117833842432	-4.288565909772156	-5.174305519618746	-3.232892074698525	0.0401058840185685	-2.1270836168238936	-4.193970649426446	-2.819798032706366	-2.6700806383358406	-2.816295572623271	-1.6770634762847751	0.8639513448131773	-1.0270536493044926	-0.3859283573603129	-3.706326877068183	-1.5532580225280692	-1.7321683916729746	-0.3794615489381132	-3.348150393833965	-1.1676111204999473	-0.8352183488693686	-2.979790602673442	0.3666616370340726	-1.8502316404674704	-0.1843504276239451	-0.6238173032546249	-1.0713172882186792	-2.310774410533446	-1.071236595828065	-4.692593890209843	-4.390542382542484	-2.316853109976706	-5.367765920208652	-3.032516650356707	-4.054355690015425
ENSMUSG00000022358.8	ENSMUSG00000022358	Fbxo32	UP	0.8191438191438192	25	0	6	1	7	2	6	0	1.8770996837251286	1.998638681371728	2.5500328301290347	2.881337395789553	0.7673901811965774	1.3096383277853487	2.63529646444004	2.880121281786832	0.4497508641342681	1.361980898303416	2.9143288955002067	4.119826156896939	0.3081852012262417	2.014551704302583	4.976860103907703	2.7107751675138525	3.82141047055972	2.0464344004320822	2.798307324581202	0.6756333673496998	1.670343137413563	0.7089169588164218	1.75864600079042	4.000643574550935	-0.153522217689687	2.394745109356735	1.9112695226808585	3.220569561173221	4.836264247835651	4.154516909945285	2.658359127585793	1.585107278873979	3.1300758907367108	3.5427321725849006	1.7777712883499834	2.63529646444004	2.6328385937688794	3.0468983202924336	-0.5896647188734198	1.676247822333648	6.998958280307873	3.8195523910511473	2.880121281786832	2.3372483936283563	0.4497508641342681	0.877114715633435	2.060500876714133	0.0521810400137447	2.023799295389911	-0.4358149782106206	1.5901037408739391	1.8027971833323992	0.1816992622727866	-0.6058718730060874	0.4450318660144418	2.080437640807192	2.47208194612856	0.541643718192741	1.361980898303416	1.107880270851181	1.8202006234694037	-0.216756803255054
ENSMUSG00000040356.17	ENSMUSG00000040356	Skic2	UP	0.8191438191438192	25	0	5	0	7	0	7	0	0.5343065301080187	0.446838526655139	0.6682901882992017	0.5067301113541903	0.31679824604498513	0.6454075747336973	0.5409647328358599	0.3527123204744182	0.2582953023754321	0.6216928648686267	0.3964289414759603	1.4373487979515642	0.4952502359226508	0.5544562212240182	1.60175629436137	0.573833421339329	1.2472137189184682	0.4094017033791018	0.8827615384352525	0.1464479734870647	0.2159387162290563	0.2713632290538275	0.2143688880221623	1.3362202511656704	0.1984754354020954	0.5226745751686558	0.3100110240976504	0.992840016911555	0.5910003785825666	1.0268232769009524	0.5409647328358599	0.0140019805287056	1.5070675103707782	0.7672225663655389	0.9166002487461884	0.3891582782656486	0.4842051289367527	1.0340612942416592	-0.0917148709372088	0.3405034803710051	0.120880044243148	1.1003983154808368	0.3527123204744182	0.6902701956054742	0.3865792551267804	0.2110663041944814	0.4001945031586849	0.1129409116046177	1.07980448143347	-0.0478013679804342	0.5336311200129629	0.3972661084603903	-0.0261742973255042	0.1789783854339558	0.2582953023754321	0.6829539832288468	1.013551996285491	0.5079795919957885	0.5679936026805608	0.6216928648686267	0.4606497976018837	0.6630311864746823
ENSMUSG00000002625.11	ENSMUSG00000002625	Akap8l	UP	0.8191438191438192	25	0	6	1	7	0	6	0	0.47811122966065694	0.5131103354741777	0.6842507437716511	0.573436408375157	0.22294852229152481	0.4318092442042949	0.5548507756638437	0.6181943456566596	0.290511585660263	0.4713698952845119	0.5202586494612572	1.4074415820538368	0.0733038538170399	0.5548507756638437	1.3438469807668514	0.4267483382947847	0.8295913908875407	0.6872688887116566	0.5048279839104615	0.2188793541117576	0.4617954216365863	0.3669007902278877	0.3091802423310518	1.0270920442136005	0.2120579675327583	0.7265439766308274	0.2134548988337509	1.1331060129917407	1.4224914379372202	0.9481440067773382	0.7218548603796314	0.3437663827424033	1.6729092778459522	0.7777034881767216	0.7221104222820451	0.3916661931524491	0.456974860463583	0.7755669959827457	-0.2009528405176092	0.4468702348075278	0.6211475201358445	0.4658846548639768	1.287343947696954	0.6181943456566596	0.4757180001096097	-0.1854783503479345	0.0591873643314939	-0.0151718865462583	0.2799899280486761	0.0603252435509752	0.290511585660263	0.2982297426938889	0.347248847159089	0.305974021074489	0.5358992494724809	0.4928267565419067	0.7333369277625401	0.4024746353841795	0.5960707983560457	0.4713698952845119	0.1041735858550769	0.2224121102458036
ENSMUSG00000042155.4	ENSMUSG00000042155	Klhl23	DOWN	0.8186628186628186	1	26	0	6	2	5	0	7	-0.9709585717551988	-1.0998089293348627	-1.5228993330907485	-1.0503813239108506	-0.21350693554549255	-1.0970466944737036	-1.4406314796251942	-1.0274467627146346	-0.1897039155846513	-1.1721710959550906	-1.0405703896990963	-3.305346256756724	-1.2494311525128865	-0.5998142559062489	-2.5631402465775075	-1.9029097286427985	-2.341970788749793	-0.8865375915274543	-2.175188848063048	-0.3844100830778299	-0.8899556442960964	0.6601670824975665	-1.1629119953002411	-2.3303198507661604	-0.927229238285497	-1.4406314796251942	-0.9128891487006938	-1.9970698538602731	-1.657563222221779	-2.2781434256970194	-1.833163671958074	-0.700866395485207	-2.2919172915162047	-2.3376033863799144	-1.9796436544280636	-1.2422229371231797	-1.346998538790782	-1.417945115658916	0.0125269219226129	-0.4548702995528018	-1.2502966593315092	-2.394288275934067	-0.8203490761066372	-1.0274467627146346	0.9318257306973844	-0.7246172034108536	0.0483348240120805	-0.1897039155846513	-1.636205944362299	-0.1084485744961617	-0.6337088702502751	-0.2264524892840953	0.5040776808039672	-0.3704646513305107	0.0567871222049962	-0.8178470381408611	-1.335896168052763	-1.5381938582208197	-0.8688937638390775	-1.1721710959550906	-0.4803384264456941	-1.46598651066162
ENSMUSG00000038121.7	ENSMUSG00000038121	Fam210a	DOWN	0.8183020683020683	0	20	1	6	2	9	0	6	-0.4921927758432406	-0.49762998682268467	-0.39576672894133863	-0.5236310737193767	-0.40617489700814674	-0.6431984037041004	-0.3880882925873306	-0.5151966313263762	-0.481348464675126	-0.5139115089702433	-0.345560153020218	-0.8339532850231335	-0.7169384261617878	-0.0653316396149586	-0.5366429170749837	-0.383072003026277	-0.2527427458442259	-0.2938574152692344	-0.7205290179974815	0.1883284792065896	-0.5547764989800288	-0.1888765336246983	-0.6318221019114253	-0.7249207951159011	-0.2361014344564058	-0.3944765891143347	-0.2782602352062969	-0.3880882925873306	0.0312109207894044	-0.8272662460343143	-0.5819256414750578	0.0806543692091955	-0.561977130529948	-0.6854548439809354	-0.5450160429248806	-0.0278190752214324	-0.2104863864260425	-0.6371660376209203	0.1277032185300427	-0.6164941853387933	-0.5151966313263762	-0.4243458312255869	-1.14624568770227	-0.4536723613517333	-0.7600941058798437	-0.9653794257668088	0.3902604528831654	-0.1710312282164592	-0.5162567328169632	0.1548511285550909	-0.6499422877943786	-0.4743150893080122	-0.481348464675126	-0.2275354122060883	-0.7671327018641908	-0.328332247436527	-0.5139115089702433	-0.9912490782018826	-1.017886719585399	-0.4997646725584436	-0.3337831306185762	-0.817461468557631
ENSMUSG00000040111.18	ENSMUSG00000040111	Gramd1b	UP	0.8178210678210678	21	0	6	0	7	1	7	0	1.2570567375458288	1.2099533140044358	1.0332867860638737	1.344287092181205	0.4422857189798821	2.2083673529583554	1.0287411227610084	1.3911655052478633	0.3570829042808666	2.194883372165452	1.6889477379089255	1.6363610446583368	0.4064578025449555	0.6349674909562968	2.1528953327881544	1.0287411227610084	1.3608698153907886	0.3700408552532622	1.8862371310033603	0.6370619149055545	0.5347123117797703	0.0823340621623454	0.7810749930521078	1.6207421756219376	1.896331562560885	0.3399737151502399	0.2812237546912203	1.6741548352949311	0.5216185300399747	1.0069685875465595	0.983545824103139	0.0672498422115448	1.5933777733777477	1.192897661754087	1.1168794717606925	1.1490296618948952	1.2540482125518653	2.8547837011556703	0.0780059686453068	1.3911655052478633	0.7397590172339519	1.542692162020923	1.4462030180471044	1.3574002729176158	0.1563448082591274	0.3570829042808666	-0.1896683073121359	0.8701472632018481	1.547419969034174	0.327768386238998	0.6732076852925521	-0.3036505697075942	0.8053787697057954	-0.0238125344765763	0.6449245342616491	1.502739711968499	2.682729627830973	2.3812741472866588	2.194883372165452	1.8130871577793468	1.5582811458884516	3.325576307789107
ENSMUSG00000026172.13	ENSMUSG00000026172	Bcs1l	DOWN	0.8158970658970659	1	25	0	5	0	10	0	5	-0.6332210806359725	-0.7268800347490133	-0.7520570590639183	-0.6663926979276739	-0.7367069903759891	-0.3777275751763089	-0.7146906745832725	-0.7390693949147541	-0.907972309849822	-0.3610707605218481	-0.9769027724923468	-1.1450733444821342	-0.6343573824697604	-0.4351891953025485	-1.828989635264392	-0.6327655127091562	-0.4818547195673516	-0.4424533528572097	-1.0086135894603891	-0.370133441341189	-0.8952555771245717	0.1767486306028857	-0.7146906745832725	-1.3481485433719538	-0.4646340501406211	-0.5758974779419089	-0.3697377633781806	-0.8479392417420261	-0.928334570161617	-0.8043862468447158	-0.7306898129811964	-0.2228022195941625	-1.8721686662541983	-0.6513199719508402	-0.9028429057367204	-0.3485877328981914	-0.8485208246780271	-0.7992235964402635	-0.1376246797492614	-0.4337873772086292	-0.6093786628976375	-1.1819532823973704	-0.7390693949147541	-0.7637118918858011	-1.0114120489785208	-1.039251448420612	-1.1197546962474634	-0.4205223356630169	-0.6784125099349203	0.0503214145614384	-0.910367778903863	-0.5006306574653845	-1.0051016213116035	-0.5606729019221117	-0.907972309849822	-0.7372466055133835	-0.2066142901615769	-0.4130115676836534	-0.6847335815569395	-0.18830168536104	-0.3610707605218481	-0.0531145354357211
ENSMUSG00000019864.15	ENSMUSG00000019864	Rtn4ip1	DOWN	0.8158970658970659	0	25	0	4	0	10	0	6	-0.8095635560535822	-0.9457556128624209	-1.0055611088582204	-0.8942963683755126	-0.8535244251760715	-0.4848723218045247	-0.9917308003977532	-0.8997804253270886	-1.0511052845600353	-0.4459348921436954	-1.3342598157769476	-1.45858256056431	-0.9412475431128308	-0.3716552814376684	-2.0118848917526466	-0.7727803156053499	-1.3139214035415456	-0.5317799985613798	-1.1119617508756814	-0.1186337120893134	-0.8934231932869172	-0.1577322401080767	-0.8712065902780115	-1.8578517772965213	-0.3480366515287484	-1.041654592975705	-0.6339374690175347	-1.196851098673772	-1.0976620260677643	-1.417805992523887	-1.0673317664329742	-0.0153619086868227	-2.2391779984881395	-0.9917308003977532	-1.444404895040236	-0.9242840876391004	-0.9849895774123102	-0.706338129376243	0.0627223929634829	-0.8997804253270886	-1.3175571767559309	-1.0927683235019012	-1.5642195003473114	-0.7421334162835959	-1.2132879109397632	-1.244775911612461	-1.0525566830501367	-0.4236409436048698	-1.1867857419269114	0.1326957223934184	-1.1141089162679148	-0.7421680588152534	-1.0511052845600353	-0.5293371742779811	-0.963697774274878	-0.3669349041639343	-0.3351024815367572	-0.7073923181357641	-0.8773204956095488	-0.5796346075296969	-0.4459348921436954	-0.0817865535122767
ENSMUSG00000020483.15	ENSMUSG00000020483	Dynll2	DOWN	0.8154160654160655	0	26	0	5	0	8	0	6	-0.7404329942963731	-0.7115125348460729	-1.1396167369487766	-0.993567096501487	-0.3949207267362429	-0.43362741699898566	-1.093551096052484	-0.9006360309064411	-0.2461284408760888	-0.5223890387857046	-1.3814492734180486	-2.14065912021224	-0.2833957175928468	-0.8956866377893267	-1.711102094350874	-1.020065666682741	-1.5533516945240935	-0.3147815924082865	-1.4370956860434232	-0.220725638853804	-0.7638707268310274	-0.2850219323308244	-0.9896721048416832	-1.9359076712321983	-0.5151211047529289	-0.6890989151801861	-0.4741493127253242	-1.4169207428104742	-1.6560668567134198	-2.027775428932415	-1.093551096052484	-0.4919903622390004	-1.814776221477824	-1.8876305017103887	-0.6376101717322668	-1.3333946147397	-1.7987810114391405	-0.9006360309064411	-0.1172623990346356	-0.4872374298882338	-1.557511307677448	-1.945532299111283	-1.078850582691426	-0.867939626200941	-0.556559456616624	-0.7042925587887211	-0.2095786118098372	-0.196120517061774	-0.764922451588927	-0.0127815547871102	-0.1956050430708572	-0.1624816730354615	-0.7129436045095916	-0.2461284408760888	-0.5827140819536797	-0.5223890387857046	0.1346577866244896	-0.6299112391191612	-0.6586911951162683	-0.4822816138741115	-0.1488134051778003	-0.7279632135443433
ENSMUSG00000057388.10	ENSMUSG00000057388	Mrpl18	DOWN	0.8145743145743146	1	21	0	5	0	10	0	6	-0.6384684904136859	-0.6084276365789537	-0.5687199976864475	-0.6719788048205572	-0.5655480242153059	-0.7476271349324329	-0.5428236263877573	-0.5969802319168905	-0.6198750412410169	-0.7324666421631414	-0.6846534589921701	-1.3566905995902918	-0.4267721883947001	-0.627772090204349	-1.1883704227324552	-0.3068640862168789	-0.8535095464257394	-0.3435376041749508	-0.571888338187129	-0.0650256773326485	-0.4605654556960901	0.1286661723005031	-0.520210811008358	-0.9798684922821091	0.0214718994581631	-0.2840902429271513	-0.140375605194147	-0.7500875639916411	-0.6804967428758699	-1.180173011029805	-0.5630612907620327	-0.0778367836551753	-1.2513165934640744	-0.3649676554570745	-0.7641699283315977	-0.520450193978554	-0.5428236263877573	-0.5969802319168905	-0.1665017358307434	-0.3926763051897785	-0.9106733618529488	-1.399444155572724	-0.4466705664601498	-0.7909052769206656	-1.0431394504918576	-0.6198750412410169	-0.4251829007947907	-0.2087654162003203	-0.8131168082280166	-0.0180305659696129	-0.6989470894910212	-0.2219708634526483	-1.1961214995736384	-0.1940307826990271	-0.7818478482264155	-0.4026575410371212	-0.7595893310444006	-0.9957275971288724	-1.141353450800737	-0.7324666421631414	-0.5899043746486418	-0.6116910077041157
ENSMUSG00000021868.8	ENSMUSG00000021868	Ppif	DOWN	0.8145743145743146	0	21	1	4	0	10	0	7	-0.7171719079951007	-0.7236662625979532	-0.6737821286103212	-0.604589993931219	-0.7068057380547109	-0.883509771384152	-0.6410501149611512	-0.6525511396282659	-0.7947813855676404	-0.8883598030654523	-0.6966477029242725	-0.2068240936969641	-1.245104625589886	-0.6117674467163791	-0.4656217522173813	-0.6410501149611512	-1.1760044251610289	-0.819991172635213	-0.9228920667382604	-0.2358998528360215	-0.8867990803501938	-0.5519260527922096	-0.9469233602835349	-0.6579944740477354	-0.4123980794803479	-0.7391963993663347	-0.4957616493689656	-0.4972874338690067	-0.5935917307745705	-1.1295933846624335	-0.9095703154096546	-0.2376228634366959	-0.990488771799132	-0.6082066396808196	-1.0913824903194325	-0.5142659409304838	0.0926944475694377	-0.5935536020565585	0.2802086690941123	-0.6525511396282659	-0.7452667122450302	-0.948194778893584	-1.0505754731474897	-0.522196920641718	-1.0338478472417478	-1.1412416437162838	-0.9681308340340592	-0.4416943051101911	-0.7155663805773034	0.1003142642069761	-0.7947813855676404	-0.3932158251138226	-0.9981147406872876	-0.4482405394170918	-0.9403438813433692	-1.1616169859976146	-0.5878032960766026	-1.2367177596086416	-1.1632416426403314	-0.8883598030654523	-0.6368176302540177	-0.5100112820464042
ENSMUSG00000078486.4	ENSMUSG00000078486	Perm1	DOWN	0.8145743145743146	0	21	1	4	1	10	0	7	-1.8115327903531573	-1.5187875804720585	-1.1243190497105555	-1.6086201591690235	-1.0891354424171438	-3.4240565101159057	-1.084030280794389	-1.6478129124013925	-1.3897622485427246	-3.353381471465972	-0.9326249030280188	-1.548354459462335	-0.9583184744025268	-0.503150562203622	-2.13297215995024	-1.044418414847543	-2.095671789919342	-1.1567733079910254	-1.4903166314580836	-0.3965504468328999	-0.93158860943494	-0.3040789005636843	-1.084030280794389	-1.5686927447949903	-0.2424584181655553	-1.2462564450269575	-0.6611815836777217	-1.7677518558049916	-1.3865578138386734	-2.21298976325836	-1.5585175370609263	-0.2907253848540154	-1.6984442799372237	-0.6596271847032699	-2.1942115482518614	-0.3147639686344641	0.0244131267126621	-1.4742504101160865	0.5329127760254637	-1.6478129124013925	-3.341864351189915	-1.9680561334914624	-2.54037894289878	-0.8208911401109921	-1.3897622485427246	-2.1253783766325034	-1.118099247149292	-0.3600248616930888	-1.4660737006751083	0.2265090934402096	-1.5992425176608194	-0.7544070839962628	-1.4518585315241326	-0.383851460091219	-1.55830093206364	-2.4786624523251297	-4.046569707149715	-4.194637830929568	-3.353381471465972	-4.758743798889204	-1.7984609255974493	-3.3379393844543
ENSMUSG00000024052.18	ENSMUSG00000024052	Lpin2	UP	0.8140933140933141	22	1	5	0	8	1	7	0	1.8382698100646413	1.6132163059721918	1.4220330529425236	1.7489284828394724	0.7801687347365616	3.401948969740008	1.352969528070826	1.8734630838735575	0.4417159304310197	3.245808129047873	1.2192834149049787	2.418811240751137	0.757615545303364	1.352969528070826	3.3308566455461746	1.6131442064686858	3.0607628062271712	2.052560056915755	3.4065922716818795	-0.1693194607104982	0.5757398070092211	-0.2319309918918046	0.8061427808497502	2.845788105494255	0.2348842266304737	0.5753802097536005	0.3928605984904814	2.32653992816935	0.8490300004566378	2.030776475904145	0.6370651524687911	-0.8158888232162607	1.800290190744385	1.1531564623184392	2.623166570102656	1.6232692102118345	1.9253462707927016	3.597508686509625	0.0490587173330306	1.3073009693509354	0.1422077725431672	2.910012548617721	2.3629476016482687	1.8734630838735575	0.1773822923491433	1.7432111688206768	0.7651336683448753	0.5219833779025542	3.3796725038092963	-0.377016253300345	1.3113825707450282	0.321102622640936	0.4417159304310197	0.0703022275977213	0.2269859727612724	2.9324324416242438	4.158597722104581	3.125522361928503	3.245808129047873	2.823055641786203	3.347359364982302	4.180867126706346
ENSMUSG00000039911.14	ENSMUSG00000039911	Spsb1	UP	0.8136123136123136	23	1	6	0	6	0	7	0	1.676892116571667	1.4299835865896964	1.917862892154881	2.6195312079449926	0.6861362319960839	1.4840381341907105	1.6276200794694249	2.928425229514336	0.6599511029572628	1.232347093709968	2.512130670372549	3.4544785297454697	0.7833272066946405	1.0426241845975048	3.4065374287815917	2.4244147949229133	3.347869097337985	1.5186117007254816	2.705596748094369	0.8519463208164966	0.3117107514941158	-1.08715512346218	2.2259430352517438	3.9881175050285353	0.9428322362472584	1.0972682430053786	0.3662221571948169	3.3664102580498447	1.384938085910419	3.196243357270657	1.4789262599659423	0.2596789287802001	2.7984901861468208	1.6276200794694249	1.2450101009373855	2.8044653055666995	3.728040039235722	4.596453315217183	-0.1953277295455209	2.923503314863648	3.0343931046628394	2.928425229514336	3.547499340626211	1.5017718802762534	0.9039594188360208	0.1426333319619188	-0.0617459861426275	1.7204653161981651	2.1324198735699245	-0.0515171502540281	0.3738047301636193	0.6599511029572628	0.7614396798106798	-0.1886698235028937	1.15475805835888	0.6482630473350633	1.7465010745272076	1.232347093709968	1.0508419989024973	2.0889639944099687	1.1981492695587486	2.423200460891521
ENSMUSG00000040435.13	ENSMUSG00000040435	Ppp1r15a	UP	0.8136123136123136	23	2	7	0	6	2	6	0	1.192776458716957	1.1628187488363888	1.6302771066759132	1.8885599715601487	0.4915816990006638	0.7606870576311024	1.5768404594297358	2.1547343528427474	0.4088257735088837	0.7487970382430418	3.038968568482834	2.454260359831736	-0.0121198463187444	1.116515877907703	3.860079467410268	1.0598603923108003	2.0940823173828864	0.8826701233582979	1.8676717652519643	-0.3831833134523563	0.806013411436547	-2.535090360244133	1.2027018609529925	3.656149733969588	1.2169995508220333	1.059375981991816	0.7295075538773158	2.42392166142616	1.9954429967649117	2.437158569749109	1.1082306412691714	-0.762397917311555	3.708822884670148	2.335607008899516	1.5768404594297358	3.1080971572166898	3.971294973164228	2.5112956221686087	0.1726008444447974	1.7766297987637727	2.1547343528427474	1.358624975027365	2.801996912465877	2.4440372952078744	-0.3355757282213924	0.758999555354283	1.8060353566119496	0.4600997584792294	1.6595357383442997	-0.1380367799840865	0.4088257735088837	1.1603599123287205	-0.3375107889184852	0.3081489469316836	-0.3434830554277845	1.0445660522568392	1.271750732866706	0.3692938277036193	1.0612602637103137	0.6278208207772272	0.2013206678599687	0.7487970382430418
ENSMUSG00000058799.17	ENSMUSG00000058799	Nap1l1	UP	0.8136123136123136	23	0	6	0	6	2	7	0	0.8378101377215725	0.680264179132076	0.9018657223088644	1.0972858973079826	0.46700513757965206	0.8850837936897913	0.7756757964630174	1.0451275773570126	0.170508905029508	0.5848525618011348	0.4097665357359207	1.8852911741670857	0.6618622973120478	0.436761134833498	2.164809346513335	1.1814496745884828	1.8262655641369765	1.0225832935811758	1.057690564499079	0.3068536869569839	0.5899486940422669	-0.0659940370302289	0.2297756918290999	1.6808530155653354	0.1306124721818763	0.7756757964630174	0.2140782052636062	1.4056078316105869	0.7421109566058345	1.847178833872115	0.7786184014027724	-0.1351740267268561	1.7672091561538876	0.7786509324410079	1.4397224222439873	0.6437922548686424	0.5743746292277971	1.9428148705958463	-0.0926717859334129	0.5074586778011061	0.4365994283198525	2.097743998450222	1.0451275773570126	1.7439285145652528	0.170508905029508	0.9189134811365604	1.3501692522600377	0.0047188869646541	1.5133039546708515	-0.1320634118504893	0.9385226035804022	0.3351852815669687	0.1390714063793458	-0.1766085938197803	0.0753347474581135	1.0167828795855776	1.433879848353882	0.5848525618011348	0.5445213157374926	1.5136951654243784	0.5782357756677732	0.523619009258301
ENSMUSG00000025364.14	ENSMUSG00000025364	Pa2g4	UP	0.8136123136123136	23	1	6	0	6	0	7	0	0.5627976024197944	0.5372301317317616	0.6352143406899203	0.5897316217470149	0.21355949880580177	0.8126849484364406	0.5583750546790698	0.5160852087844533	0.1246016329765707	0.7556905493781094	0.4371724174038591	1.4575756945719245	0.3363082203325316	0.1254548432861136	1.2990402339362954	0.807104762646884	1.2911511184760358	0.5555247979792434	1.1752515878769298	0.1619275517074297	0.3230563972872565	-0.5573750772384791	0.2706436467589306	1.04538481293594	0.2368475267332904	0.5583750546790698	0.0943364754777151	1.1143259871783662	0.6217419702819439	1.1500309289618735	0.681930039297551	0.0185154293896607	1.358464934324545	0.8382617151761652	0.7205002505275875	0.4942256070867724	0.5350102715524163	1.181027213873242	0.0970916546753141	0.3850517012641885	0.3143969174242876	0.9785834673195806	0.5160852087844533	0.6558851888880384	0.1097546182206975	0.4103659668441868	0.3225141523660659	0.1227988151230446	0.8394095862790296	0.003049182196698	0.1025288794641209	0.1961338872063993	0.1717328673675564	-0.0537351011805507	0.1246016329765707	0.6288083489172335	1.2479545251397557	0.7556905493781094	0.4470109412488175	1.0873742788076222	0.4827420523325385	1.0392139432310072
ENSMUSG00000020780.16	ENSMUSG00000020780	Srp68	UP	0.8103655603655604	23	1	6	0	9	0	5	0	0.47204800035212674	0.43884364742419557	0.6932447178521628	0.5455007624473975	0.33275419916553406	0.3166923219434125	0.5991123159266071	0.6234184860969202	0.278574978921784	0.2757541499017243	0.3345014309543483	1.5206666608592403	0.5290729004695797	0.5991123159266071	1.54972168801872	0.666441587936415	1.2983834086604304	0.5065292327687863	0.9386735686048596	0.0974880825535477	0.4381258153639963	-0.2048136495853633	0.2976448699675181	1.1520999819459268	0.3592734087290213	0.6662068308813682	0.0798852592906317	1.0651837107159263	0.3987601259434327	1.154028258077742	0.7594501226566589	0.1642990201260241	1.3374832136334234	1.0968851830180266	0.898860664456574	0.4290211272413977	0.5846225627935547	1.0055418306411292	0.102803792504787	0.2846206272463563	-0.141628822016007	1.300326862314661	0.6234184860969202	0.6434225603439362	0.4437483491017729	0.311037673433111	0.3494651903537235	0.2151896236566672	0.8927147570128775	0.0703330107783259	0.3329557519983953	0.2721276457382565	0.2434659619199204	0.2506832479060404	0.278574978921784	0.2381340081738628	0.8994018425666965	0.2757541499017243	0.0469792408463016	0.5906971130121464	0.2917547705076265	-0.1258748714044708
ENSMUSG00000075033.5	ENSMUSG00000075033	Nxpe3	UP	0.8098845598845599	24	0	5	0	7	0	7	0	1.1778351687204234	1.126107971978072	1.357294927414088	1.7259250700113837	0.6501704845392408	0.977950192916981	1.3205061642332203	1.9141847164989967	0.6051132952123235	0.9317097797229238	0.9698317248762336	2.756096349015668	-0.1149801724097001	0.4937339274338385	2.166058158354375	1.5681622958333756	2.160460383573233	1.1300001202711911	1.4287803436338151	1.0674564017356285	0.6589239141929282	-0.1213651524011341	0.7414285644778482	2.682601272188183	0.5603184832613703	2.102431212132414	0.6928168388770541	2.1643919864255934	2.2407594193401974	1.722705035450837	1.2582764306039058	-0.1229808094636563	2.414198080950148	1.7211865324145683	1.7811546935724345	1.3205061642332203	1.2040108416068012	2.08001109211713		1.0676939989223917	2.0089724219884224	2.195403371286557	1.8193970110095712	1.1840725247442303	0.6963398650839573	0.6051132952123235	1.741607890419525	0.2364715583649152	1.5816112625769752	0.0502691862441889	0.5975126022184676	-0.1084448244829964	0.8262695381805156	0.2734411961029199	0.6516837600108568	0.9317097797229238	1.639349512939903	0.6563983016419028	0.8370285726633897	1.0814656469726125	0.962945717401784	0.7367538190763517
ENSMUSG00000072720.10	ENSMUSG00000072720	Myo18b	UP	0.8098845598845599	24	0	6	0	7	0	6	0	0.8752107342528266	0.8123913800081046	1.252187552379445	1.0887928110093237	0.2883301986201976	0.8715323750023397	1.159267498364275	0.742790149246086	0.2779186321082127	0.8819926107701233	0.7925353417898232	1.9823194158478112	1.1012692553922296	1.1321144480334646	2.4864512238964727	0.9647970883647616	1.8514629798867963	0.7828188476415004	2.28204299206428	0.0613604782055757	0.7033577809262539		0.641540469551014	1.9586071442310595	0.3438865493128722	1.1822754210496045	0.3148379734462574	1.809338571342756	0.7826677568656784	1.560349999665157	1.2776560748232606	0.3542039919617324	2.0460323159939198	1.9143034765098392	1.601936099586145	1.1362595756789453	1.4924510897983585	2.223877521116818	0.0551628554154843	0.5453749278295393	0.6145571954487868	2.4708250575226245	0.9689619704859266	0.742790149246086	0.2779186321082127	0.125124188814964	0.1835536301467066	0.2990734749536629	1.3320786171468897	0.0231013755023072	0.3449340042961271	0.4583895653362619	-0.3731460796282775	0.3408024808517418	0.1598022952935771	0.4268297085261314	1.7366962931221677	0.8819926107701233	0.1440919678192892	1.5155578423260645	1.0151784133614803	0.3803797890911228
ENSMUSG00000034898.18	ENSMUSG00000034898	Filip1	UP	0.8098845598845599	24	0	6	0	7	0	6	0	0.8209313296953895	0.9708096199649184	1.164597668508051	0.9354202198707089	0.3980562198531651	0.7856512105496328	1.2317019700987042	1.0724011924473251	0.4180443801185339	0.8692180474825117	1.6788748997066565	1.644081818202764	0.3798856848009426	1.298953755002211	2.386354885636962	0.8233257197677245	1.3433085466632977	0.7153877337058089	1.1786694511267954	0.0879586435992373	0.5706554098071265		0.7083174916347106	1.7186579249054674	0.5749314357652598	1.0257778804686213	0.2430538082722509	1.963368802290556	1.2847344890706132	1.165116513724015	0.7833957039975343	0.5873509182951174	2.131142863456213	1.3848758444602027	1.390765888192372	1.5223155630592853	1.688277705597582	1.0724011924473251	0.12515746451801	1.1425934527820312	0.8215880383868492	1.565217539052368	1.1707373252335431	0.6502465266748357	0.3958207958778739	-0.2405391485878837	0.9297698195078716	0.1147893891881445	1.1335779907137522	-0.0672032575334781	0.7579800810125505	0.4180443801185339	0.0076376163471783	0.4247765522830457	0.5039641994572267	1.0360444125251116	1.139080040707977	0.5928781869061173	0.8692180474825117	0.9961963662535884	0.5904579358275319	0.2756834841445926
ENSMUSG00000012114.18	ENSMUSG00000012114	Med15	UP	0.8098845598845599	24	0	5	0	7	0	7	0	0.8046191442065046	0.7717250439780172	1.037434700140517	1.1584472807900263	0.3176093562637341	0.7049852396317408	0.9033860460299036	1.329103445799288	0.2357385830519667	0.6400640419261308	0.8810177124664742	2.189765956911412	0.528381433078008	0.9400223330790768	2.193452938089177	0.7468183312962438	1.5501141279254949	0.5379743959306101	1.2410982643623785	0.1524257303392618	0.3281243260166256	0.6874433025017541	0.6044557469719194	1.7665658543757463	0.3494147938853185	0.8185273196669672	-0.1812028282205931	1.7319228667422824	0.9033860460299036	1.7073705425492356	0.7223964933563358	0.2144756646211047	1.92554868777956	1.3127191011598551	1.2783014634379155	1.2150701178801608	1.6651461815617363	1.8043631866344907	0.0050172045951398	1.0316121687714628	0.4177716788229271	1.7783330077109782	1.329103445799288	1.7429302731958978	0.2357385830519667	0.422008118880161	0.313344267434993	0.1601195930727295	1.2005566874357545	-0.0152883249152495	0.3700361702487993	0.3817951509494962	-0.0090399388066748	0.2085629920905004	0.2258696194585988	0.3652856033114844	1.0940606567535394	0.5474114657775513	0.6400640419261308	0.919267938503374	0.7357779729233188	0.6330289982267873
ENSMUSG00000034430.17	ENSMUSG00000034430	Zxdc	UP	0.8098845598845599	24	0	5	0	7	0	7	0	0.6259033786468672	0.5849983737384271	0.8532700228336664	0.9522351228191833	0.2000856494256392	0.4980227195089798	0.7098604886383051	1.074845505666682	0.1656670032073419	0.4601362588385491	1.2488533279864544	1.6795572171567357	0.3906011513876275	0.406955827175899	2.0107961072763048	0.4351430603187011	1.3858587528183837	0.4330701751788638	0.6579680401790818	0.106190688686698	0.4181866639733659	0.7098604886383051	0.5677441361460888	1.5127684076579817	0.3205596136447959	0.5279022600895605	0.0388719859926287	1.37142752492989	1.025349915663424	1.213350873622244	0.751575843641871	0.2702393737763378	1.6516825808429203	0.7340031149530819	0.5257515885495431	1.2724472791578034	1.3715746170644043	1.074845505666682	0.0672766480764967	1.2927720983561988	0.5289174451734148	1.3546590746184608	1.7489507756296363	0.5982243122133928	0.1579385591923901	0.0330508952398715	0.1656670032073419	0.3444788415751287	0.5012353597832266	-0.0304491588090752	0.2504259661930506	0.3598623048450338	0.0658246657598237	0.2695043870165982	0.0834033196786416	0.4601362588385491	0.7019515717336169	0.3662807327253707	0.5989752287652196	0.5426269619411456	0.4023819092619997	0.4138063732969571
ENSMUSG00000038563.15	ENSMUSG00000038563	Efl1	UP	0.8098845598845599	24	1	6	0	7	0	6	0	0.4910726461227227	0.43389562673913407	0.626887410251009	0.6072446426675244	0.2688967288586393	0.46126180271371825	0.5867449491636768	0.4286746522588519	0.2574770877676741	0.4391166012194162	0.5711610141450503	1.297588725874128	0.2371489503843233	0.4550854043360415	1.1321061493231692	0.5826537360006483	1.0578305081285688	0.4030777228144733	0.7653787695346002	-0.0090504334997462	0.3641529942231751	-0.1091388419028167	0.4297909218206328	0.990344464211356	0.2114093367221983	0.6519394770948899	0.2277191707226344	1.1139841531409216	0.4014818225150661	0.7687268712016456	0.6754286927953743	0.2489017264410913	1.3675450023035955	1.0554005509540172	0.7206029869404108	0.5867449491636768	0.7279452513881177	0.9154613397884148	0.2033052535879289	0.3380607883852436	0.4011045077815922	1.2943733837599924	0.4286746522588519	0.6697325731106469	0.2574770877676741	-0.0499820204919565	0.3534099282122001	0.0529053263113393	1.017706069674683	-0.0681112118847776	0.3961281079512986	0.2892717101409061	0.3697549616667826	0.0848116629818193	0.2544923951150632	0.370831616214655	0.713078245420064	0.4391166012194162	0.1172390528701719	0.7589214910192991	0.4546725998430428	0.3749730124093789
ENSMUSG00000035735.11	ENSMUSG00000035735	Dagla	DOWN	0.8098845598845599	0	24	1	6	0	7	0	6	-1.3151504482257756	-1.3717681101806625	-1.3109839660912703	-1.4340293075300055	-0.5102247516016388	-2.0053637676801874	-1.217180093815537	-1.526356126545788	-0.3894264588415019	-1.7437033491342429	-0.9195921056751564	-1.8265556855953715	0.3087647222533885	-0.5929840851375906	-3.709849335240741	-1.417376907584068	-1.8400495547844584	-0.5376437404826833	-1.5223929839077923	-0.4468957064395824	-0.5547226915802032	-0.4421574664772483	-0.724422290178377	-2.219441822471147	-0.552845209776998	-0.6528681548645177	-1.217180093815537	-1.6157066001185754	-1.54745781316487	-1.8766935035780503	-1.1247721261452734	-0.4375844993020992	-3.018611354518744	-1.327480321828578	-1.009093854513359	-1.8914336056424927	-2.679520293894176	-1.4513989477638276	0.2454569415405344	-1.0277411789406428	-1.7013377747527818	-2.1700656951200727	-2.406762371127461	-1.526356126545788	-0.3894264588415019	-1.434780160329776	-0.5579873703520726	-0.3418705529992955	-1.630732586882662	-0.1210090719794081	-0.0922558540983626	-0.4256545801198685	-0.1891855318784895	-0.4157838514735451	-0.0137862486630442	-2.3628123783465367	-1.5770636610228566	-1.7437033491342429	-1.6524130247392952	-3.327633536402938	-0.3112793966754628	-3.06264102743998
ENSMUSG00000006301.18	ENSMUSG00000006301	Tmbim1	UP	0.8094035594035593	25	1	6	0	5	0	7	0	1.040820398212692	1.1495907339326552	1.3155962198611983	1.5322663629277498	0.2846500813771658	1.0307689286846542	1.1755868917606709	1.487019726826446	0.1154774323379046	1.1235945761046395	0.5853920119375433	2.865347441090397	0.5536592740424071	0.3672874362910036	2.5407077140059644	1.485177999965797	2.291830711073228	0.8182758075944293	1.539243353230085	0.2610485215339777	0.3671129629705036	-0.2556822847936717	1.3208827619978445	2.5581027404482057	0.6207204807080235	0.7443832671693528	0.5790333321322433	2.0649827030637606	1.2602661849802752	2.4068619869558145	1.041848516639228	0.2716927266436157	2.481488354437908	1.1755868917606709	0.7136246769896917	2.069580939228221	2.7926414241558297	3.011070927755215	-0.0567467690634982	0.8227204136088042	1.0892217811925025	2.7121461543688694	1.487019726826446	1.6604323058059098	0.1517640439494599	0.9024038542206314	0.1154774323379046	-0.0910235545088231	1.3360929375654291	0.0778099784790805	0.223941617102399	-0.001889628759291	0.0928887164102823	0.2195832429495001	0.1041022554022504	1.1247358866491466	1.1235945761046395	0.5594283634654797	1.556469630341029	1.3472693114316816	0.7077809468327281	0.7961037859678743
ENSMUSG00000027510.18	ENSMUSG00000027510	Rbm38	DOWN	0.8090428090428091	1	19	1	5	0	9	0	7	-0.7308388610590553	-0.504080397586262	-0.5007406553120392	-0.46889740243761585	-0.5253245039609558	-1.42839288252561	-0.485969562292471	-0.5221912328800531	-0.4658535101244985	-1.4897950882298134	-0.438452220914472	-1.070277162166944	-0.0236239346459703	-0.0453627846070866	-0.9344576890571624	-0.9079550662426888	-0.9518925044400176	-0.6529618631588012	-0.144329289035541	-0.3432676394115732	-0.485969562292471	0.145594711561505	-0.4074915771088288	-0.4031798882016122	-0.1879330383301429	-0.3579802002697021	-1.216193965932199	-0.6424910196008465	-0.738529656123101	-0.887832570706224	-0.7843895880543447	-0.640047303207853	-0.9140103549448916	0.1422539182710995	-0.5761868656091418	-0.1683053990253238	0.1152748198292773	-0.5221912328800531	0.148484451055	-0.3120590130595161	-0.4526106829491299	-0.5498508655778487	-1.0343018269414657	-0.5597526467102977	-0.3546127751107643	-0.8768683493494227	-0.7897686212740066	0.0023716443670026	-0.9124077200289764	0.0219624325340734	-0.8637731215229966	-0.4658535101244985	-0.8925061476396873	-0.3411009764055561	-0.3060123990156798	-1.302024143573449	-1.4897950882298134	-1.853301926746378	-1.7349398848795292	-1.310051460165561	-0.7347820377714765	-1.5738556363130627
ENSMUSG00000030595.16	ENSMUSG00000030595	Nfkbib	UP	0.8085618085618085	20	1	6	1	7	0	7	0	0.8446771517989761	0.7574577277578614	0.9669189604981219	1.0922611144120398	0.3914469398982636	0.9280815923874787	0.9129264290783063	1.170869315825504	0.2974704153036512	0.6019890264374164	0.5296206071789162	2.0812903246308903	0.5134602584565621	0.0006586592511311749	2.095010902210819	1.013465722348456	1.7449379122677309	0.853545565955154	2.0518455059222718	-0.0233130944592555	-0.0677726610415887	-1.0053169859983766	0.2222321511119869	1.9303902174077965	0.3809175510870919	0.8093549654275047	0.3624487954603851	1.394813950464408	0.6971741069863925	1.7607854040020463	0.951751241903092	0.1224985814388193	2.1090323893791165	1.6604111790968172	1.705874377125635	0.9129264290783063	1.2987678767571793	1.926501909055582	-0.1572533264587804	0.6085124555861049	1.170869315825504	1.6178457572718754	0.971269880220349	1.5080818093836426	0.3285324423264655	1.0183301348565206	0.2974704153036512	0.2480582394382312	1.900512680212307	-0.063089831868739	0.6073615944475422	0.2987095242487145	-0.247250749423342	-0.0667780128343331	-0.0159400978261187	0.5157775456282052	1.7174511569640167	0.6019890264374164	1.0465210197093155	1.4452825585174522	0.5748916026208968	0.5946582368350473
ENSMUSG00000028381.9	ENSMUSG00000028381	Ugcg	UP	0.8080808080808081	21	1	7	0	5	0	7	0	1.358740056814045	1.089640154353876	0.6619175846881186	1.3591159142918965	0.3593873174369786	3.0545394108391863	0.6341831914268494	1.5450971172809027	0.2619643069144775	2.873932089132885	0.5236534272551138	1.2136489385613192	-0.0603476704369458	0.6858383230039466	0.9950383973449952	1.247575819731198	1.5648021139779582	0.9519562875830004	1.2157109403743709	0.5931475498634462	0.1116431762839817	-0.3127956614662265	1.2795622393209949	0.7174468591522362	0.6341831914268494	0.2860018759171507	0.7184855914258386	0.5209503373884211	0.2196206282077065	1.2255337441335534	0.51311481986121	0.5661764820611681	0.9781572836119744	0.3696510152913941	0.2831965353464252	0.1401972322451849	0.6896253091129331	1.648328460026768	0.2494505994579344	1.5450971172809027	1.9927411908063957	1.7608320111466376	1.1525995715244013	1.1647624498002354	0.0361537005791186	0.7310986445975357	0.9287648646792618	0.1333418468209243	0.942862280457342	-0.1308765855420407	0.6152819332199029	0.1051236664990895	0.3738098597571057	-0.0442640261759527	0.2619643069144775	2.873932089132885	2.7874794171707387	3.0871057623465497	4.296380603740737	2.394515986000469	1.7108919562366964	4.231470061246227
ENSMUSG00000097487.8	ENSMUSG00000097487	Ptges3l	DOWN	0.8066378066378067	0	24	1	5	0	10	0	5	-0.7699206661255422	-0.8994807363664339	-1.1150759363601563	-0.6921068013848775	-0.8735275392818156	-0.39897238747531955	-1.0958386936284576	-0.8509280690632197	-0.948033403669648	-0.3442136529885589	-1.2573198338514722	-1.7538339526156512	-1.1625376429716536	-0.7851756465277543	-1.9072225814676889	-1.0958386936284576	-1.1928188096852856	-0.5173869154927833	-1.4696923449595654	-0.4031979634127945	-0.9295398578107924	0.2863037585819189	-0.9291737937600985	-1.9931640739956076	-0.8243744826886976	-0.9680896228430936	-0.3416873186779031	-1.0718767949105723	-1.0336931153878732	-1.5940911529229915	-1.4748132100214797	-0.0567220414910076	-2.1266658707356387	-1.8573214455359144	-1.3374640920150906	-1.0390027266321908	-1.2706500562640808	-0.9111860125858832	0.1713513957680298	-0.1660819267549921	-0.8912289722249525	-1.760941946623715	-0.4357320782094099	-0.8509280690632197	-1.2632705797470467	-0.7064452250805624	-1.1510380684299852	-0.9486003577647208	-1.3869427470340328	-0.1160731615412882	-0.9170886407056104	-0.7892640496503354	-0.9794647086164028	-0.4025819898603385	-0.948033403669648	-0.5456833299575157	-0.2983805605984446	-0.0956918187064132	-0.7850530333144735	-0.3442136529885589	-0.4372655216602307	-0.2865187951016006
ENSMUSG00000027765.7	ENSMUSG00000027765	P2ry1	DOWN	0.8066378066378066	0	24	0	4	0	10	0	6	-1.0818789345579198	-1.0736742681456246	-1.483416586076596	-1.3435246518026098	-0.6686711097039784	-0.8319033906484952	-1.4651650879821387	-1.4376986114907848	-0.7096499248004644	-0.5880051000394347	-1.1756179917062342	-2.565945629720823	-1.4621481593795402	-0.7114431831578587	-3.040174905098772	-1.164000613317944	-2.556272378490941	-0.923635465396694	-1.4681820165847372	0.0510544852975892	-1.0585522914641117		-0.9095564394014788	-1.7560948050595724	-1.4256498719359292	-1.8358013222328569	-0.7201501411730258	-2.312744179489996	-1.5875794697906758	-2.14962499922616	-1.5634475789789872	-0.2712457603300509	-2.6726416548449827	-1.6009481155763925	-1.5236216413976005	-0.8441573169901049	-1.3206497925436145	-1.4376986114907848	0.1049561454184423	-1.9278689416214616	-0.8661350176570217	-2.235364519364888	-2.601160199792148	-0.4414014181104075	-0.9047517651998992	-0.8250232049646213	-0.5269045832178525	-0.4767191769377728	-1.4966837828607775	0.1417279489715819	-0.8121471069138304	-0.5661626132946556	-0.4095169834170364	-0.7096499248004644	-0.769551014108433	-1.1232069184675078	-0.5333599046410348	-0.5880051000394347	-1.450089293771046	-1.396853198085097	-0.5653285428375515	-0.1664807766977939
ENSMUSG00000047343.5	ENSMUSG00000047343	Mettl21c	DOWN	0.8066378066378066	0	24	0	4	0	10	0	6	-2.080471235158372	-1.3583695330051744	-1.8454307294920673	-1.2198379492367482	-1.4641401272354095	-3.792476134669264	-1.6846425382123469	-1.032096527798002	-0.810296501902218	-3.960960881208303	-0.717482865268381	-2.395728431294436	-0.6188784500264195	-0.8144594405085721	-3.72141781016234	-1.3090154042658293	-2.9211020430522163	-1.0309737052383734	-2.020403665748736	-1.7806743045854565	-0.7501470017335311		-0.9004254550999121	-3.2738297103054106	-0.4009648087656888	-1.979713446317679	-0.6591875439580152	-1.9178113889374413	-3.442135248987188	-4.006472245929773	-1.4817049082978766	-0.4069813155093176	-2.1450471070397468	-1.5886107718392373	-4.214724994992191	-2.0113780926354257	-1.4719288062945597	-2.0496453321445376	-0.2180793996932218	0.100315000254081	-1.953075070989869	-2.90479173151498	-0.4814925827707063	-1.032096527798002	-0.8025739389078336	-3.4029498875308035	-1.3245414947648104	-0.7590583326615838	-3.351808919958453	-0.810296501902218	-1.799228300056486	-0.5283510599490198	-0.6329725458962111	-0.1993356237511961	-2.4944247942108904	-3.1779132187995183	-3.960960881208303	-3.962593018898584	-5.970526503796656	-4.410116989300121	-1.2515341483136817	-3.813688182367982
ENSMUSG00000019932.9	ENSMUSG00000019932	Kera	DOWN	0.8066378066378066	0	24	0	4	0	10	0	6	-2.437659490150098	-2.0382177066521088	-3.863861699326137	-3.0294559530763703	-1.897236260912407	-0.9600840472854767	-3.883597156871189	-1.94600534140517	-2.130430071899048	-1.114468164272762	-1.673076089967231	-7.066623437987546	-2.733528520975654	-1.773425965518137	-6.524561441120297	-4.754091948260346	-3.8071687048964784		-4.6101033168814425	-1.5785141303201804	-1.5605683336295169		-0.8189248328794111	-5.806532796469164	-3.7088969260255418	-3.883597156871189	-2.6870181013183627	-4.311369230002656	-5.190061852345068	-4.2074653541714415	-7.104269118257446	-2.6239866292734995	-5.076825148604076	-5.686222010363721	-3.028709367472262	-1.88973242310624	-4.491269646436533	-3.7597044722516486		-1.4543240450760644	-0.6819129720852658	-7.305332934563701	-1.94600534140517		-2.130430071899048	-2.2957350654509336	-1.389099755641926	-1.7339383078440356	-2.282812479902688	-0.3626902360513132	-2.8394280369598093	-1.3277048533245472	-2.9694812048325407	-0.893998825458369	-2.6442800326712663	-1.8529268918928208	-1.1032880322054268	-1.114468164272762	-1.6769515686284573	-1.3249924231338397	-0.5964127242309795	0.9484514733659491
ENSMUSG00000049800.14	ENSMUSG00000049800	Sertad2	UP	0.8061568061568062	25	2	6	0	8	0	5	0	0.86666279142446	0.7203848927280416	1.115878565270624	1.3942039445922123	0.32622008343417513	0.6303485724008284	0.9153197604823688	1.4361429701408936	0.3325036295340388	0.5254500249737144	1.883188253142431	1.881766275218539	0.4375427187904027	1.13693270875133	2.995456247776993	0.9108023704092748	1.3564710177842116	0.9153197604823688	0.5881547099383754	0.2703284213422421	0.657472018595622	-0.6518667361428208	0.6462049354298249	2.3023297534367817	0.3645238062950515	0.9827963343140282	0.5048192891981838	2.3068550920861592	0.8102975101926654	1.397599296183863	0.5050609221933273	-0.3986641185396016	2.7607237677470864	1.1608154388610306	0.5562264829788237	2.0550213359165963	1.79254364992406	1.3645009678535305	-0.0625927188126347	1.9551949614606217	0.9081522179100288	1.4361429701408936	2.536815594158686	1.621213619434361	-0.0470459537621257	0.4090695111131088	0.8906825858160143	0.3331359767923181	0.7749634423554044	-0.1080577401927289	0.434655488146982	0.3325036295340388	0.2850458053235353	0.1664013584692669	0.1170668141801127	0.0918076850674607	1.3291148982247991	0.5254500249737144	0.4375319205370966	0.8916225890057822	0.9322786828520088	0.204634206144937
ENSMUSG00000031370.13	ENSMUSG00000031370	Zrsr2	UP	0.8061568061568062	25	1	5	0	8	0	6	0	0.5478059155456966	0.5090732777100007	0.7624791123555633	0.7420067409089187	0.28703946965104005	0.399698339267264	0.678513379063123	0.814564790121002	0.2533276259936202	0.3396331763568783	0.5042157428149097	1.2014716432591717	0.4563649532284904	0.3973557663074926	1.7667648992638856	0.4495953153916175	1.2090740995006268	0.678513379063123	0.6868019783072131	0.1935323345738697	0.5363614153315033	-0.2257231923573177	0.3981673264584246	1.3702681749331358	0.5193784823931934	0.6081063792522344	0.3786300121592892	1.2837663256488991	0.8225388672007399	1.3137918093696703	0.7067946618125375	0.235328675332826	1.4295301976010906	0.9588281652005884	1.2028465499719034	0.6681047488519468	0.8365273227291455	1.092014035504327	0.0778716283997275	0.814564790121002	0.3103591547346939	0.9875537782016572	1.1562528183073	0.7554309810937219	0.1081651760333634	0.6466299524727499	0.7532831742943508	0.2533276259936202	0.785257635351197	-0.0434913746739338	0.4497817664374497	0.3778300318997343	-0.3465656444345329	-0.0486372770021102	0.2218530997895524	0.5329746180461417	0.6203097937319136	0.2566484789518248	0.3326294534380978	0.5767467963152931	0.3396331763568783	0.1389460580306989
ENSMUSG00000029686.16	ENSMUSG00000029686	Cul1	UP	0.8061568061568062	25	0	6	0	8	0	5	0	0.47650870274507373	0.40665986393573983	0.6444981080033694	0.5877530790157613	0.3409927215590134	0.3327909024021508	0.5206248615113704	0.7652334695515717	0.2926948663601092	0.2214395236966887	0.5206248615113704	1.0493508890332188	0.1883154149078514	0.4625447722874296	1.7535536668661575	0.4956646376133207	0.8690041387473082	0.4611732208118629	0.5401517306743348	0.1506266039437114	0.3864179814664463	0.4373563500855376	0.1874202985436073	1.1651656068442675	0.2043009105841849	0.4330833547386636	0.4233265531261132	1.1774736214491908	0.6777842464418873	0.9052689047112932	0.4608096768002893	0.1381454764935171	1.6246338950225925	0.7940317657558635	0.7098315967239662	0.5327051845449635	0.652683556362024	0.7652334695515717	0.1253037011561086	0.2656659588073394	0.0850348217490588	1.048371169987729	0.7948660626372394	1.0297963692212833	0.1371820879692727	0.2926948663601092	1.1896593284189472	0.1278465842248387	0.5832288280197129	-0.0706595231863657	0.3400856289103974	0.293243684216467	0.4798455531745871	0.1666591943285178	0.2111337047126628	0.8187441493062644	0.5634265128230819	0.2214395236966887	0.0597779101878611	0.437605884859219	0.1417776863470209	0.0867646495949199
ENSMUSG00000029169.12	ENSMUSG00000029169	Dhx15	UP	0.8061568061568062	25	0	6	0	8	0	5	0	0.45118402789686524	0.4676350800017046	0.6646397901933905	0.6174347158334755	0.2589137436039595	0.26374786195663563	0.6453338223884483	0.6838548044897611	0.289936337614961	0.2836375003261578	0.8352231756065976	1.1728675722938633	0.389363670817922	0.3166980159201249	1.5820385790589089	0.7263093437441183	1.12489743305919	0.3291961050321921	0.6453338223884483	0.1208076214296718	0.448709758198137	0.36246711384742	0.6140756695308432	1.1881769794378363	0.2687906001112339	0.42035365942106	0.3686432158215197	0.8104336399011102	0.340619464714642	0.8267820361288624	0.4982364434338621	-0.0773007209068401	1.3189464970781115	0.8353292582839704	0.7117786984540051	0.841765110880728	0.924731571534004	0.6838548044897611	0.2635577440242292	0.7747956866273894	0.1691065136788459	0.8560859888035487	0.9981975960652284	0.5764446771453263	0.1861303040626379	0.1026010422352169	0.3687886002951581	0.1834690688435342	0.5587721183310977	-0.0084372835903167	0.3488758750300789	0.2976572093351901	0.289936337614961	0.1936032273091687	0.3266546801768276	0.3766717043627005	0.4696066817879707	0.1468804895559646	0.1521135419717615	0.2836375003261578	0.3486564132938701	0.0686687023980241
ENSMUSG00000026112.8	ENSMUSG00000026112	Coa5	DOWN	0.8061568061568062	1	25	1	5	1	8	0	6	-0.4774830135493432	-0.46395076605432517	-0.6682790260195939	-0.5099378286570337	-0.3333235674043846	-0.3983916321163606	-0.5652930849585375	-0.5094134242326992	-0.3358404500828515	-0.4184881078759512	-0.4754290490038056	-1.381910270816331	-0.2694787448165258	-0.4066700517888201	-0.5349820138228366	-0.7263263531820633	-0.8837486860830939	-0.4168022197639339	-1.0369545536333649	-0.0747240799058113	-0.459024915206856	0.0951874608361062	-0.8310408838010501	-1.145316103387095	-0.3787729881230999	-0.4780199279031672	-0.3210429111985905	-0.5652930849585375	-1.456114486691912	-1.2542676806792945	-1.0727793459808794	-0.4749955782369202	-0.6010938573655814	-1.1032609915840883	-0.3261675158557915	-0.8249133771792954	-0.6395914923963939	-0.4909224114343007	0.2204319254216319	-0.3063155483246287	-0.8971000348488072	-0.8071050282152287	-0.779140278965204	-0.5094134242326992	-0.7458910035122118	-0.7580491454029181	0.269473083415176	-0.0831562666742279	-0.3358404500828515	0.0446131814090432	-0.3162064984599707	-0.1450075896850219	-0.471302608202705	-0.3566109069949322	-0.7685810372576103	-0.4246766225594038	-0.1066408446223024	-0.4490540022161383	-0.3845300181725514	-0.2054889332873803	-0.4184881078759512	-0.7998628960807967
ENSMUSG00000020744.14	ENSMUSG00000020744	Slc25a19	DOWN	0.8061568061568062	0	25	0	5	0	8	0	6	-0.8533292180374162	-0.8765240782149823	-0.9262562026542388	-1.0706364099076133	-0.4826377568869985	-0.9337865027008144	-0.8998753619670898	-1.0344123215409995	-0.5668005769948754	-0.853172794462875	-1.302947855020669	-1.9069039118543405	-0.2268227677387412	-0.537174818650987	-1.9306719114276805	-0.8247192746880734	-1.5187968965256216	-0.6862187043427722	-0.508319255390937	-0.4319356340912292	-0.9199293599927354	0.1162000112829219	-0.6981690937255848	-1.4763495991372717	-0.4563566950850198	-0.5650392258716637	-0.5263926028137231	-0.917755658342808	-0.940594759606408	-1.7982310271623874	-0.9616641317469408	-0.1693205742474705	-1.9747267429312847	-0.8998753619670898	-0.809284221841509	-1.0990830446933533	-1.0378343540510646	-0.8728132142134725	0.0346165787274962	-0.6429897320972435	-1.912067159779553	-1.8708261054423985	-1.1959629150071232	-1.0344123215409995	-0.5961688268859339	-0.9697734450284502	-0.7732032757958809	-0.1625129960162378	-0.7884752721155824	0.0109006966894028	-0.7559046297169344	-0.3285314537856218	-0.5668005769948754	-0.0901469966068777	-0.2883985494999919	-1.6117496510755729	-0.853172794462875	-0.9977037617756755	-1.3160912749815703	-0.5394900849614992	-0.540907767780501	-0.677390183868007
ENSMUSG00000062867.14	ENSMUSG00000062867	Impdh2	UP	0.8061568061568061	25	0	4	0	8	0	7	0	0.5924124515582403	0.5688215387534951	0.8061220833783549	0.5224783121589612	0.3630585274076068	0.6779908832880385	0.7634935309557145	0.3901693900193414	0.4151366653097727	0.7225064121972175	0.3236168232599057	1.8692997841263848	0.6016135500697917	0.2092704915341758	1.0271059844431385	1.043201447538389	1.7659416637138627	0.6006078155668777	0.9876988323538844	0.2072719815459795	0.6513787717741648	-0.0324780614021025	0.5161354323518235	1.428848987700508	0.4738217752963092	0.8737328217149356	0.5658928421622597	1.1505213105620573	0.9081718575389492	1.361684292934349	0.9493841616145974	0.0857535738917381	1.052079777139545	1.1112415029722411	0.630808811729357	0.7634935309557145	0.6391964881267468	1.101757397983946	0.0828699278327119	0.1056803756288888	0.4779979550512771	1.195624980848126	0.3032481577484378	0.3901693900193414	0.3699990145372804	0.4610290564065163	0.4151366653097727	-0.0057721491962356	0.9326515544824752	0.010473611763392	0.4924437403033379	0.3359876533972188	0.4360992648616558	0.0230544848257946	0.5225409047924666	0.6553615142487703	0.7225064121972175	0.7817343453691837	0.8717503188352473	0.7526179729390514	0.4833773558239492	0.4785882636028498
ENSMUSG00000058454.16	ENSMUSG00000058454	Dhcr7	DOWN	0.8061568061568061	1	25	0	4	0	8	0	7	-0.981710326296946	-0.8141567099353694	-1.3538115325240199	-1.2545443373099625	-0.5539746268512018	-0.7645108085026001	-1.4271623580670834	-0.9027533945503088	-0.4661771636934647	-0.72556002532043	-1.514942670412038	-2.269580449695946	-0.3931015977782328	-0.4133847256756084	-2.7818462377300066	-1.454528394298891	-2.3022371169812774	-0.7321163170422411	-1.0896306696164495	-0.490461271313329	-0.9074440057920452	0.3595412455356431	-0.7577834103566885	-2.0363048125776864	-0.6538705531594605	-0.995086292897014	-1.0081952581455835	-1.871007880363558	-2.154272265034081	-2.497562496010843	-1.4271623580670834	0.1729551035861571	-2.999538865425844	-2.036204772370553	-1.154318045380886	-1.6733253898160587	-1.471501871328929	-0.7677534187573695	-0.1094079456546542	-0.9595441234427414	-2.869293271883262	-0.8459626656578761	-1.9753045984638715		-0.3446587112762916	-0.8272965607531206	-1.0040008652882342	-0.4575900723159203	-1.2738052650782057	-0.0621296754528648	-0.6745721590620666	-0.5513916809091959	-0.0430981838816186	-0.3890005576522364	-0.4661771636934647	-0.8513388742496886	-0.72556002532043	-0.6114924216838916	-0.389710299435173	-1.0529458031498151	-0.7086793281829185	-1.0118489074962842
ENSMUSG00000028954.12	ENSMUSG00000028954	Nub1	UP	0.8056758056758057	26	0	6	0	6	0	6	0	0.6741370312559104	0.650832215191028	0.9155263496025676	0.9903433264345043	0.288346113763758	0.5023323352228118	0.8688510629496206	1.1419775789826747	0.2569722762020759	0.4328133674324354	0.6988033382652935	1.98087102775514	0.0942870916292575	0.6017150991461407	1.862502042626016	0.9734485165316104	1.5606760131614918	0.6653718723593055	0.7248647586455377	0.2818080130183832	0.4251760519629269	0.332180604110691	0.4599451801679373	1.6236964993187124	0.2824352117208851	0.7570742270660172	0.3012085973821861	1.6025779192806031	0.9764001839553345	1.5393334293138663	0.8894216955465318	0.2620083555890095	1.923156320024628	1.0509419962299889	0.9106844745864476	0.8688510629496206	1.0697718569257644	1.354804413166257	0.0336292985248644	0.9077994420340114	1.1419775789826747	1.245736149073427	1.2217076503544382	1.026748752905856	0.4655852268696178	0.118734495495522	0.5368149121263028	-0.0390692393623738	0.7399806776315472	0.059140944292169	0.3476547455831316	0.3320683442176628	0.2230762530050223	0.1308486153406608	0.2569722762020759	0.7368798286776045	0.7934883879221035	0.4328133674324354	0.3750829385635936	0.7039041129337702	0.1221256959035343	0.3520320151266409
ENSMUSG00000021686.7	ENSMUSG00000021686	Ap3b1	UP	0.8056758056758057	26	0	5	0	6	0	7	0	0.6701598537588982	0.6597572953475997	0.8456609564610856	0.6731959606894014	0.3483639088877851	0.8134185889973207	0.7927218984500376	0.5267926922451619	0.226713186534705	0.8493858896892514	0.5819337294385072	1.857972882405696	0.5957532000613862	0.6097028584989691	1.4534221111028474	1.0419314683894232	1.482659485158664	0.520285207079973	1.2752064766993836	0.2894122590723516	0.3583744703822172	0.2443186679798758	0.6844120004164446	1.245023218183236	0.3048767118568836	0.8060351125344605	0.2743454071552233	1.1069075570218494	0.397677094057802	1.2648104553810606	0.9884473469200794	0.0345163430713183	1.4129425522367738	1.2097831091105338	1.2782714283332746	0.7211027734510391	0.7927218984500376	1.4900681017042408	0.0718216846932301	0.1758825186899915	0.5267926922451619	1.5500574721913511	0.1900566692733651	0.7076925860284686	0.3528489081889028	0.2476524502274399	0.7344961006342624	0.1280651485451638	1.1588492377521398	0.0171431407069157	0.5766599953271829	0.206920235792253	0.1506818426065856	0.0319727514500856	0.226713186534705	0.4453780176343505	0.9806053441619088	0.8493858896892514	0.9399211310780516	1.0857795200833955	0.5917776868205137	0.8010825335137723
ENSMUSG00000038370.7	ENSMUSG00000038370	Pcp4l1	DOWN	0.8048340548340549	0	21	0	5	1	8	0	7	-1.2332100476280057	-1.1926022136481396	-1.4435174528508534	-1.067906996013738	-0.811811922547638	-1.6096038190997937	-1.2969805794394758	-1.0882238478568032	-0.8475553690971042	-1.714697481010132	-1.5341150064853626	-3.091234876980573	-0.9567551026687688	-0.8020636400866745	-2.6532820760241447	-1.0866043007234518	-2.3828045374859315	-0.8285043819586767	-2.606246541067597	-0.7914436350350291	-1.2838787732981043		-1.2384963413444023	-1.5026938684339812	-0.391907939000103	-0.9418921641423684	-1.0623971285448697	-1.8804016017540743	-1.494676910855751	-2.178114219725098	-2.446688429759818	-0.2845327826597036	-1.3100823855808472	-2.059004995773487	-2.770231764524851	0.054656862141799	-0.0080572323503154	-0.94474920206697	0.0613478871148403	-1.158354532595654	-1.2639444999912808	-2.124363171910758	-1.0882238478568032	-0.9570616047895404	-0.3331904776301523	-0.0955621921981643	-0.8475553690971042	-0.172266133828646	-1.7872714442002215	0.2559901546179966	-1.549523061431379	-0.8785934386272002	-0.750735939363537	-0.9250586392881368	-1.8461646069774733	-0.7100646725264569	-1.844560168017433	-2.432498023485845	-1.714697481010132	-2.835313397379615	-0.8962651227927995	-0.8338278684862732
ENSMUSG00000022952.18	ENSMUSG00000022952	Runx1	UP	0.8043530543530544	22	1	6	0	6	0	7	0	2.6922884706338865	2.3606288902959642	1.6376301196921288	2.6039632785614724	1.0309915655800195	5.496568918701926	1.772231914431304	2.949025866160625	0.7901425804694342	5.210008081958665	1.372534340543158	1.9611605511293264	1.475572272968242	1.2983337043951133	4.175921954192672	1.768050821262023	2.2525980035618223	2.3415890525987124	3.608939531830323	-0.4123079709705485	0.5067071945308428	-0.564626250005188	1.7755935720885874	3.01092323170071	2.4902076831271214	0.5756687527172175	0.6544783741542983	1.2000970984906447	-0.4147520296506455	1.9990454462062897	0.7785791758629959	-0.3612432610776188	3.5454902711573566	1.9311776373036724	1.782370017221919	1.772231914431304	3.691672141917127	4.251331278710027	-0.1363811189259801	2.534617682617287	2.949025866160625	3.179332418905261	2.3950872162195385	3.054729606243547	0.2711917153150033	3.2955504112610217	1.2145788992817628	0.0826829479745583	3.685902365085399	-0.3918671691233776	1.408441462038846	0.0210875073069711	0.7901425804694342	0.1263968635965815	0.8367996381740136	5.008938578758571	4.884936897160595	5.210008081958665	6.5176932427104886	5.730852170481243	4.793363527803524	6.330189932040396
ENSMUSG00000037465.11	ENSMUSG00000037465	Klf10	UP	0.8043530543530544	22	1	6	1	6	1	7	0	0.9996338288585876	1.1128687224460303	1.1795379378496047	1.3711223542763737	0.5324778770930304	0.9153971462153422	1.199977603518371	1.5172439224631664	0.3385596827688532	1.0257598413736897	2.171508221985244	1.8977856083266504	0.6637813751694792	1.199977603518371	2.001666279604837	1.1451372909630266	1.335692030147874	1.7561535388896254	1.8601680182178284	-0.0752591071931812	1.2639999220836635	1.2715479108603844	0.4226764484592488	1.9634776959661056	1.4003252743891248	0.5256078447428691	1.1429449003009504	1.1495013825461609	2.0056112576244365	0.3751519653542987	0.9431228613068652	1.6067004674418064	1.9313092365594984	1.0680693512172357	0.512007691724561	1.0457717772474546	-0.7369125255150859	2.4065525752713173	0.5644496603205125	-0.3601818186802823	1.5172439224631664	2.4209353473816737	1.2722655796135358	1.7765912135646929	0.0875037841209921	0.1368617927437806	-0.1708448621600591	0.3385596827688532	-0.380234800487656	0.1384223153206448	1.1370019562544924	1.293845334761394	1.4870614661703498	0.8182452467580535	0.9708347317724896	0.282873638659386	1.4398627272411035	0.1516014838868075	0.8185959799516547	1.6292116080421342	1.0257598413736897	1.0598747443526193
ENSMUSG00000021178.10	ENSMUSG00000021178	Psmc1	UP	0.8043530543530544	22	1	6	0	6	0	7	0	0.6326971584043776	0.6619921618088025	0.6525072748231087	0.6566122446332943	0.293499909745209	0.9281692044158986	0.5424856471566617	0.7814986764609432	0.1597216313984912	0.9694380590555876	0.2930687338930316	1.4448356889321194	0.3771646014530928	0.5120802053105868	1.7737500302975706	0.6352646598987292	1.2372869947528584	0.5424856471566617	0.7523233402869731	0.1126804343581671	0.5027452654534369	-0.3837829265242226	0.0136996299109253	1.1367197171229886	0.1584806128439189	0.449795043512115	0.2197794864424047	1.1629520124488433	0.4723472200739434	1.3358764838420507	0.5777620876448134	0.1307971572634781	1.5037749062232324	0.849235031065903	0.8524372361752103	0.4008382642928693	0.5532988560922321	1.2815157341599244	0.0833405806189079	0.398340653323093	0.2937527721813281	0.91050481677589	0.7814986764609432	0.8473324789129731	0.1597216313984912	0.9050338444627196	0.5449447441082536	0.0588251762422702	0.8616508774097059	-0.0724439512892893	0.4388644106502121	0.3278320459183226	-0.0044311607251417	0.0785464764814567	-0.070045087459702	1.0224660353087944	1.4153016621030667	0.9694380590555876	0.6012442167830631	1.2817076083806835	0.2996268393513934	0.9074000099287004
ENSMUSG00000031529.6	ENSMUSG00000031529	Tnks	UP	0.8043530543530544	22	0	7	0	6	0	6	0	0.5347062036561949	0.5422679069884069	0.7264670898718618	0.7420095055405059	0.2558239349641816	0.41452428424823057	0.710878925210368	0.7594591021121389	0.1630227198575951	0.3736568887664458	0.7796773816613748	1.4234132912000752	0.0559382313396091	0.4882038425629465	1.688511267712104	0.7200816174612839	1.4775510500004432	0.4384203487537682	0.4070052802221107	0.2635776266290879	0.4245229026763267	0.3327567637523798	0.5517205675663528	1.0055269269967415	0.0577845443962297	0.3854027880497058	0.1629402602947409	1.239091156762854	0.4777722328638004	1.2884051690170324	0.8188789256619404	0.1362240603054217	1.6493962334111103	0.710878925210368	0.7972320776328288	0.8576847641068476	0.9760131902927908	0.928950371845136	0.2152694078958825	0.7594591021121389	0.3489637490208809	1.0428167029188378	1.2189766709132892	0.6796305340773761	0.1823785157494814	0.1585128639044464	0.5741800755799276	0.0683952728943046	0.6773771996334428	0.0824298089764	0.3282153161232889	0.3012303225398442	0.1630227198575951	0.1425857049636332	0.1357354843836332	0.1780710630583248	0.8030837452363726	0.2608433903102986	0.4357850775031606	0.3736568887664458	0.6352110314614747	0.2150187934015369
ENSMUSG00000057280.17	ENSMUSG00000057280	Musk	UP	0.803030303030303	18	0	7	0	6	0	7	0	1.4657616243812681	1.5505141074602293	0.9627666491831746	2.061233481736228	0.399098335740852	2.4399480308648185	0.9878064949889903	2.1132217199314685	0.3950791920023364	2.1191083660518566	0.94910950253783	1.720908810029388	1.3059136352139085	1.3449756476939796	2.946716363470563	0.0394804073370608	1.6539950453714345	1.0265034874401506	1.4263319949869169	-0.2804649559358162	0.6366836924202772		0.1011724647266604	1.2335046794264102	1.3900247487892776	0.2168614890385645	0.8283052431436044	1.2599097041608276	0.0148308294729418	1.3651402278789029	-0.339643413625238	0.0211757351553174	0.8980072439630118	-0.215373419965253	0.666679856665095	2.433431471959393	2.387752387407332	2.9941581560088584	0.7284511678806184	2.936325054507948	2.177648009376804	2.1132217199314685	1.5844620677411476	1.89436819670675	-0.1073455121202617	1.351355108926621	0.3950791920023364	0.1306680651030332	0.9221933623096932	-0.1281172683887487	0.5293698203489791	0.1501359413295161	0.4090825090748605	0.2723359090317861	0.4653245655315565	3.3382046570340083	2.047936386805677	2.288576467460942	4.059952184876416	1.6105290402111143	1.6153291136137151	2.1191083660518566
ENSMUSG00000041189.10	ENSMUSG00000041189	Chrnb1	UP	0.8011063011063011	22	0	4	0	9	0	7	0	1.0987231565991864	0.6334167469395602	0.6401733577446302	0.5884981093650935	0.6821014697294415	2.4841196895575806	0.5697475400608248	0.2690094982034935	0.6970859538182955	2.715126823362679	0.5697475400608248	0.0957510365725348	1.2122748769710936	0.3661132903532843	1.27848605279334	0.5108626345618876	0.7497201737843365	0.6119318429902101	1.6446262207408342	0.1165291844374954	0.6332742626506129	0.2264035080057078	0.4143801690564371	0.5864697534427279	0.556809584984988	0.1339032290454694	0.4619490601392143	0.6219194419848568	0.5980453248255132	1.1524685424246988	0.5674698003746852	0.2704260490097453	0.919481232933066	1.103050667269174	1.123252541397429	0.5038676429284875	0.2554669953663634	1.4954721581267432	0.1348494680738412	-0.194374148091276	0.1613105031863288	1.4258331853686634	0.2690094982034935	0.8273861006878596	0.1124234743246867	0.973911399386404	0.6970859538182955	0.4458726443326631	1.4694463237136015	0.0347015730091418	0.911218330346994	0.9187915437242472	0.662769693576236	0.8815486971405245	0.3953465336510616	2.0388136756204016	2.715126823362679	2.77067182000158	2.715277638648657	2.525057596993715	1.5563556922170343	3.0675345800589966
ENSMUSG00000037805.16	ENSMUSG00000037805	Rpl10a	UP	0.8011063011063011	22	1	6	0	9	0	5	0	0.5477374583345912	0.5798964399853146	0.6034042392146887	0.5799473647028275	0.3854336504854189	0.6221645789354301	0.6120729178776507	0.5477199620929786	0.3535077190735792	0.6185460491960315	0.5077915270895443	0.9919720019814552	0.7585707992367281	0.1893340143151834	0.6667459774143727	0.4725260730254015	1.0073339124125258	0.3433994630491198	0.867210808462151	-0.0055623549799057	0.4211886493402212	-0.5113600241048057	0.5277746984891317	1.309223421111816	0.3119715183794168	0.6667314643498349	0.6120729178776507	0.6035856451191224	0.3750004812028721	1.3494373181661137	0.880658490852354	0.1701081685886485	0.7236998621280102	1.118788653865103	0.70687582386266	0.4814313856339756	0.7454037619278934	1.048962090041405	-0.0174091917824331	0.5338511474770319	0.5477199620929786	0.7578324205982442	0.6477190256341389	0.5409560988584268	0.3326237690496231	0.6804576069172709	-0.1087209355954237	0.224583616610392	0.8701641638303966	0.2302522265214698	0.2903507393046571	0.4918395117688107	0.4463590797187521	0.3535077190735792	0.4283526581400799	0.3325633642773014	0.6185460491960315	0.5627795323501439	1.8178081084002424	0.6977151544334531	-0.4237813035130501	0.7495211474038889
ENSMUSG00000032399.9	ENSMUSG00000032399	Rpl4	UP	0.8011063011063011	22	1	5	1	9	0	6	0	0.4696804339060574	0.5006459478513338	0.5474193064554685	0.44831737660695	0.35570620852067	0.527278844041141	0.5976182829217151	0.4110400476328287	0.3504542124867962	0.5902518480698388	0.2928254868490108	0.7893562998975856	0.826304712570761	0.0729611660321988	0.919720571632852	0.5336223347034039	0.9130498113207448	0.4200047555838415	0.8291173707961453	0.1430932789136519	0.60633421802018	-0.3390519247700321	0.3691624233587698	1.039198224621272	0.4687697690000698	0.5846315716806323	0.1855071286643475	0.6560737027392075	0.307357569666036	0.7131299992911018	0.6696838123410275	-0.0258610902636718	0.8733184886529451	1.2198234808180195	0.792468727420327	0.3221011018355052	0.5976182829217151	0.9699716382773258	-0.1245343751678289	0.186864817033095	0.2623492565136127	0.7397589172377826	0.4110400476328287	0.6927713347218344	0.4128205988273414	0.4978667255082881	0.4597742364777037	0.2427147663127839	0.6642667090815444	0.0153131982042453	0.3504542124867962	0.3742353526363092	0.3101224868754345	0.2993982177404367	0.2858017895764867	0.7606555886225755	0.5902518480698388	0.4399791134838642	0.7840180767753678	0.7091991678585429	-0.1265167938861235	0.5333649073639215
ENSMUSG00000031352.11	ENSMUSG00000031352	Hccs	DOWN	0.8011063011063011	0	22	1	6	0	9	0	5	-0.5056203651084534	-0.6223649560261887	-0.5842182932348339	-0.5590612267479343	-0.5161209701805032	-0.3630809702705425	-0.665749817464851	-0.7517744416307808	-0.5789800945875264	-0.3507064738984859	-0.7476913146253353	-0.7019578345123305	-0.821581325740847	-0.5421880286485521	-1.0521615949867686	-0.4667806764285516	-0.8518119643864583	-0.3528667576007967	-0.6842504010018835	0.0952111499447192	-0.6824307268100172	-0.5250515712081044	-0.5950769383962193	-0.9945095605079146	-0.3110309872809706	-0.665749817464851	0.0480674764665441	-0.701845635355218	-0.5545270420518487	-1.2427791422123189	-1.0391302454955451	-0.0972343448368159	-0.9651999224760092	-0.5422292120484625	-0.6660666257473649	-0.2820054213285143	0.1689845473999232	-0.7517744416307808	0.2774785453612055	-0.8213615011383512	-0.4363415953685594	-0.8813395425362168	-0.7695968210808192	-0.5304932308420184	-0.9886406582863674	-0.6296141151016539	0.1078585565354158	-0.2965043162149499	-0.5789800945875264	0.1006904050316762	-0.6631727607811226	-0.5193553597144573	-0.8521835647211968	-0.2630313469278577	-1.0943974172174955	-0.3507064738984859	-0.135105981444697	-0.4854106596580256	-0.8473776208193625	-0.1699859221811517	-0.4266123737757045	-0.1263677601163702
ENSMUSG00000032766.10	ENSMUSG00000032766	Gng11	DOWN	0.8011063011063011	1	22	0	5	1	9	0	6	-0.7215215035772857	-0.7950748533530839	-0.7704544606260083	-0.791512621410211	-0.456715277040956	-0.8674036552319677	-0.7832471292433473	-0.8069025774628206	-0.5230520039508149	-0.89577515853765	-1.0788165003156682	-1.1314539100254175	-0.4578510118973777	-0.9704192002804182	-2.007003486240187	-0.2846092637850601	-1.3726471061966323	-0.5212484665807282	-0.7538143572796018	-0.3698225011359181	-0.7678110065972871	0.9715514132665062	-0.3774850122403714	-1.133304964609788	-0.6796292290158492	-0.8280720430866116	-0.0355229675574668	-1.4289166075804436	-0.5544199241308722	-1.1119393883572488	-0.3380166260426294	-0.2679626931207582	-1.37032881562068	-0.8212795590593978	-1.2745935052750712	-0.7832471292433473	-1.0536065748938988	-0.9079528369610528	-0.5543280800770699	-0.9545637051912051	-0.7106970987592173	-1.662919356243743	-0.8069025774628206	0.0567753048236333	-0.5271112802299545	0.3986155112415356	-0.4740004709431321	-0.1194061330513699	-1.0259898966712035	-0.3230540315809475	-0.5656701809280934	-0.5230520039508149	-0.6892713037546863	-0.4596021426427136	-0.7153261149391356	-1.0320296225263164	-0.7424550933656383	-0.89577515853765	-1.3231234996648529	-1.0068584724245682	-0.6730828350616987	-0.3985009050430488
ENSMUSG00000079022.11	ENSMUSG00000079022	Col22a1	DOWN	0.8011063011063011	0	22	0	4	0	9	0	7	-0.9548684553823674	-0.7998257729571858	-1.1880986713295028	-0.8173436917172322	-0.9187386245877598	-0.8952928338949747	-1.010524943507951	-0.6781651150457637	-0.7597632430216009	-0.8398883028927707	-0.8310678232323216	-1.992733737136132	-0.8411826871147225	-0.1100311601686313	-1.3202640266925492	-2.170914989996298	-0.9294040443236437	-0.6625975482294147	-1.759852196644476	-0.7210885122893463	-0.2786455780150515		-1.567862368960276	-1.7493824644300997	-1.358532196194806	-0.9559379577628304	-0.7701392401174405	-0.9496274191263692	-0.2827201940824935	-1.7405570651758997	-2.1180104897234666	-1.1420709410457657	-1.0651119292530715	-2.481007465620244	-0.6825372329688312	-0.5954097963835956	-1.813876389879296	-2.1554159074217787	-0.6781651150457637	-0.2872588884604825	0.3409699936912285	-1.8182577502407689	0.156432597942466	-1.279710772485526	-0.7597632430216009	-2.433968496062606	-0.6791265260851991	-0.0280060985140438	-1.5407266255330156	-0.2949762499219189	-0.7768187651368537	-0.3455302267165831	-1.715380606829218	-0.3929965614557126	-1.138831471188607	-0.8398883028927707	-0.5854353525761956	-0.5418717874953283	-0.7390705681166239	-1.0386512757528643	-1.064083870024462	-1.4580486804065778
ENSMUSG00000024330.18	ENSMUSG00000024330	Col11a2	DOWN	0.8011063011063011	0	22	0	5	0	9	0	6	-1.1972318578993635	-1.1131686347325398	-1.4508198654220996	-1.2921774056703939	-0.9316708670492185	-1.114259293455742	-1.4074035274073666	-0.778507665309518	-0.9276395477768572	-1.2986977216882225	-1.4074035274073666	-3.5185139972006856	-1.042232024096765	-0.0890915143157279	-2.6022750888306163	-2.2726439234477613	-2.3496228283190934	-0.1007813924635194	-0.9293103851471962	-0.5332182971904702	-0.8969107978176979	0.1808728547362754	-0.8881518878453011	-2.631407512363476	-0.4786184280232017	-1.2405961481838763	-0.9426169412595192	-1.657240548754939	-2.2890624508098667	-2.76114755226189	-2.4331974719975125	-2.21002873084417	-1.5396983498523495	-2.321953237793368	-0.0587068522803097	-0.561163283262308	-1.5974160493639766	-2.74624757153	-0.5224478752023749	-0.7211845235508538	0.8296184436813953	-3.756972100352348	-0.835830807068182		-0.9276395477768572	-1.1239254862003043	-1.510508195719977	-0.8125046791059138	-1.7331654276194426	0.0927645513584069	-0.4112021734904506	-0.4283264583302734	-1.685344750197852	-0.631546220147847	-1.0769811503108926	-1.7788954126026284	-1.528064901636315	-1.3019216991451377	-0.7354461434541856	-1.2986977216882225	-0.1196627747924082	-1.0371264008712966
ENSMUSG00000020130.10	ENSMUSG00000020130	Tbc1d15	UP	0.8006253006253007	23	1	7	0	7	0	5	0	1.0098688591538045	0.7738896233359334	1.3294698106114111	1.850884687108882	0.36055817388146183	0.49856276501346325	1.163877270521886	1.8834293737140908	0.239818386375246	0.3839019761499807	1.4687526255657928	2.234890773350316	0.0826815460349686	0.9282779052532572	2.757872603394719	1.2397783036977437	2.682186287618636	0.8938761950567778	1.3504986424766867	0.3363209301252162	0.4714312096966546	-0.1617241600442737	1.055604802102637	2.46332431710334	0.5179684598373512	0.6772714094944289	0.2659793035081729	1.8989088686724087	1.288009982156139	2.43864142713776	0.828281406904567	0.2025290839104253	2.8792090331837352	1.163877270521886	0.9049702689169816	2.049758151590988	2.976508239240789	2.1804822494393994	0.1942500391279286	1.8834293737140908	1.5972208270692163	1.8786885873796864	2.757566494077062	2.4645552389547896	0.1051193877516229	0.239818386375246	1.1054697143473935	0.1751418903738551	0.9256177220277848	0.0672635706887065	0.4761612017516293	0.2678679849762746	0.2953247089604035	0.1781470684462734	0.1302082769968898	0.7150232860904489	1.1962276567319254	0.3839019761499807	0.0801065680352526	0.7848629391159154	0.2708977365134374	0.0589191924572823
ENSMUSG00000042129.9	ENSMUSG00000042129	Rassf4	UP	0.8006253006253006	23	0	6	0	7	0	6	0	1.699980106766025	1.7507726238521641	2.236654724726489	2.6927218877173407	0.7023467077079583	1.168197106912311	2.22247099666124	3.051379324160879	0.6612786977369961	1.2790742510430884	3.47914156998308	3.483892940989827	-0.1523325954774456	1.336744740390218	3.517505877869487	3.0368305961571798	4.033253878126404	2.6969176637709515	1.9918265584316504	0.3241302405266013	1.0680196217015985		2.181065098618645	3.642427085131113	0.6560384976990028	1.769522205188189	1.2248377008558615	2.263876894703835	2.405489513931607	4.338739129204192	1.698100061395994	-0.2924545034431837	1.821703698028954	2.2867593558030967	2.063818191543856	3.213036162820224	4.064132658937781	4.788398775643066	0.0364997317057618	3.2085745097059752	2.1983140809878874	3.6852975770458976	3.051379324160879	1.880589214771916	0.069999752106583	1.502302390357347	0.7777247926648141	0.6612786977369961	2.3439965332378807	-0.0749270990318715	0.7910429482341618	0.4397034384672977	0.0649049872942833	0.2890682555967814	0.860719088123266	0.0334815974699136	1.8009354269951423	0.6177817225875734	1.41019896681768	1.7805818374463145	1.2790742510430884	1.2553259460264643
ENSMUSG00000011114.19	ENSMUSG00000011114	Tbrg1	UP	0.8006253006253006	23	0	6	1	7	0	6	0	0.5969184780817474	0.5507577106274529	0.8058452801371196	0.9274795804634435	0.23977574593237383	0.4145733057940527	0.7491291694307649	1.0469373757028526	0.1668647908411577	0.3523862518241409	0.4749561364351632	1.6027071392587218	0.3430216318872177	0.1791025232295614	1.4373687872015923	0.904254141508474	1.544435047784084	0.4816052613617911	1.314329652344424	-0.0151536088527424	0.2573251649495089	0.2270007203694586	0.5286602222799972	1.492458179353898	0.2004000469066643	0.7491291694307649	0.2756212173156988	1.3004548688299764	0.6329988088514149	1.3908073321123215	1.2173955204007083	0.1013845146380489	1.3776250677826862	1.218368909952476	0.9368826308769068	0.6857435706968459	0.898939906796566	1.465344474213732	-0.1285238752629458	0.9188668094463645	0.7082840352956427	1.271650843299776	1.209797400548682	1.0469373757028526	0.2092505794693308	0.3307887577513992	0.0926047739270209	-0.1008756877632884	1.1236518927775352	0.0153417838961854	0.2608863732627148	0.1668647908411577	0.3526202602788742	0.1122707361481119	0.0741289446670701	-0.0824051694483364	0.9033036855611428	0.2531244965746823	0.3963554977980086	0.8716946715807172	0.3523862518241409	0.2075537066680138
ENSMUSG00000056076.14	ENSMUSG00000056076	Eif3b	UP	0.8006253006253006	23	1	5	0	7	0	7	0	0.5876637484170687	0.5488560752978652	0.6479092852240723	0.653008245589238	0.3303966504211877	0.7193408124337767	0.5306366348568864	0.567075515738844	0.3289297759285284	0.6190924852447516	0.376238082976021	1.4771488652209317	0.5306366348568864	0.543072003830169	1.4908936464373008	0.5513778074419907	1.1022673373767866	0.4998821386755716	1.0558352616733393	0.0773642925128889	0.3236057897436589	-0.1708405054831677	0.2448292436942842	1.214235153233749	0.2715609786144024	0.5015761897766401	-0.0607417177368116	0.9891956776541182	0.2614981646228385	0.981708764310148	0.8125080535460883	0.0549160795026606	1.295959988108533	1.2310639137883737	0.843624806994694	0.4784630724384867	0.5156709772393692	1.2891446832130908	0.0430241555994009	0.4354951392183997	0.2260704960446116	1.366992945581844	0.643254783728476	0.567075515738844	0.4758862256856122	0.4196461141606589	0.1227434521609946	0.1313572041533727	1.1434050537929783	-0.0084507854510882	0.3346330867084255	0.3289297759285284	0.2062173312290437	0.1469258163308713	0.3330698799336673	0.5175556245238759	1.1433762859137453	0.6190924852447516	0.6607359731528547	0.9142878024046828	0.5950795809305686	0.5852579348659575
ENSMUSG00000028582.15	ENSMUSG00000028582	Cc2d1b	UP	0.8006253006253006	23	0	5	0	7	0	7	0	0.4397203081448896	0.43486572672312507	0.616249132046859	0.462622668764854	0.24135205284429534	0.43865737892355	0.4529514563303037	0.447664533609815	0.1717261597777912	0.4220669198364351	0.6592599019107847	1.2701195549569595	0.4435191431467131	0.4529514563303037	1.4484768206115526	0.2382276290117709	1.060564148272554	0.3426067391098143	0.4671903234340047	-0.0074432314684155	0.3272174537691013	0.0970557269167036	0.2400575595115367	1.21465167352832	0.0744889531279891	0.4408063874634444	0.4108344014875914	1.137168591171658	0.2996028494178415	0.8823458444494766	0.4502008369272371	0.1228879688172107	1.5422941589086	0.692024646783328	0.8896766022880601	0.6811999387504362	0.7607404866306156	0.7923190713154175	0.1522384797379868	0.4119000436764012	-0.1479175838917991	0.8354102686626652	0.7467438682434919	0.447664533609815	0.0982778692996509	0.1508281715640353	0.3969912934760841	0.1048333839739987	0.7787853801397119	0.1717261597777912	0.3493964906096075	0.4016190197489022	-0.1792699225136008	0.3756318223910196	0.0060529128200481	0.4924501316561076	0.7211429744463438	0.3175762489561228	0.4220669198364351	0.5336031716511123	0.3760532746780529	0.2077089312406754
ENSMUSG00000002981.11	ENSMUSG00000002981	Clptm1	UP	0.8006253006253006	23	0	6	0	7	0	6	0	0.436073831236544	0.33828275354446613	0.5427593101425701	0.43637987145132046	0.2721269064045544	0.493029236947731	0.4854256867644925	0.2934223800581505	0.2652311755153303	0.3831431270307818	0.2030879049272144	1.0805228100266262	0.6196819938665649	0.4313042846812108	0.9686742323077664	0.3310496941234461	0.8926039954162196	0.1849655942223245	0.9773040826592228	-0.029290142673011	0.2485830107479595	0.0932913471591764	0.3520387663149716	0.8186858546000997	0.2542812343792845	0.481692961523723	0.1411650494272514	0.9135651282817484	0.5563172450465524	0.8016825674396166	0.5010785149577539	-0.0303495916001891	1.016792313094256	1.071808368829637	0.8223692684688958	0.4661691988565781	0.4854256867644925	0.979055979763464	0.118782229825302	0.1886880094841053	-0.0452209329946854	0.9770980750743522	0.2934223800581505	0.5428333589485549	0.3509394792924221	0.3448297476855921	0.1003874387889058	0.2652311755153303	0.985817520164176	0.045379038336143	0.396792891073543	0.3175659061274329	0.0237407217968226	0.0481229718675588	0.1145890798021714	0.1338741508476381	0.9519667136201068	0.3831431270307818	0.4611851015221667	0.905283824546257	0.3167423894152619	0.299009351651905
ENSMUSG00000028584.4	ENSMUSG00000028584	Lrrc38	DOWN	0.8006253006253006	0	23	0	5	2	7	0	7	-2.2164278398641284	-2.2824920969783147	-2.385340354233114	-2.4308364676199887	-0.5628775255463935	-3.4866570120570173	-2.1368907126926455	-2.4280934812639843	-0.542783886477995	-4.146773094532978	-2.330115696920068	-5.018130508636644	-0.3706636264964719	-1.1953294699897594	-6.728871160065024	-1.8944545057956452	-3.195327189427088	-0.2618126808604674	-1.943665728465223	-0.2411541625671824	-1.0702019608614102		-1.0929125763236387	-3.877448704194676	-1.0475194328702229	-1.1328175107024785	-0.8137324126609305	-2.6328504680547367	-2.701862671391352	-4.201852895465151	-1.8696946874557012	-0.9930031204656335	-5.447107682982121	-3.2115166956078207	-2.5995432851506703	-2.330566518343582	-3.816693858307271	-1.6931225784391686	-0.3490426946412019	-2.4280934812639843	-2.5850264382588986	-4.10172444862828	-4.691903689139816	-1.166941942968572	0.2993878561190951	-1.9916900740308223	-1.152072561311971	-0.542783886477995	-2.1266443980675653	-0.1786808917190288	-0.6633573782966394	-0.8651980441620104	0.5844900338728534	-0.3728686120070028	0.8177651750707577	-3.099855173122228	-4.288723534355601	-4.432679049131592	-3.0777972562616607	-4.146773094532978	-0.6240530084271451	-4.736717968567921
ENSMUSG00000022428.9	ENSMUSG00000022428	Cby1	DOWN	0.8001443001443002	1	24	0	6	0	5	0	7	-0.811916593991687	-0.7871940224884215	-0.7655822549145492	-1.1561598087174256	-0.28720726254011547	-1.0387170497946576	-0.5864285644985242	-1.1328622269203747	-0.1934212093647289	-0.9879594804783188	-1.0931603570697026	-1.5766527959370276	-0.1135443613952773	-0.6072980635859291	-2.4549406948947614	-0.4460264895222501	-1.3473601236715684	-0.5333502118747618	-0.6753028083772381	-0.2203331421734317	-0.365944759691478	0.4405000583539618	-0.4228145323884839	-1.2277022109094282	-0.4100758105058589	-0.2748017609870307	-0.5737461724926937	-1.070366859459536	-0.9865633732971764	-1.4794603502275798	-0.5423588169917593	-0.0655281560466977	-1.774983084572163	-0.4364471835557885	-0.5864285644985242	-0.9290869804020208	-0.8969432765186229	-0.8911721861784812	-0.1919155223482233	-1.1328622269203747	-1.1881394458561827	-2.096828543276103	-1.5497898400514	-1.0424108963912146	-0.3698404824214513	-0.1934212093647289	-0.0711146433575018	-0.1421126109565988	-0.6458874208175276	-0.0822715289446197	-0.3880475592582368	-0.1623216478942774	-0.7787225468326257	-0.0042499291886186	-0.3212903089050838	-0.9299129012283468	-1.075700484905611	-0.9013052621536844	-1.368405123704424	-1.362850565019867	-0.644885531072352	-0.9879594804783188
ENSMUSG00000034593.17	ENSMUSG00000034593	Myo5a	UP	0.7997835497835498	18	1	6	1	9	0	6	0	0.6851901282841368	0.727324955279377	0.6608573461269878	0.8408208122732651	0.6670632042518292	0.5720191504844649	0.5329490705978053	1.0967400586306604	0.7774084068093554	0.6772415037493986	1.1813743372819665	1.8975857835273484	0.3488820105185953	0.4516242633107195	1.7767356497894813	0.5329490705978053	1.00264922385143	0.0498607318428169	0.5707180632644153	-0.1701519630265728	0.5139599892417387	-0.1663477272686855	1.2505705540835597	1.445180824665038	0.0150294014210207	-0.1525215338167853	0.1729772159630168	1.08850086569227	-0.4074186957796835	1.8210548278773069	-0.4142732588952318	0.0499731119147072	1.5644115448236824	0.4845241403063097	0.7092411300170436	0.5878659820119464	1.638192802213409	1.4085263800951575	0.4475336920751064	0.9981701823522526	-0.5497944541893696	1.3018908244080127	1.182679002541035	1.0967400586306604	0.151718882159752	1.268162328603656	0.8310134081854167	0.1676272158809381	1.137343651926741	0.1018167251529093	0.8338154296491458	0.8391578925396878	0.5641098509679778	0.7774084068093554	0.6655214548945411	0.3530403973991384	0.7694560763425836	0.6772415037493986	0.9223613061591605	0.2242017086893348	0.2237247555862609	0.8341083054653778
ENSMUSG00000049327.18	ENSMUSG00000049327	Kmt5a	DOWN	0.7987012987012987	0	27	1	4	0	10	0	5	-0.5828246858319956	-0.6048459430313291	-0.9204181735969214	-0.523805904493991	-0.5743178340209366	-0.3127568312161337	-0.9649062729911804	-0.6080265879502453	-0.6016652981124128	-0.2914033376916917	-0.6575483206730423	-1.5844638334747003	-0.5229065346772105	-0.2167015799107322	-1.3051022377169443	-1.0042057771003805	-1.102855027220776	-0.4694299948118469	-0.9851718071512264	-0.4321971988548151	-0.5932318905240268	-0.1878426493887201	-1.3078556270849495	-1.6810483692827438	-0.6095352813665895	-0.8195202531076032	-0.8456111959499593	-0.8939926266232954	-0.9649062729911804	-1.0703166325939846	-1.5258903618964663	-0.6678802745600976	-1.3517748513535794	-1.2903878567759155	-0.3811871208921048	-1.2277813958021344	-1.151945715331852	-0.6023593001268474	0.4404514822919618	-0.4333496642874972	-0.6080265879502453	-1.0568979031604118	-0.7440355169500599	-0.6624238412748371	-0.719768242196184	-0.474667182405251	-0.0386451745728354	-0.5668583561595152	-0.9484073625983556	-0.1987701466202153	-0.6818012639227358	-0.495491723789022	-0.7490220331966935	-0.8423993906570827	-0.6016652981124128	0.018969453617025	-0.2914033376916917	-0.3794356172799098	0.0064670432976206	-0.2281186550186852	-0.5370386091168492	-0.7787380963204457
ENSMUSG00000009927.10	ENSMUSG00000009927	Rps25	UP	0.7973785473785474	23	1	4	1	10	0	6	0	0.48578872843958093	0.48304391118173207	0.512674463407773	0.4239439985396677	0.4181647082712326	0.5883717435396505	0.5539228177061297	0.4121650046573344	0.3607629206469367	0.7233525633889569	0.3524659909493214	0.6105448316853725	0.7536867642591226	-0.4905389254336447	0.8983761748784852	0.7119418128297276	0.7746847319582428	0.3936828668362211	0.7742961206748619	0.1143820298214196	0.5709380444736453	-0.1271566660188531	0.4380506860153536	0.9725056458732004	0.4799162383591321	0.5539228177061297	0.4594032933396257	0.5245130539476761	0.3456429298087449	0.5904428122098048	0.6613987425541854	0.1131798393428336	0.6183286215083689	1.1790691086523284	0.7860385021372693	0.2647383772771315	0.5177560663641645	0.953667859639492	-0.0936142639296292	0.1773408403517666	0.3329807114480829	0.4121650046573344	0.6966055084524564	0.4884623291581707	0.4059509979135789	0.6142587420461993	0.2046887523794585	0.3607629206469367	0.6757492426873716	0.059656070647949	0.3274875708277521	0.4660013272756749	0.8602266877872581	0.2743034807702038	0.3507259980011753	0.8536905082066973	0.7233525633889569	0.5509601356275576	0.6441525250251274	0.81832064789047	-0.3716692813060431	0.8997951059447866
ENSMUSG00000030739.20	ENSMUSG00000030739	Myh14	UP	0.7968975468975469	24	0	4	0	8	0	7	0	1.1033484428090166	0.8251532568738993	1.1042056712822812	1.0622376821742496	0.6431399390003864	1.6038104787791487	1.0290746646545925	0.6212318490932062	0.6177323854988304	1.38863826633182	0.6644807352793067	2.1729593316211453	0.6597813195896662	1.2416462867274474	2.577699326352165	0.6990370336393675	2.140251645066916	0.9566261341792384	1.208106938872903	0.297508150893398	0.3733944329461057		0.1063196106055543	1.6825654402635437	0.1096332402521953	0.7803235524397379	-0.2532445970862297	1.7529552691476082	1.0883556703602035	2.0569110914008824	1.170919138333225	0.7988223966749843	2.135661928018061	1.2230655367514494	1.5870168618143554	0.9697936589489816	0.5087573202471037	2.355572788592988	0.1187349841468903	0.1953629131452715	0.6212318490932062	2.648621081029599	0.4554989685620245	1.040641190649768	1.0115453464013788	0.6177323854988304	0.7039025411096459	0.2845291882195702	2.3016119277515434	0.0918952753576169	0.9246960854506135	0.589598372406318	0.0683006228242327	-0.1647864535746372	0.6455140375591369	1.38863826633182	2.552807110206436	1.278807940540054	1.1491414345223472	2.3727403293902825	1.4050106141798455	1.0795276562832563
ENSMUSG00000028195.5	ENSMUSG00000028195	Ccn1	UP	0.7968975468975469	24	0	4	2	8	1	7	0	1.04240165225063	0.8758865108473513	1.1429680118107894	0.4354461119589303	0.7157037392784912	1.875488745954309	1.072118558704557	0.5496140966194252	0.6796544629901455	1.7577523244523128	1.437291361490071	1.1316136645028327	1.072118558704557	0.5539459572874023	1.484552837398756	0.6879859300091716	0.4769305971450246	1.0272474022465048	1.612894390870108	0.4889565650765156	1.503183810311559	0.190996638030506	0.9752933523290164	2.6333331340216923	0.9467455201705184	2.0456022337259747	1.054418885974189	1.4553961487675229	1.3552761335843957	-0.0689425140762071	0.5031068473326871	0.6332865762543479	1.653733052662791	2.5203112194121857	1.4946140773442045	1.0721705119122509	0.9180734264027348	-0.7216277695656559	-1.0908748739272327	0.8336110990032433	0.9232509968515348	0.5496140966194252	2.439796783037345	0.1143524516938523	0.6042655732226531	2.1287633514528177	1.2539137174260682	0.8930468976906825	1.7337004895108996	0.0138463303302087	0.6796544629901455	1.0116156391054554	-0.8382395927109157	0.2775495762005445	0.1146246868448427	2.1006231798984207	2.381145241304075	1.7577523244523128	1.3836024959087376	1.1838907292157943	1.171939388414454	3.149467862486368
ENSMUSG00000030880.15	ENSMUSG00000030880	Polr3e	UP	0.7968975468975469	24	1	5	0	8	0	6	0	0.5111138430848151	0.5484102174458405	0.6803159355656093	0.5738937688539627	0.3287590353228158	0.46148663259687256	0.5938915542723587	0.7726396406435917	0.3617132510929155	0.5029288806193224	0.8930434309869605	1.0492281360546474	0.3659993424072151	0.3728968815543023	1.8412058149977608	0.6125542950966929	1.2833295234261697	0.5491218817699383	0.6822505245482737	0.2293608932641573	0.5639360172932207	-0.2368681688888148	0.3553791550318378	0.9753876066986816	0.3160684696761083	0.5641477976403027	0.4415766739032712	1.1781427383897782	0.922823829926875	0.9415510609616424	0.5938915542723587	0.0591877764093109	1.66043627162581	0.8203415797916274	0.7768834594428841	0.4604914163418873	0.0961622976485498	0.7726396406435917	0.1924184922070599	0.2078387613373678	0.0742978423260767	0.9555946033191476	0.989099799715316	0.8253672424291797	0.2870331889729447	0.1064184739788193	0.4606042481967846	0.3617132510929155	0.6029633106293113	0.0348105793300966	0.3882404638783448	0.611515919152783	0.3814016482545395	0.1643549736277026	0.2172933314367321	0.6774614351171179	0.7727954117248435	0.324745523762816	0.5029288806193224	0.6309277022603051	0.1441310779933494	0.1774163967003533
ENSMUSG00000025421.16	ENSMUSG00000025421	Hdhd2	DOWN	0.7968975468975469	0	24	1	4	1	8	0	7	-0.5085157969760001	-0.5873408022862726	-0.6178218644197815	-0.5880228667259949	-0.3190694059216533	-0.509149050836571	-0.6308017076807445	-0.614871755579858	-0.2686921138197864	-0.5598098489926873	-0.8567563796241092	-1.0772951771185693	-0.2194500609558886	-0.273409948254686	-1.1042791427801004	-0.6057969947245463	-0.9804087166424886	-0.3377819261644917	-0.6855942447043726	-0.0820787636280425	-0.3512400647826762	-0.498504874176193	-0.397802370657591	-0.9558039844574252	-0.1185842416487419	-0.6308017076807445	-0.2106777123164664	-0.7309508700583975	-0.4721276214160409	-1.0218029930053047	-0.5803757494795562	-0.1475235415690945	-1.177007944168901	-0.7079832161787427	-0.8226914600043822	-0.7334788162605677	-0.9009818168759814	-0.4783182568947281	0.1371724829669144	-0.8325347486868515	-0.614871755579858	-0.7433232410003642	-1.1712888159915955	-0.4129957318954814	-0.4728556357506043	-0.9220213879042404	-0.1969703620259802	-0.1852475149946013	-0.666936224394197	0.114057466507924	-0.2686921138197864	-0.273316044603007	-0.1877965889050177	-0.1564691762222984	-0.2935158830263777	-0.24158460365692	-0.5828029240256221	-0.6828310508256263	-0.6959542231949318	-0.5598098489926873	-0.4415707284587805	-0.3594899767014295
ENSMUSG00000018339.13	ENSMUSG00000018339	Gpx3	UP	0.7964165464165465	25	0	5	1	6	0	7	0	1.133879330546204	0.9022230545840175	1.2969747754371381	1.0680119125827263	0.580765552498926	1.5897650816660263	1.1813499768510636	0.6230961323169714	0.5748465538997818	1.3933785961595804	0.9228191689069352	2.065238351373225	0.6376493260856918	0.8424828103015651	1.149648257385353	1.582108148455436	2.145020144175749	1.608142123038717	0.953125284390186	0.706702896482693	0.602680945031406		0.9093150284639636	1.6407450834166022	0.9658214803006588	1.183331692429399	1.0591656906443814	1.579134651161786	2.1611707621886054	2.4402615254112128	1.8683338804178389	0.7287812745195283	1.268594240417362	1.429358526765048	0.6777929890158363	1.414551619313694	1.1793682612727283	2.6349824108662903	-0.2418849360463144	0.6230961323169714	2.25995118744877	1.6712632880982523	0.5882689232852039	-0.0595936178900896	0.6524569236230363	0.222783216099422	0.5748465538997818	0.24552305988235	1.0724661558410336	0.0476372968883984	1.4266899638351067	0.0827742484822633	0.6952891587076905	-0.1407904218961806	1.508744922125284	1.2016911299471231	1.2534672591440177	1.8411360064107287	2.297817682466317	1.3933785961595804	1.0173569609917363	2.123507936542679
ENSMUSG00000074818.14	ENSMUSG00000074818	Pdzd7	DOWN	0.7964165464165465	0	25	0	5	1	6	0	7	-2.095886650708124	-2.3366487962108007	-2.1712479918466516	-2.290747521048442	-0.8559870285830993	-3.0655640613543023	-1.9838643677691743	-2.6894332246524266	-0.6852887704141399	-2.983991549287549	-2.0354616994465853	-1.960105986510121	-0.6684136555839966	-1.388758997698431	-4.979977172117716	-2.297237252816732	-3.692933802140228	-0.7851305654704884	-1.965182112626238	-0.8454447639992471	-1.9838643677691743	0.1729330003975702	-1.2135236636450744	-3.622367857194399	-1.4741903800254776	-1.790747706976639	-1.2270612827069771	-2.802332762354286	-2.856129171899754	-4.056947232093749	-0.9290028494709804	-0.8123631736574132	-3.110503008608007	-3.5409706904907927	-2.307079268771137	-2.3800232135756603	-4.070876142607849	-1.615923765454431	-0.1116962274605793	-2.4792663277883333	-2.970396446232189	-3.667602237838597	-2.8996001215165204		-1.0558273899371835	-1.9931214716927488	-0.709822333314224	-0.4958487751811713	-2.0918524049873137	-0.0648358174782782	-1.1912417112185367	-0.6607552075140559	-0.5833028691737904	0.2867376946663089		-3.918619199586163	-4.568145459294144	-2.8147343415056003	-2.983991549287549	-2.318107921219635	-1.064841820918502	-3.7905081376685232
ENSMUSG00000022346.18	ENSMUSG00000022346	Myc	UP	0.7964165464165464	25	1	6	1	6	0	6	0	1.1327691488952647	1.3252823582106443	1.4116688153632537	1.2720185280022331	0.6145392976524391	1.232849954563132	1.4869313165657148	1.6103551078914229	0.4899971740090459	1.1636333998555737	1.3770123054150536	1.9610653913305287	1.2022859023988046	1.1734196877816512	1.8252388840455485	0.7347240771285788	2.473978931349308	1.4869313165657148	3.086749017115963	0.5806879217193801	1.0871037081482324	-1.5820819818764245	1.46745175575868	1.6623511180116126	2.246140102380041	1.237923467314593	1.0948558366865946	1.5615939874387343	1.0458922572041078	1.7233980264532216	1.4634092587098642	0.394939698950863	2.085145775861053	1.4908825642601933	1.8102724628896276	1.80103245578969	1.6226540859766434	1.8074198239732573	-1.2238359703425434	1.976364080890321	1.4676772159852394	1.8194989352882616	1.4466505023296738	1.6103551078914229	0.4899971740090459	1.5313475450641028	0.3762751830920089	0.572905117884563	2.0057581538852456	-0.0260155689585725	0.7951791260637202	0.2195694990879954	0.6067841185912974	-0.2493237518725937	0.4374556773300165	0.919599452477656	2.120901977344503	1.1636333998555737	2.0614988296753958	-0.1243988611211212	1.952137188081368	0.5365776956285488
ENSMUSG00000029415.5	ENSMUSG00000029415	Sdad1	UP	0.7964165464165464	25	1	6	0	6	0	6	0	0.6600430802201573	0.5763871643594596	0.9826077839216959	0.8434819944250265	0.29817887703319373	0.5159036655007132	1.0022545317306395	0.6576030807309217	0.2065364612972567	0.4951712479879975	1.0842759904138182	2.336041881776979	0.3915281725080834	0.5000377072420377	1.981453199497383	1.1188470383852522	1.7761972267825126	0.6400950422980631	1.0022545317306395	0.1449037307206457	0.7064073517972345	-0.4547159908350648	0.5903441219407205	1.3307288546557885	0.4038729966149905	0.6647341448279963	0.538537684189125	1.378162848267284	1.1312429135101565	1.6767731762144662	0.9773912304379312	0.144081220739353	1.9899392446900304	1.1284194074629423	1.089551510187801	0.9635259140141538	1.295779015815471	1.421329066463644	0.0258299231024414	0.6576030807309217	0.5544146929563573	1.7425100796021329	0.5596669876744856	0.9430201304452032	0.2065364612972567	0.3651808715514819	0.7519895464562468	0.02997858974981	0.9722843337872432	-0.0128376757080483	0.3632680284872688	0.3072516320184959	0.1565961546556464	0.0698852057690511	0.0698344993006785	0.6239249932204649	1.058763239523728	0.4951712479879975	0.2633550642605415	0.6792372701808896	0.3756802625038632	0.1151935808275069
ENSMUSG00000021431.17	ENSMUSG00000021431	Snrnp48	UP	0.7964165464165464	25	0	6	0	6	0	6	0	0.598940622837786	0.5837237975740613	0.7576697035269485	0.8105502878574836	0.34476566157542315	0.48277683839128915	0.6756786523587712	0.9129809814401346	0.2254642213778341	0.4917689427893515	0.6506162053982717	1.963490291149285	0.490368973487202	-0.1489616882656857	1.411362720053136	1.2653178588373284	1.29028858601035	0.5813449098708927	0.9656651445737618	0.3946934476498587	0.4371514721192659	0.2150971578228701	0.649632877634592	1.0549366250378394	0.1805161345478735	0.6756786523587712	0.3984785985263416	1.04988601758854	0.7291335288179785	1.006865447143395	0.7678852630325121	0.0550235886800531	1.5715595468647985	1.078052550683376	0.908720110026264	0.2860225642966639	0.5282554112820769	1.129391334757739	-0.0649500855519299	0.5388124688018624	0.4949675550452209	0.9129809814401346	1.1365334591415162	1.526116301367842	0.2312742191953319	0.0466330836731185	1.992159817680346	0.2696581596149543	0.6010346326203705	-0.1912719042560942	0.0979391162173941	0.2393259410950694	0.1815458622840455	0.0986591278272846	0.2254642213778341	0.4917689427893515	0.767752729986497	0.5467909035581823	0.1744641503727916	0.540059144070805	0.4065991480107102	0.4520028499506865
ENSMUSG00000060036.15	ENSMUSG00000060036	Rpl3	UP	0.7955747955747956	20	1	5	1	8	1	7	0	1.1249880040601314	0.9554169745862138	0.8722004516687754	1.0301416874887217	0.5473308588575543	2.0502790182254746	0.7427584472127877	1.1680755019596398	0.2838035387166983	1.95512492106591	1.5166164345524775	1.7520240620658452	0.7323222488603086	0.2481745270604806	1.0225571582093518	1.0586123736281965	1.3220035172777158	0.6221564065593999	1.783802025037219	0.082257003540196	0.1537562804339835	-0.6288362339310124	0.6581235034496953	1.7675157256151948	0.5251436387004645	0.3770646463459478	0.7427584472127877	0.5981269674424601	0.0118155611000823	1.3912883395462188	0.6711529112966939	0.0634712988874887	1.0802480769321805	1.6862452085474933	1.4511033042905772	1.1314186464770033	1.728490115918485	2.267876566495677	-0.2235712452458592	0.8658901085726891	0.3164089311530184	1.54881553482053	1.1680755019596398	1.2674964146653565	0.2838035387166983	2.0985939799332574	-0.2091801330974562	0.4044059291887966	1.9867085711627843	0.0075975678067186	0.6483571531931841	0.1632577932611345	0.4570596282629056	-0.0437744827662704	0.2238099017713442	0.9948196821107812	2.4982388745191155	1.7553020083522954	2.70357932983023	1.95512492106591	1.0273255527868208	3.4175627589131703
ENSMUSG00000097392.5	ENSMUSG00000097392	Thoc2l	UP	0.7955747955747956	20	0	5	0	8	0	7	0	0.6232231478309861	0.5190427796713663	0.5675266432635726	0.661614525205431	0.4047245634624552	0.8590268593924856	0.4310306857874991	0.6070548735552335	0.3410773500166615	1.0316962988888765	0.8517265194678353	0.2869020608182102	0.4325709984697831	0.4310306857874991	2.0370443095091137	0.0839370434527673	0.4963883084321027	0.5414643922852003	0.7945634411679722	0.1472385052699513	0.5934451835458334	0.2455239781541856	0.2585855900252698	1.0023615461253723	0.1391856535814079	0.1828030751989808	0.3160475552610348	1.1527663393493826	0.9182032685238706	0.3426411962475965	0.3958675162897165	0.0751724363983772	1.7238667660801432	0.5232670357176137	0.7080049782194158	0.2916745640547145	0.3509364206831126	0.8877653595897684	-0.0715663968960082	1.1079578601229951	0.1944184893372083	0.4250789062413387	1.48059258448748	0.6070548735552335	0.1568291316009564	0.1091570911303772	1.314468117243583	0.3410773500166615	0.4905270847039258	-0.0895660790887187	0.6813035919128215	0.4987709070217431	0.6000499052917808	0.1158334599372674	0.2335196383166093	0.684217915718286	1.1913275446513734	1.1162833927945304	1.0316962988888765	0.677836855759588	0.2791921557754464	1.0326338521592984
ENSMUSG00000066036.15	ENSMUSG00000066036	Ubr4	UP	0.7955747955747955	20	0	6	0	8	0	6	0	0.5942279809422887	0.6205906203460059	0.6846474165415162	0.7648526274951359	0.3365207915811484	0.5908910881513542	0.6210836718472142	0.8162815555599917	0.253288162535324	0.6200975688447976	0.7814104279091076	1.1281385938185913	0.1078795401212705	1.0658700331816473	1.916449252068724	0.1912462789480871	1.1954048041206973	0.3909597936603114	0.5230189336384589	0.1715844914076981	0.5278653461116296	0.0243097011750672	0.074432963397971	1.1935728059812063	0.1242539697000466	0.4169377727193151	-0.1420278210007563	1.3410834500609243	0.6484144096561897	1.1352634902902417	0.4495234710760537	0.1781016687425152	1.9959109095294163	0.6453240667164405	1.1362517856054632	0.6210836718472142	0.643216436137409	0.8162815555599917	0.0009538812788460496	0.5941323429075833	0.5708159979954947	1.3448597301487275	0.9663621607470878	1.0605627238282205	0.2664467714248548	0.0119297290467817	0.3951370770730867	0.253288162535324	1.0837276027541345	0.0314209847110249	0.6484053437267868	0.5547026809761546	0.0860518956415472	0.2100658598563665	0.1605525996465708	0.6200975688447976	1.0816329788273238	0.4245855359253863	0.4775170628939832	0.6785453311594795	0.7259631275711537	0.1278960118373559
ENSMUSG00000057421.13	ENSMUSG00000057421	Las1l	UP	0.7931697931697932	25	1	4	1	9	1	6	0	0.4174130864022283	0.31188591684701594	0.6489582254124313	0.4204729366389462	0.29111467219445775	0.3091065113630779	0.6454114861707494	0.3254360515442463	0.2983357821497856	0.2651823490607753	0.3727517993891687	1.6217751021061446	0.2975331259515468	0.2919063795100203	0.6901998462121988	0.986340519684522	1.077673839926603	0.5027187492396877	0.8680337820520355	0.2952977488991293	0.3424895625155753	-0.785126862119738	0.4298411586522875	1.054261671974995	0.4976533546965109	0.5715216643813961	0.2074366019593652	1.040578258882931	1.0250360032201211	0.8275418517790021	0.7890207452172734	0.2803189328163629	1.0193433711270043	1.073894167966575	0.5879179499419322	0.6454114861707494	0.9105012739822445	0.9728975156941853	-0.1685281111562402	0.32621395619747	0.2909451543210716	0.9205429564305836	0.2758030334413063	0.3254360515442463	0.4729271241812137	-0.4151722593703915	0.8045983974074499	0.2283353691657615	0.4494248215031947	-0.0373588415850005	0.2983357821497856	0.1839688886559056	0.5224651891726433	0.2412608773017803	0.4534760455566929	0.6373729312829874	0.4460850931454398	0.2713548040343214	0.1423883888607384	0.182815161651256	0.2185468515060263	0.2651823490607753
ENSMUSG00000030045.11	ENSMUSG00000030045	Mrpl19	DOWN	0.7931697931697932	0	25	1	4	1	9	0	6	-0.5626179458054456	-0.5908031010015341	-0.8413447198588621	-0.5486570139651898	-0.54845714336747	-0.3120129060302603	-0.762580314585239	-0.4932433142909942	-0.688362887712074	-0.3608553386271722	-0.5882417306131699	-1.6203827480763109	-0.6191400354755965	-0.4420031630165187	-1.316045176163765	-0.853934724633503	-1.3580272365269022	-0.5046647269852605	-1.170828265133664	-0.1840919762814366	-0.7103985881336657	-0.2479181538572813	-0.6914635457363845	-1.4197623766217	-0.3226772388522113	-0.5279165000086429	-0.4577812978618639	-0.9288135181332272	-1.0965002323817423	-1.5351066830176692	-0.9630232430729644	-0.1052447585975214	-1.7029353053204517	-1.0568686295584124	-0.7234258450875054	-0.762580314585239	-0.806531422456664	-0.734785304456761	0.1891991944205178	-0.427887890459763	-0.8230967334062266	-1.21086437275397	-0.4932433142909942	-0.3399206768091317	-0.9313916999668432	-0.9240495944631264	-0.5023900398741435	-0.2122996807129296	-0.688362887712074	0.2360680521031817	-0.7128782630815617	-0.4693402872554918	-0.692267333181352	-0.3682598313763239	-0.7678570115215059	-0.3731631569027087	-0.2368555545027413	-0.3628282683255036	-0.2843902570254515	-0.5812219841774977	-0.3608553386271722	0.0152242173492532
ENSMUSG00000002032.18	ENSMUSG00000002032	Tmem25	DOWN	0.7931697931697932	0	25	0	4	0	9	0	6	-1.4033769077760545	-1.33427948196437	-2.036358419962678	-1.6859558222974684	-0.7498495496794969	-1.1413438391645747	-1.7149582768402225	-1.431458880918924	-0.5866632338701725	-1.237100083009816	-1.5537540656156084	-3.6816423098070943	-1.484979823613488	-1.2229152472334082	-4.655388960942648	-1.4954897969411245	-3.350704638725451	-1.1391423740731466	-2.421665208009242	-0.3407412026308252	-1.285414119391904		-1.2986958204172738	-3.0781131197605327	-0.8801275554789505	-2.010168205233262	-1.2362653468133844	-2.29555147954452	-1.6495443675073551	-3.7064603554411057	-1.9705928110799416	-0.8615648605388933	-3.8678671818796624	-2.383177877250488	-1.8730111509164225	-1.4219688540108026	-1.7803721861730897	-1.3271410743617444	-0.0075483542165509	-1.8170255012996983	-1.431458880918924	-3.4652016439933955	-3.3234432819695128	-0.4298720193224544	-0.3311642097068663	-2.4029063893214184	-1.0572723051382429	-0.1606940261181647	-1.3874993331925585	0.1779073619426605	-0.7971294815467442	-0.7509524164875538	-0.5437395560053825	-0.4082314570300222	-0.5866632338701725	-1.237100083009816	-1.801015435541598	-1.2727378273552274	-1.0404347212810492	-1.387458108366905	-1.053026956096635	-0.1976337425007932
ENSMUSG00000026389.17	ENSMUSG00000026389	Steap3	DOWN	0.7926887926887927	0	26	0	5	0	7	0	6	-0.8453477460771571	-0.9006130028064956	-1.184426877890163	-1.0933076977971934	-0.4568527526697372	-0.6468036559515352	-1.1143590693913568	-1.0980427033484077	-0.4134932625375253	-0.7031833022645836	-1.464212591027522	-1.715064276645268	-0.578201464572942	-0.4322353430722732	-3.171816187142537	-1.083211653517853	-1.6010492548937003	-0.687398250090402	-1.272218662560413	-0.3452062409147007	-0.8969180799340134	-0.1350707096786097	-0.1423314485599782	-2.062644672738583	-0.6859504094051847	-0.6365994574184693	-0.9608481870962624	-1.7491191643820447	-1.5108386698084086	-1.1143590693913568	-1.2332411256997973	-0.688139524470623	-2.474792889146628	-1.3854145622129166	-1.2448276351044598	-1.0292044356218748	-1.6786117379275791	-1.0980427033484077	-0.1418705503632291	-1.041473387688164	-0.3087082087915655	-1.7448229223884344	-2.110186696369311	-1.2080494156312418	-0.1727012107958998	-0.6368352073931003	-0.8361957482528979	-0.3704377252818916	-1.2764841632798525	-0.068261472414564	-0.4134932625375253	-0.6298188241779575	-0.1766390880928409	-0.5217306330324479	0.0772170558918684	-0.936077430496824	-0.3131457119248284	-0.3972830733628187	-0.7031833022645836	-0.730370357490798	-0.2001757314176774	-1.2473899847032164
ENSMUSG00000020439.19	ENSMUSG00000020439	Smtn	DOWN	0.7922077922077922	0	27	0	5	0	5	0	7	-0.7415071940371112	-0.6203402775338085	-1.0741705814602012	-1.0510960355116445	-0.31565505204893207	-0.5251071071276668	-0.9180723443618368	-0.7694324712562856	-0.2903930604194296	-0.4712480838113314	-0.7819740781943323	-1.8909629815125544	-0.5453026686055034	-0.4355877599752202	-2.31136410694265	-1.0601593686426782	-1.760686505203633	-0.5270952334905373	-1.0414749355718826	-0.4512201087832326	-0.9180723443618368	-0.6243043543375735	-0.7420702535300876	-1.1055812455871354	-0.7966697441116093	-0.7832441349221513	-1.0229953229863955	-1.6426143011253789	-1.3081974898084354	-2.024734625687544	-0.7940916662478015	-0.2911021463612036	-2.079973801777359	-1.376180133828563	-1.0041005245952992	-0.7808627453936882	-0.9019831178411502	-0.7694324712562856	-0.2582194770108373	-0.6053201260691485	-1.7258557437759772	-1.6139996696254697	-1.738630416187371	-0.6462143446564228	0.0558306002433968	-0.3326743809795029	-1.0209539124457163	-0.283742397958147	-0.7701435524107667	0.0431166455011948	-0.1583335335319646	-0.4170356868131508	-0.2903930604194296	-0.366454734651566	0.0685784409273999	-0.991490680236898	-0.3966264337866923	-0.5698327685837923	-0.469358750667157	-0.4712480838113314	-0.2480946837034873	-0.5290983491043098
ENSMUSG00000032579.15	ENSMUSG00000032579	Hemk1	DOWN	0.7918470418470419	0	21	0	6	1	9	0	5	-0.5616281104449538	-0.5944296021805322	-0.6920342624536273	-0.7921194788557555	-0.4848819486313393	-0.2774767518390929	-0.6104950376523026	-0.9754330127111656	-0.5783641667087618	-0.3095073558957238	-1.2276767802118544	-1.450253255901779	-0.1862312925866698	-0.4672834424762449	-1.5841585522052355	-0.566533044620402	-0.7253644120437182	-0.0384743000341881	-0.5856654088904029	0.063329685861919	-0.6104950376523026	-0.8783066680222502	-0.7498257131940078	-1.25128084038091	-0.3519636434283346	-0.517539095124595	-0.1369739955978574	-0.9423159542008552	-0.7107671156547762	-1.593845437326355	-0.1809249523651072	-0.0784847088674325	-1.1927072619637606	-0.6682516082050359	-0.4431950868616954	-0.5554332253644826	-1.0543039389296025	-0.6089155531304492	-0.1660926076241413	-0.9821774047813602	-0.6675712332249046	-0.9754330127111656	-1.1129339015783877	-1.03171263893988	-0.6443596255236205	-0.8284246593867158	-0.4473431648681372	-0.6941874327018807	-0.6950711155150664	-0.0797217372977125	-0.5672829594107491	-0.5783641667087618	-0.7233042794576656	0.203772736444704	-0.279415030519127	-0.2506039290655711	-0.3309959328046032	-0.3095073558957238	-0.5499293003396186	-0.1424214830946869	-0.3371986860836668	-0.0216805755897801
ENSMUSG00000055027.18	ENSMUSG00000055027	Smyd1	DOWN	0.7918470418470419	0	21	1	4	0	9	0	7	-0.8122985304190117	-0.8176901805728568	-0.6894956705702235	-0.8331763657555217	-0.5109390728129444	-1.215583012537357	-0.6794272079204056	-0.955953153225308	-0.3472286371295484	-1.3482698657857943	-0.5791610919148413	-1.5267568990003615	-0.4606654332833229	-0.2249497505122661	-1.1777415565518106	-0.6532427551936604	-0.9271458488907378	-0.3262436718672244	-0.964865135445646	-0.1717971000397537	-0.449269023069605		-0.5254575121597084	-1.3555447416061903	-0.1224408258304008	-0.4392849439563019	-0.0471078360471275	-0.7056116606471508	-0.9253407135418156	-1.3245900192594946	-0.7648656464710931	0.006010468206112	-1.2469344423215	-0.8020327891805401	-0.7349095649894748	-0.6265316826619146	-0.8504072585899801	-1.1781208738163669	0.245921576905362	-0.3130259088943449	-1.4066987551794667	-1.2944764653929677	-0.955953153225308	-0.9298809806855594	-0.3039606748750377	-1.264587674045313	-0.7512051471031924	-0.3297284707859158	-1.0817288534093026	-0.0488882225503918	-0.5638930402081863	-0.3472286371295484	-0.4791679786921647	-0.1149144973167173	-0.3350266048266186	-0.8295182486414159	-1.1849713674295024	-1.3482698657857943	-1.384251984583689	-1.770398927795515	-0.5848441834775733	-1.40682651004801
ENSMUSG00000032253.14	ENSMUSG00000032253	Phip	UP	0.7913660413660414	22	1	6	1	7	0	6	0	0.5866982226335472	0.5723116353163188	0.6918080418681107	0.598323593307603	0.46914894771230675	0.5875123076461684	0.7536206726342634	0.686998981971077	0.2943686518177555	0.4576242886615605	0.8855080533409347	1.1129982472761235	0.1698467799028508	0.2974513296236685	1.1319434677953484	0.8320673557011076	1.581989716114233	0.4837923891476542	0.7874068320162818	0.1786034562598805	0.331245620001641	0.7536206726342634	0.3975765849053345	0.8166931846599896	-0.1523549500719824	0.5608533358581228	0.4460293530637283	0.6576442025745136	0.8023498229793402	1.2070666115360724	0.8307139349801436	0.0490993294175234	1.2063270175784253	1.1543332698279103	0.6134149452821012	0.8421315793098596	0.70046498872392	0.5626117397280994	-0.2637428161674445	0.5310711144832835	0.919570274420133	1.0471406955261529	0.7046151631919202	0.686998981971077	0.2943686518177555	0.16965120407757	2.081950056033617	0.0792558424277041	0.9600532104133768	-0.0164188903652196	0.4718362772035705	0.3568701952161673	0.5625973642692227	-0.0498467476074173	0.2503212613490269	1.017168885364377	1.034271443670593	0.4576242886615605	0.3301258574130649	0.7542333091078084	0.3700998469433416	0.1490625223624334
ENSMUSG00000040842.18	ENSMUSG00000040842	Szrd1	DOWN	0.7913660413660414	0	22	1	5	0	7	0	7	-0.43707849128775456	-0.4851622621097585	-0.5439275529361561	-0.4575427082312588	-0.27341183666353597	-0.4734318673200676	-0.5207939018440997	-0.5595637049029873	-0.3847362022725086	-0.4495306223754173	-0.4955739966709717	-1.1643228613484324	-0.0227650700772605	-0.2462404493540105	-0.5207939018440997	-0.8050495996604549	-0.7575588639389585	-0.2003955444884042	-0.7568120066163709	-0.1324324893906379	-0.3349312104489748	-0.3459031198105631	-0.5472473938694004	-0.7965714832689467	-0.1065039168824	-0.4754172655357404	-0.180846791053946	-0.5644167246220915	-1.2290077476556749	-0.9657391001627388	-0.9802663591167198	-0.1140662424379936	-0.4041280738152944	-0.8458612364975081	-0.4699147716510262	-0.6313135582391112	-0.5919641508184835	-0.5595637049029873	0.2049211421147738	-0.2167848648285959	-0.5680058855167552	-1.1406694583485508	-0.3209925954913021	-0.601703590645394	-0.4025208839105271	-0.466722426393703	0.1025626081048772	-0.0218198658275497	-0.5981900956435743	0.0463266678870206	-0.3847362022725086	-0.1756677105865388	-0.6709970004324223	-0.0195590280765234	-0.4162062661474461	-0.4232093712903124	-0.3426103703823357	-0.5110501935879926	-0.199870693429655	-0.4495306223754173	-0.5192700057888079	-0.8684818143859526
ENSMUSG00000058173.13	ENSMUSG00000058173	Smco4	DOWN	0.7913660413660414	0	22	0	5	0	7	0	7	-0.7981281900328521	-0.7829662369447257	-1.0205368132190151	-0.8972627723864293	-0.5361180796035072	-0.7385950949224565	-1.0466336169296129	-0.8533595323302977	-0.580901938194515	-0.7125729415591537	-1.3453148382037874	-1.2078239225416785	-0.4133481195899571	-1.0466336169296129	-2.4486972388814823	-0.7647518634459171	-1.4455714045215902	-0.7324036476725676	-1.507923768973052	-0.4060700510342112	-0.6676865857906833	-0.1048270379720149	-0.5795538168335218	-1.903949167612241	-0.8072876233458751	-0.8491129793988089	-0.2115576178896705	-1.425281127144123	-1.1296355393399118	-1.1225739866487032	-0.4742784773633988	-0.2142053961666209	-2.242245730009193	-1.219654212409332	-1.114836088684677	-0.6952779487422681	-1.4739921497685062	-0.9587701674249264	-0.1735461032680719	-0.8533595323302977	-0.7114120183005749	-1.8374307743523397	-1.021675955983408	-0.724644855045386	-0.9536393126098766	-0.0943912497790487	-0.580901938194515	0.1828663469111268	-1.3999648146081505	-0.0839822904117604	-0.3119159661151164	-0.5356432535007888	-0.7522513997519019	-0.5957260407102106	-0.7717489568683378	-0.8517040780382571	-0.7125729415591537	-0.859886854174885	-0.870020640466905	-0.6961983435981605	-0.5227864944029028	-0.6569963122169309
ENSMUSG00000003752.10	ENSMUSG00000003752	Itpkc	UP	0.7908850408850409	23	0	6	0	5	0	7	0	1.7265444831586703	1.5370759517508725	1.5806942721722261	3.0990032334012256	0.3186352117669775	1.9078452152942518	1.0868315996500164	2.98132154026071	0.1868771802650732	1.9873203038517289	1.0868315996500164	3.758131110173938	0.2313330084646193	0.7894768389524935	3.452770915224323	1.7842456241821545	3.0149188300719527	0.8246458598550835	2.2599886828716067	0.2675285908732157	0.259669383602334	-0.1519372440018542	1.3911375078345822	3.4575086696690884	0.9458054515517816	0.4464673418619313	0.3374981936804118	1.754908243141989	0.9949454465130432	2.9633758867689	0.7090184218142688	0.6371684697125696	3.5547394055644284	1.5937281332090143	0.6633665865689613	2.1044335871250395	3.54704080371422	4.8818725278523365	0.2254441593738361	2.81349839372218	2.918967043831997	4.203342442297109	2.98132154026071	3.66857652647041	0.2168236291887774	0.6174536647576098	0.1570603631385648	0.0119777819869118	1.6352369539884342	0.112786574058774	0.4220991003998218	0.3151596826683753	-0.2110659781530813	0.0405783771374921	0.1868771802650732	1.7750567949322114	2.238839429214236	1.4114988548616076	1.9873203038517289	2.6127740848431458	1.1200276220369625	2.2093994173198706
ENSMUSG00000059796.17	ENSMUSG00000059796	Eif4a1	UP	0.7908850408850409	23	1	6	0	5	2	7	0	0.9525369602235388	0.9384150591973421	0.8447392543651466	1.0844888860387816	0.2577263399847374	1.6231933605054896	0.7458371260263399	1.1309929923683444	0.20445307493669	1.653518775725481	0.9648102094746956	1.5208726254769511	0.1694703953367908	0.0785161798750699	2.1603818050122685	1.006966794690343	1.5398667817142422	0.570122009933087	1.196843641641205	0.3179284149461169	0.459181120117493	-0.3064880312468486	0.4689673067495898	1.4614167093410309	0.6425050399847025	0.4508487170965832	0.8019144863028678	1.1256517576230909	0.6290502206086785	1.219880159115111	0.7090781375714658	0.1110155629027958	1.8463814384193848	0.9025635283219255	0.7417818913148163	0.7458371260263399	1.2725958395091568	1.997200507511332	0.1352260025104086	1.0257867273203525	0.3653534466595956	1.422568588672848	1.5142939372285882	1.1309929923683444	-0.3577452722624571	1.3819560756657658	0.4403403527330547	0.20445307493669	1.13060827064134	-0.0682673385060388	0.2185958703960545	0.2153666975186876	-0.1329990618543766	0.1498950578315992	-0.3472139872682083	1.1007843570152889	2.0858081384175	1.5291557656494266	2.1103074111843894	1.9110648841103088	0.9717141914360332	1.653518775725481
ENSMUSG00000038335.14	ENSMUSG00000038335	Tsr1	UP	0.7908850408850409	23	1	6	0	5	1	7	0	0.8698616224322605	0.8814904794745222	1.1193176175708925	1.1249770255521088	0.36496543718047364	0.870186409425567	0.9865898228367054	1.2722957611440806	0.0953820059169933	0.7763911361123391	0.9750648622063434	2.292011157754402	0.601160471233849	0.6777260466868653	2.6574828576794567	1.121211811201109	2.243076825855262	0.8955121132317112	1.2279874482921251	0.0981055498730057	0.5954232211840461	-0.2037456250328343	0.3541291533132019	1.723754719649062	0.3995087656805814	1.077790367481059	0.618514032572668	1.949900303154537	0.9560327509462632	1.901480544484292	1.1261789554229518	0.1362117356543065	2.4136636798087974	1.0662143647482456	1.3493072906940642	0.9865898228367054	0.9812824478020282	1.972046360535115	0.1806800081016621	0.9353174598240704	0.0821950859659889	1.968447285722772	1.4638572175710725	1.2722957611440806	0.0953820059169933	0.5874993218589429	1.0299975563409671	0.0578879269462679	1.6201343631452978	-0.022425002655185	0.4980325822116957	0.1878037990904848	0.0551825016976807	-0.1480480547846488	0.0531728092167143	0.7763911361123391	1.539424394822125	0.5386622298008344	0.7482418612723066	1.0899446241417723	1.0679545381569364	0.3306860816726564
ENSMUSG00000026426.11	ENSMUSG00000026426	Arl8a	UP	0.7908850408850409	23	1	6	0	5	0	7	0	0.7674529195474018	0.6231188647807022	1.030990030216142	1.210996148490672	0.28107441765492497	0.5467510818278681	0.8663269499759851	1.4346548403393595	0.1364602270541748	0.3799107795854194	1.0978291043902155	2.1134781519253374	0.265482756485392	0.9782828251038238	2.84209114482772	0.8648992038256184	1.6397971169515375	0.7815886127486111	1.1832058734937778	0.0995717179584188	0.3908945611465198	0.0357437171918174	0.6557670288301176	2.208227234176951	0.1363690784337161	0.5161126163527318	-0.2392498578845944	1.823183138201674	0.8611923761363341	2.060186459432234	0.7301379421203594	0.0140226733842513	2.635087364578543	1.1466597066831044	1.137474656080203	0.8663269499759851	0.9923686632854388	1.773893048760331	0.1378215104151087	0.9258351725285392	0.5688434113998746	1.636222834759677	1.4346548403393595	1.9997022212318152	0.0290498092753276	1.1820239169372313	0.3961979537628267	0.1364602270541748	1.03111934929163	0.0043705586716772	0.4335858787101382	0.1935683111125445	-0.2375130789398182	-0.0248143774709685	-0.0522299542005887	0.2466737070902324	1.216856893105304	0.185496761449672	0.3799107795854194	1.0518669510385603	0.3661397012557864	0.380312779270102
ENSMUSG00000029014.15	ENSMUSG00000029014	Dnajc2	UP	0.7908850408850409	23	1	6	0	5	1	7	0	0.6867938807274503	0.5922138311483731	0.6658171278794851	0.8031696912704506	0.39624763672623087	0.8819410670336347	0.6534711034266109	0.6049990436036151	0.1355169259195561	0.5794286186931311	0.2471487600290595	1.2121969516327729	0.6534711034266109	0.1589050716981815	1.5316656985631305	0.9441354547942368	1.2620306658552072	0.6622683266249785	1.2195793284455478	0.1034518374419678	0.3130839978823769	-0.7184865794833928	0.3017386676610825	1.0665056548981269	0.2397222604435938	0.5052557804067667	0.4143995203010586	0.9020063452022288	0.5884530331739452	1.356937802281859	0.8800837299358062	0.0701690168492694	1.088868961063111	1.0431795675356814	1.2575363562634545	0.3411046013095195	0.3316505385099146	1.4947994545466936	0.0100575785666555	0.3556243032433969	0.3688909332476072	1.900627817646864	0.6049990436036151	0.8871887080383218	-0.0751878412477874	1.0382824157522634	1.3828537575441682	0.1355169259195561	1.4753165513149002	0.0400789986425026	0.3468986108494213	0.369440267272867	-0.1208281474886322	0.0953280365965845	-0.3289755711673041	1.0291250521587978	1.51811824519167	0.5794286186931311	0.553926024736673	1.6327009739933616	0.2831645433459459	0.577124011115863
ENSMUSG00000025159.9	ENSMUSG00000025159	Mms19	UP	0.7908850408850409	23	0	6	0	5	0	7	0	0.6418694583986844	0.7210038406716026	0.7442992035364655	0.8761822541478826	0.25604808484403074	0.6909482910663586	0.7385000089034361	1.01938581689019	0.224774957715075	0.7035076724397691	0.4636435051217735	2.0500460203597077	0.3645054329870016	0.2753158300501042	1.312623682258071	0.8995282618664404	1.588984149684829	0.2153732813014232	0.755667867939317	0.184287472215982	0.2693784563030469	-0.0168535508331745	0.4383340616650192	1.4128223798955524	0.2180714300908308	0.827674566445884	0.2297700848836865	1.1817643056230402	0.7385000089034361	1.3442385029634794	0.7860798786745647	-0.1111238431640223	1.6370749860049187	1.0026388080779227	0.6128711084492058	0.63910519164733	0.7757566160691992	1.3279389669117612	-0.0492137228967966	0.5658020940138342	0.5716141472010521	1.5727626801743535	1.01938581689019	1.124985796740785	0.3147059411414421	0.0236309046329493	0.2577693880476768	0.1134186626932453	0.8239815433356505	0.070937387988449	0.3851485176926784	0.1297445503136537	0.2051963272028864	0.224774957715075	0.2672207525206316	0.571862759305821	0.7948911519640052	0.7998828923664001	0.7035076724397691	0.8506335825910888	0.5317117513225462	0.58414822747488
ENSMUSG00000034024.9	ENSMUSG00000034024	Cct2	UP	0.7908850408850409	23	0	6	0	5	2	7	0	0.5435830753933504	0.5929954622722541	0.64677758442055	0.674245728231509	0.1517116527284128	0.7015973361929296	0.5968577493686424	0.5891331751758657	-0.0197941794119259	0.6107753986395368	0.367456182407496	1.388555051245384	0.4423170215055674	0.0749055117638082	1.4690009709834035	0.6741382386476191	1.2393027080778751	0.5060494346290708	0.828055419347909	0.1679984345429235	0.3821754652862166	0.0874604389949543	0.116446862049485	1.277314054665051	0.1402915983708995	0.6137808374841782	0.4473814358422092	0.986734027391319	0.3914556437832457	1.1407139522007064	0.695880840822273	0.0070439626094679	1.415731980507046	0.8033202816376616	0.5968577493686424	0.565621300955837	0.6370053742346007	1.3011253484898442	0.0900407555405764	0.2843170847914977	0.3072114148528274	1.267902893268867	0.5891331751758657	0.8799894255010847	-0.0743727213936053	0.4391904609223572	0.3874755036841197	-0.0197941794119259	0.9607434713179678	-0.0403389806246798	0.3464804173472412	0.1423801359815943	-0.1274549448256728	-0.2016602645832931	-0.1438207184015621	0.6373812198177164	1.0653348194264431	0.6107753986395368	0.537873422293183	1.0285920000923063	0.4741498302713279	0.5570746628099932
ENSMUSG00000045954.8	ENSMUSG00000045954	Cavin2	DOWN	0.79004329004329	2	18	0	6	0	7	0	7	-0.715725990077211	-0.8269421525433596	-0.5908777170767349	-1.0732491774077615	-0.2838230026957272	-0.914954063128621	-0.7349207901526368	-1.0745679122634464	-0.3397533860941958	-0.9189635149340823	-0.7045689608801587	-1.1909784613475758	-0.6291158427182991	-0.0319866764896872	-1.9215589309965757	-0.35209726237489	-0.9718114344296238	-0.7814649057731304	-0.8593399240696065	-0.1403650486677607	-0.3892329125215627	1.01595556856225	-0.2817891900054916	-1.0940719003409858	-0.7349207901526368	-0.9264806139983154	-0.1770294468651026	-0.9857526071462	0.4260477333440096	-0.8608239497013614	-0.940371497371078	0.2410485994926002	-1.4529375354861838	-1.1007655478264713	-1.0157676475771094	-0.2091145354879337	0.1155953597570394	-1.210940055616871	-0.3495242516104354	-2.2006107127227765	-1.2911304130741883	-1.0745679122634464	-1.0620020633384546	-0.3239688332281575	-0.5439092693621517	0.3417134478425475	0.3787898703502158	-0.3397533860941958	-0.8902843191227598	0.0332254027146487	-0.2587681396386341	-0.5705528170221319	-0.6265722778722635	-0.2074754751962459	-0.4384660662520278	-0.7749922239740593	-0.6633419699845508	-0.9189635149340823	-1.2360147080246775	-1.2735993980401137	-0.2276854569491701	-1.310081169993693
ENSMUSG00000050043.17	ENSMUSG00000050043	Tmx2	DOWN	0.7894420394420395	1	26	1	4	0	10	0	5	-0.7214618114384402	-0.6995834821962995	-1.1649403544709342	-0.8022339053104666	-0.6321329651877825	-0.28654002078457774	-1.0263307677939817	-0.7629179044047335	-0.6362490599878655	-0.3358316727846625	-1.1915401973746866	-2.0583238023623807	-0.4112283579302679	-0.6973820505607917	-2.469883761921596	-1.0263307677939817	-1.908057177875596	-0.6238862060039198	-1.2333149427447576	-0.3225633528001171	-0.9668034337156408	0.1513623448973289	-0.9070399281112416	-2.0601614195838613	-0.4205828331510818	-1.02429116543313	-0.3437296856410904	-1.4871785305424283	-1.9590343791445797	-1.985478019066772	-1.521234628625551	-0.3971127665578071	-2.248447352606592	-1.223231566191601	-0.9837768640969696	-1.2093718367248345	-0.9247668890512774	-0.7629179044047335	0.2735904096139833	-0.2699832392564212	-1.7970189234005032	-1.5103424024140495	-0.8743728288121895	-0.6745924484993517	-0.886540557029808	-0.7367257492154994	-1.177827735719433	-0.3632458508314758	-0.7515799117794061	0.1280546161245492	-0.5570392596901724	-0.5314234788137294	-0.6362490599878655	-0.3791977388488551	-1.0616878912739118	-0.5632981740869416	0.0470381399961267	-0.2073387236258934	-0.4008131005579557	-0.3358316727846625	-0.4391941248568051	-0.1063424895759129
ENSMUSG00000001119.8	ENSMUSG00000001119	Col6a1	DOWN	0.7894420394420395	1	26	0	4	0	10	0	5	-1.11836597704753	-0.7977673419525111	-1.841531427955777	-1.1897055459989228	-0.8305917810136176	-0.6116351532218026	-1.8207644987943403	-0.7777219436725687	-0.8178127402324533	-0.6974078665252044	-1.2503997132779363	-2.2362545014455244	-1.3670253171289803	-0.7176255058176632	-4.207712681105897	-1.7351574333807422	-2.687612714431728	-2.278527778816597	-1.5983729955245387	-1.184659264350975	-1.263095211716413	1.178202533096662	-0.761785394990945	-2.897707215901109	-1.7957324675421362	-1.8241130465867703	-1.669429862341458	-2.8252146258243043	-2.394040992030715	-2.05456474293202	-2.522406438342613	-0.9995076555213456	-3.3097569594345844	-2.35997339699506	-1.1778081277910657	-1.8207644987943403	-1.960302545877178	-2.440704883504037	-0.0353229139470609	-0.5957480412900841	-0.282229789996407	-2.900223945747697	-1.2959873038346044	-0.7777219436725687	-0.7971276624700073	0.2320321945092535	-1.6759598285734203	-0.9228486626550672	-1.2323520629191296	-0.4082958476033199	-1.0875862955077222	-0.5717562861998489	-1.1519356299404335	-0.8178127402324533	-0.702866769557647	-1.5222165396284462	-0.2663558067146455	-0.2850984106726391	-0.9854205663094864	-0.9379994623671278	-0.6974078665252044	0.4130525796649313
ENSMUSG00000019797.12	ENSMUSG00000019797	Mtres1	DOWN	0.7881192881192881	0	22	1	4	0	10	0	6	-0.6346001512967198	-0.6170329633136024	-0.5701720014481713	-0.6786078360340244	-0.4992690415560597	-0.7903517261486236	-0.5405919437826967	-0.693473982844508	-0.5004848056836503	-0.7081331133754774	-0.7958650267731311	-0.7411494107231116	-0.4444297445879393	-0.699255988628408	-1.2974835802262266	-0.1410656011853967	-0.7407436671363329	-0.3506254746146819	-0.5087542247936023	-0.1825570046948298	-0.4757536401076925	-0.8781817089627567	-0.5707406794411656	-0.9889290127134426	-0.2638424270108181	-0.5401068470927828	-0.3344810768208127	-0.6285169752773901	-0.2160121347104465	-1.009182913119045	-0.2689901360661404	0.0463923629490469	-1.152870850644489	-0.3526271650962849	-0.6345112134686524	-0.5405919437826967	-0.6837679543713931	-0.5091168966253865	0.1249729442316028	-0.4274086486410688	-1.0234790637950124	-1.3979444344071996	-0.693473982844508	-0.8238047701565984	-0.7425290419211976	-0.6310850859551312	-0.5004848056836503	-0.3615274919273015	-0.806808736788541	0.0719603815381663	-0.7175004680694341	-0.4748917991491254	-0.7185612362274482	-0.2265409811195185	-0.3839901918134741	-0.7081331133754774	-0.7529470506631751	-0.9737446991274054	-1.213127973844954	-0.7021135815682524	-0.484011299323846	-0.6983843651372555
ENSMUSG00000022105.7	ENSMUSG00000022105	Rb1	UP	0.7876382876382877	23	0	4	0	8	0	7	0	1.1142285795229057	0.6794494076869966	0.6718366197844396	0.5153312639234446	0.6450979076243715	2.624648526759367	0.6939691243529802	0.4933395072286597	0.6649296910210131	2.61576415703401	0.3768780464533746	0.978493051341648	0.992572588312988	0.5473224504171543	1.2709302404155165	0.8130613402676226	0.9283002652546372	1.0150093461062206	0.930212606116706	0.3086340469779813	0.3591085349659593	0.5311287784892381	0.4703145912379405	0.9146131863736588	0.0788518144187166	0.2029709040411292	0.1846969446959017	0.7618272038223207	0.4636407935165951	0.9056887140070686	0.5016717096858168	-0.4018261597498084	1.5617620321156866	1.1706420366375774	1.250027555401935	0.6939691243529802	0.329086988503307	0.8247932582023519	0.0620309185748231	0.0364726978785114	0.0434823353625629	1.4284365775167829	0.4933395072286597	0.7187635527004206	0.5124172910860001	0.769430194636627	0.7587830526588886	-0.0610116896916947	2.371066021201325	0.1574113654652913	0.9204922492535542	0.1670349658726691	0.8569102502750939	-0.0213864079106817	0.6649296910210131	2.3662319511929915	3.105775998233879	2.388130312732936	2.61576415703401	3.495777338309402	1.5870891536831115	2.813770776129238
ENSMUSG00000027981.15	ENSMUSG00000027981	Rnpc3	UP	0.7876382876382877	23	1	6	0	8	0	5	0	0.542951020765736	0.5392743104720069	0.7157320227708881	0.6848992858879929	0.4136055632264364	0.35756721117762663	0.609650540403083	0.6846394730901533	0.4688980805409309	0.4071796640639915	0.6774775959552654	1.5949183733397352	0.5175792538635415	0.1583858801094363	1.9044596902312132	1.1947356174282078	1.2820994487708857	0.609650540403083	0.7726113451181434	0.2100894788861524	0.4807468021274522	-0.2066334674432483	0.4377561092884748	0.9664516642364204	0.2811071578087104	0.2938837145767223	0.5246104896687513	1.2335141061677657	1.0281611747474566	0.8776886487055433	0.3439357877245774	0.1152687230142017	1.203165267753777	0.8434850000947487	0.9130966416163504	0.6052543864536282	0.4612651841669857	1.0431776896238727	0.2335814423372323	0.4225953756186063	0.4319351896870101	0.77864623996148	1.1997195908975948	0.6846394730901533	0.6281983426531106	-0.5037798383259819	1.1606970133729764	0.1563898410493205	0.962305854780344	-0.2542635955148605	0.492958781081593	0.4688980805409309	0.7740734960666267	0.2292257430543747	0.4349574767323658	0.5791531071225118	0.5812794090034847	0.4442194074584631	0.0147345636666723	0.4071796640639915	0.1228186199254278	0.3535857070028354
ENSMUSG00000019863.8	ENSMUSG00000019863	Qrsl1	DOWN	0.7876382876382877	1	23	1	4	1	8	0	7	-0.6787206362417694	-0.68972169051406	-0.7485145944048344	-0.7485375741294398	-0.4831204923383778	-0.7347098840944254	-0.6480866099431495	-0.8071921007662017	-0.6184385141214293	-0.7313567710849704	-0.5914616952019749	-1.319180406505519	-0.4805720326839694	-0.6321458417446028	-1.3729895364428788	-0.7681901515029704	-1.3504055757807498	-0.6164673112740827	-1.0579553639501986	-0.2128164005262034	-0.6315447210637131	0.3037659548744138	-0.6480866099431495	-1.252762251307471	-0.1140092990916666	-0.6441941550204904	-0.3990244236564101	-0.971118041173832	-0.8320369855045154	-1.4754070749115336	-0.968841562817714	-0.2729830825099869	-1.2181856768228556	-0.6655707656435275	-1.1100451961207711	-0.6459268356690444	-0.2617390069351081	-0.8071921007662017	0.3453601991123564	-0.5901228436709033	-1.0748466063514894	-1.4625569998515804	-0.8465890687741652	-0.8038155986040949	-0.7213817143536507	-1.118614314666976	-0.5291186664968345	0.1222976224422611	-0.8230799286983008	0.1766072811068359	-0.6184385141214293	-0.2929469852374995	-0.6223495163062701	-0.1797543767852039	-0.707546302605087	-0.6253191568399369	-0.5344054289456616	-0.8195442508937069	-0.954054406318512	-0.8543211745130852	-0.7313567710849704	-0.6239680000651048
ENSMUSG00000024247.15	ENSMUSG00000024247	Pkdcc	DOWN	0.7876382876382877	0	23	1	4	1	8	0	7	-1.038303358851363	-0.9265723089134112	-0.8462142083014312	-1.0853103362113028	-0.5049867422265553	-1.7167021486661624	-0.7922528891466153	-1.060891728680207	-0.6121585115126917	-1.908757879577437	-0.7956913988218012	-0.499077047975046	-0.7294081795182878	-0.7747682353001589	-1.5015683689445436	-0.4482067334611422	-0.83113809103753	-0.4821104557334276	-1.2286220973499205	-0.4946228678917778	-0.7922528891466153	-1.3171290824780368	-0.3035807493212343	-1.3443585016027733	-0.4414240885776359	-0.7470888885541191	-0.5912060497818217	-0.8633794840731542	0.0776895431255234	-0.876494428162912	-0.4680654309056655	-0.4163819197022109	-1.589702146938292	-0.9036769586565252	-1.3212195461973948	-1.6087131983026028	-1.5555863288295395	-1.073016492805878	0.2269708172158005	-2.222434324319508	-0.6077250920365429	-1.060891728680207	-1.920101458892043	-0.9399740739607404	-0.7177374393833534	-0.7237952119858766	-0.8254932248182675	-0.6121585115126917	-1.3279619138783094	-0.2207995026443454	-0.6133893201540855	-0.5215664728815086	-0.2145750837617313	-0.1279831896570243	0.3506057061850872	-1.908757879577437	-1.2614133019078777	-2.058456016839334	-2.0092461346336927	-1.1996175572602763	-0.7003207570183243	-2.879103393426196
ENSMUSG00000039197.11	ENSMUSG00000039197	Adk	DOWN	0.7876382876382876	0	23	0	5	1	8	0	6	-0.7908850884046139	-0.8467450607887927	-0.7288507909251244	-0.7840455954611335	-0.5068623045343302	-1.1437816626978674	-0.7673260622132918	-0.9261640593642936	-0.4982348011833339	-1.1207026157499531	-0.681196913649929	-1.3177650396691682	-0.7673260622132918	-0.4716126655551534	-1.3177452991035743	-0.447395499822678	-0.9851197660603228	-0.5845334682217769	-1.063060443310301	0.0343554963170037	-0.5587203713693281	-0.1515282282041826	-0.9131443047050078	-1.0463536100766375	-0.3888624059508822	-0.3828081822112575	-0.1835321393099947	-0.8928545142438179	-0.8048147213632162	-1.4855585314655575	-0.9218557816324808	-0.1221359943797746	-1.1592822777111862	-1.01224425535594	-1.0427340314533975	-0.4718429683852007	-0.539299375871305	-0.9425759885226394	0.0469339561809001	-0.5159282763956928	-0.5469384802958516	-1.6405956019871233	-0.9261640593642936	-0.9630507178432338	-0.7281590604312406	-0.945509018514099	-0.3924013123237526	-0.1327966022366266	-1.080038069806638	0.1351254945656021	-0.8142264144207185	-0.4982348011833339	-0.3279883859254587	-0.2754064449836438	-0.5158507346177225	-0.970073102320962	-1.1207026157499531	-1.545596079680571	-1.6589842931566263	-1.2264205534818629	-0.6096880701010355	-0.8750069243940625
ENSMUSG00000039041.16	ENSMUSG00000039041	Adrm1	UP	0.7871572871572872	24	0	5	0	6	0	7	0	0.7524267502319375	0.7188794577638682	0.930787620822886	0.9132357202029616	0.3329020175996439	0.8327816423022589	0.7722809486468064	0.8972887470689105	0.327795326877782	0.66547796688093	0.5471805482594727	2.0803935158231504	0.555648540600604	0.7377723271702726	2.1469572422901164	0.6233194157532261	1.47059294015717	0.7722809486468064	1.343602144461583	0.008323580423656	0.3786897266946583	0.1551974408363042	0.2445516637269186	1.758172225513841	0.2459550168580142	0.7527726518093047	0.2914851765893076	1.453531966321031	0.879906952356558	1.6805372211046228	0.9274508634680528	0.2139495789095216	1.7521301808584433	1.3179520301442205	1.1822745935234775	0.7011673583885386	0.9094699115290472	1.7524780636228037	0.0410331548346599	0.5014007637475364	0.2621011326837966	1.5667802244263982	0.8972887470689105	1.371567955036626	0.3629697398899218	0.7085614380057131	0.327795326877782	0.1248850381412269	1.2472066637708508	-0.0402098028815873	0.5384394593030309	0.3872889584817073	-0.1755587726841392	-0.0330479162693338	0.2135920609609104	0.66547796688093	1.5584288012855076	0.5564126992949756	0.8308327052695553	1.3098086601507688	0.4056674999609539	0.5028431632731214
ENSMUSG00000028439.15	ENSMUSG00000028439	Fam219a	UP	0.7871572871572872	24	0	6	0	6	0	6	0	0.695535659254412	0.5906648255460414	0.9685496804645206	0.9806658148852925	0.2770917878346697	0.5558353538331653	0.8263109717136905	1.0226522261265427	0.1782547377782641	0.3550186793783924	0.6319927866629284	2.0384437577952004	0.3465500050658485	1.0265680867479683	2.284762896034441	0.6170118340601346	1.7016421842110387	0.6132734428645751	0.8263109717136905	0.0781276227367802	0.5465765022786476	0.3084390265003516	0.4872613300266886	1.6592589467267471	0.1099919177565329	0.688414871288315	-0.1257381353239001	1.7838295319646245	1.2663789721120402	2.0705071332696807	1.0156844823427935	0.2685185219788152	1.9167915260387924	1.100618667143882	1.139467937511896	0.990189170887462	0.7599673821460832	1.1818770432958914	0.0688017914305869	0.6954377175544995	0.7684664022402221	1.772765802602869	1.0226522261265427	1.354659720946436	0.0556266373584554	0.5764832421168897	0.6092860308126885	0.1782547377782641	0.8067227256484943	-0.0493974715839282	0.6440690626646312	0.3245972852975342	-0.3022699569918543	0.0886573739344631	0.115979999145729	0.3550186793783924	1.3361144349176592	0.2942479927823853	-0.1086503362654922	0.861990242918416	0.8773687703544277	0.2747576927463693
ENSMUSG00000024583.4	ENSMUSG00000024583	Txnl1	UP	0.7871572871572872	24	1	5	0	6	0	7	0	0.6630991780005555	0.6496604973807012	0.8473971620608878	0.8782217985390728	0.2803832582390024	0.6463944931632593	0.8770607852238268	0.9052516661273916	0.2495970815150146	0.4222602095375755	0.3685845113226345	1.503644345667828	0.4418826482311825	0.6517764582024199	2.05311906314641	1.0161440409828917	1.4088690279900196	0.6665681360320638	0.8939786465035352	0.3022157250626979	0.5547257323651427	-0.2821571870396522	0.3507192649710935	1.3578644553719457	0.16660426998178	0.6497929543185831	0.3007564562358101	1.603704433522307	0.9886337181001528	1.5655122500205334	0.7534012473212676	0.176955685200795	1.645646635650102	0.8770607852238268	0.9633709692039044	0.9041197607512894	0.9962293413034056	1.3536686287788433	0.0311896616332566	0.8410581882741087	0.2240574130510701	1.7240122133979567	1.0683148185108835	0.9052516661273916	-0.0542334479673327	0.6042802245214821	0.6896776121056807	0.0337762640729516	0.7938586177574304	-0.0454757914073276	0.4587576021404219	0.3041364698884912	0.2495970815150146	-0.0639495887284319	0.1137907967306459	0.8637257944480596	1.258868404526799	0.4222602095375755	0.3234697326642864	0.9554677943568513	0.3057362319923914	0.3952332846168522
ENSMUSG00000025283.16	ENSMUSG00000025283	Sat1	UP	0.7871572871572872	24	0	7	0	6	1	5	1	0.6442723905743395	0.5574914000587923	0.938059787339536	1.1814736373723136	0.23049820195351503	0.2270579356319933	0.8474216315197183	1.441594295662505	0.2032107752326347	0.2675611685978663	1.020703466070884	1.9793391055948957	0.1625625821531192	-0.2017527944873348	1.3188314881505985	1.5547123351222176	1.8437420295016311	0.2418675121387717	1.1893508551259593	0.2934026243905431	0.4800248235482769	0.1612910656454976	1.261015783795475	1.4366715016332314	1.8812588869279048	0.5057019538545992	0.8178218163242834	0.7900804397720299	0.8040715228495222	1.8767768149849071	0.7126431272574989	0.1035209098953266	0.8474216315197183	0.9858182747305586	0.3153299593741607	1.1183943394509293	1.8270122028422704	1.441594295662505	0.3009793877963832	1.4932077014970575	1.301716451085544	0.634108652079065	1.6482115044862358	1.4504974689994057	-0.2649453490691028	0.9081166715205378	0.5272844295277359	0.3605523899104994	0.2032107752326347	0.0056967218826398	-0.0023748739919152	0.3398818973045002	0.1498883803611727	0.2708223033889232	0.0373468754210395	0.6106587846820357	0.2675611685978663	0.1767161531785697	0.5128097169542015	-0.2053029257054052	-0.4151008558932666	0.6420635076099519
ENSMUSG00000015522.20	ENSMUSG00000015522	Arnt	UP	0.7871572871572872	24	0	6	0	6	0	6	0	0.6305137010375956	0.6317850623294616	0.9016068332503344	0.8571624731057764	0.32071956348199865	0.4425659343122728	0.9343120709830772	0.8515559463769166	0.2659440060086581	0.4120141782820067	0.9343120709830772	1.805820820703137	0.1325917490007742	0.6363478000688532	1.4518885633948349	0.9573577309085314	1.6003577206331632	0.6259521924417644	0.7848358062011223	0.3866781132370719	0.6601781622881343	0.2523024691633833	0.8431327116174061	1.2813405750679483	0.2673850558838076	0.6626389086522294	0.1949065508038255	1.528658587491449	1.0212667231784032	1.3515948108248497	0.9369674456466424	0.2582296863539979	1.5760073393274423	1.025537860721205	0.9316908530086556	1.166183919613432	1.069220270543888	0.941035565734376	0.0524007328783534	0.8515559463769166	0.6819652705220822	1.425764522894975	1.3133629255675023	0.7340523477662304	0.2659440060086581	0.0024755969778121	0.6560526367862457	0.0516161753795683	0.8375041166123782	0.007511817412445	0.6451411334301292	0.3212937712948102	0.2292281163300397	0.1695025192520646	0.3416453088178343	0.4958689030174881	0.9426738386769828	0.4120141782820067	0.3418630232599206	0.2878120287623172	0.5225531486575041	0.09517641952969
ENSMUSG00000069601.16	ENSMUSG00000069601	Ank3	UP	0.7871572871572872	24	0	6	0	6	0	6	0	0.610358845538142	0.7686088337245673	0.8450831977919315	0.8135751443128111	0.21667641072450908	0.5661006293233161	0.8421492379104559	0.9591431998000876	0.1700041475140976	0.6950684295386788	0.9200457769229562	1.3300375609691757	0.4195171341275351	0.9721232280847696	1.94318865150061	0.5752989396289118	0.843425269286852	0.4420916226184161	1.3231353933012746	0.3048127875910953	0.8421492379104559	-0.0620455978220004	0.3569735682382182	1.368795208341815	0.4185710680300618	0.4961674319824206	0.2215810416810481	1.1601445312862662	0.8279263537639746	1.01321140195241	0.7368579411252253	0.5693850687903358	1.9623460196035	1.3036712458111108	0.8776016221148196	0.898360393456446	0.7518734400844482	1.021848836683372	0.2600757093474551	0.057960311930706	1.319280545903702	1.2793608607616034	0.7973565457627514	0.9591431998000876	0.0946593378942644	-0.1101319980313964	0.4333906135299925	0.4256114779902094	0.5591514698153491	0.0243953968439885	0.0837843453834102	0.3164618330561222	-0.0652505985370049	0.4513644925105673	0.1700041475140976	0.8477207311159958	0.6950684295386788	0.7792934808386315	0.0667359442616609	0.9556990368800444	0.2481170705039492	0.3700697121242524
ENSMUSG00000042548.15	ENSMUSG00000042548	Asxl1	UP	0.7871572871572872	24	0	6	0	6	0	6	0	0.6061271421068453	0.6211930579490027	0.8576249672525671	0.9158471708622283	0.24725948671691064	0.4037769435956751	0.8441861433444879	0.977236171499552	0.3407755306502351	0.3981999725535174	1.2405223513493515	1.344452482181849	0.0448273301568106	0.5894174138255588	1.3580171657859836	0.8441861433444879	1.3952816554824938	0.5454074633883326	0.9947766862179492	0.3620132502865359	0.4026811880924349	0.5208609159346257	0.4883218661022236	1.563430615353086	0.4506525713118927	0.7533843057450761	0.101845089747544	1.2232185425560975	1.2585971392524593	1.3590476296919132	0.8059085408902311	0.0755176650778368	1.5080347079359906	1.205237758189004	0.9605808950542088	0.7188472502540868	1.0408054926112478	1.2258378063536444	0.0971526377339273	0.977236171499552	0.9140821032263162	1.3189079325047803	1.1883835269745289	0.6893300177428486	0.3719849165439549	-0.1883388934171836	0.3665927457357384	0.0930645835752952	0.5788538820048692	0.1240862005750585	0.4584993915240211	0.3481691420075476	0.3407755306502351	0.0686210053724891	0.1575458493139919	0.3981999725535174	0.8214425210502023	0.4316578787865359	0.4038082269581745	0.1623460978372793	0.3443527487251884	0.264631159258828
ENSMUSG00000093930.3	ENSMUSG00000093930	Hmgcs1	DOWN	0.7871572871572872	0	24	0	5	1	6	0	7	-0.45504262962305797	-0.4104663169551597	-0.5228167251343072	-0.7203887628508172	-0.16256346305089253	-0.41440156745621504	-0.4859025141184686	-0.6217094079377282	-0.2119953847209596	-0.3350301197918509	-0.1565552548234858	-0.8748186816613436	-0.446586985007422	-0.2503331298570357	-0.9312407444125602	-0.6019741685396507	-0.8437927091823436	-0.3173699111338863	-0.918880109869888	-0.0558008981470627	-0.3923452052416989	0.1026440260240325	-0.4828628503713068	-0.9318599202378072	-0.4474120296072825	-0.4646042587836291	-0.2517965547989034	-0.411177176923038	-0.7535370157844824	-0.8244961859462226	-0.7203108587645661	0.1913826204947008	-0.702871688900065	-1.002408966916685	-0.5325198382147179	-0.4859025141184686	-0.6086205679014746	-0.7085815952740158	-0.0727444091115931	-0.3000730527457981	-2.317850328649764	-0.6217094079377282	-0.7990801436353517	-0.2226824026014703	-0.5033118580652214	-0.0068861675086347	0.571415276945087	-0.2119953847209596	-0.4117099081634847	0.0483398488052919	-0.1603950709800722	-0.2675765417928917	-0.4750510872873149	-0.0913777745960851	-0.2796494261955324	-0.2749646220274153	-0.1853202569754188	-0.7155679758621419	-0.4792794375668273	-0.3350301197918509	-0.2679823153880116	-0.6426662445818393
ENSMUSG00000057229.12	ENSMUSG00000057229	Dmac2	DOWN	0.7867965367965368	0	18	1	4	0	10	0	7	-0.6002512645718425	-0.6571526296755374	-0.46511081775483115	-0.4405221340751894	-0.6411977861119187	-0.854174320345431	-0.5581494362897618	-0.5021434906625778	-0.756155823061313	-0.8205577660788455	-0.3609663560856925	-0.6373682675088852	-0.6696048373123465	-0.150385842088748	-0.8928974636186094	-0.5766669338878585	-0.8353071316100746	-0.6114897251067429	-0.9098305257517164	-0.028905930422456	-0.5581494362897618	-0.2019569803156022	-0.5381935139297319	-0.624304680471814	-0.0312778925289816	-0.3125841968856848	-0.3599872362600099	-0.5697009124750538	-0.1001776474387201	-0.9426465296641736	-0.5660265908890382	-0.0163412596954211	-0.7498299435511493	-0.5457048609926609	-0.8600095880293155	-0.0477439675709435	0.1400661710007504	-0.5021434906625778	0.1270923264903551	-0.296453721128579	0.439937041132507	-1.4186737694706193	-0.5496530572744862	-0.8837602676129263	-0.8398277028798325	-1.4143262070561784	-0.5064055309341259	-0.3176006495170595	-1.037828410096334	0.0929090464106378	-0.9509998659994122	-0.3186233793960165	-0.8374277927897708	-0.1668893319117001	-0.756155823061313	-0.8205577660788455	-0.7751869563625102	-0.9201144567866584	-1.0866979684865814	-1.0989167014640804	-0.7568838961611801	-0.5208624970781609
ENSMUSG00000024962.14	ENSMUSG00000024962	Vegfb	DOWN	0.7867965367965368	0	18	1	4	0	10	0	7	-0.6010097478259632	-0.5505962364442865	-0.3955922391549657	-0.46160117367594766	-0.7557937346210214	-0.7910518438519182	-0.3509906102294345	-0.3913202151093022	-0.8078585454241223	-0.7098722577792708	-0.5894491150553095	-0.2845609377520491	-0.773393753006501	-0.3449174890580581	-0.6878461649877389	-0.3509906102294345	-0.3603100587455454	-0.4748266601519795	-0.323617843450311	-0.3725439841352757	-0.7596163459807629	-0.1163218864252985	-0.5436595133714016	-0.1599286796155901	-0.0924513148647719	-0.2287396449443639	-0.7573895880389119	-0.4885976155398952	-0.1061833435412541	-0.6424596364088961	-0.2945593942976408	-0.1601820954871312	-0.601303752648572	-0.1532947189119347	-0.8861879506653798	-0.0956215495036139	-0.0320368103664534	-0.3652620635865887	0.1022259294850571	-0.3562059618189172	-0.5571962444188857	-1.0251008775381345	-0.3913202151093022	-0.6383487827448618	-1.0773368121055935	-0.8078585454241223	-0.7692908196049164	-0.4618609151537501	-0.9096886127332914	0.0740477934553722	-0.8789031179999262	-0.4984969625581923	-1.273588520468422	-0.6993262736467674	-1.0114282945916244	-1.206124004554152	-0.7098722577792708	-1.138670137281769	-0.6182688885828714	-0.7670247791782465	-0.5221046627403568	-0.5752981768467601
ENSMUSG00000022895.17	ENSMUSG00000022895	Ets2	UP	0.7863155363155363	19	1	5	1	8	1	7	0	0.5981483454762104	0.615526050344955	0.5034283274536575	0.8022420927302586	0.3247324093114869	0.7621905524094383	0.505432145040246	0.725619955649664	0.3075142156210103	0.7420338647951793	0.7583972970223769	0.9860191162157944	0.0209544995242243	0.6497046797005225	0.821026317723536	0.505432145040246	0.5692850582886606	0.369706599536424	0.2355526543684233	0.4451643547923073	0.1429896370044002	-0.8915154390840202	0.9639150538126986	0.4918888588351382	1.0169867471650849	0.2646524426520341	0.5992696058061536	0.3873235847442098	0.2196114374908744	0.9694743101762652	0.6291463343869816	0.760704811290781	1.127795290104996	0.6779256184868587	0.1324495989216455	0.4651481843081873	0.2735560429339488	0.3993911762435805	-0.1648701262655673	1.3636229384366083	1.828636846201254	0.725619955649664	0.9815488840156348	0.4817449748306349	0.3075142156210103	0.4425910608403625	0.2761227019883314	-0.1973034919813247	0.492108017106003	0.0994285643227819	0.5255498796192387	-0.013374568922096	0.5644426772181185	0.2122981476382211	0.8626792989757092	0.4276180126580338	1.3917085795632358	0.4757135712159256	0.7420338647951793	0.788193612246485	0.5973232252552536	0.9127430011319548
ENSMUSG00000028834.14	ENSMUSG00000028834	Trim63	UP	0.7834295334295335	25	0	6	1	7	2	5	1	1.902114030892208	2.029034295300615	2.89040968245754	3.19747587913076	0.5431785437392156	0.9773920182413166	3.0632542422481395	3.398483886802788	0.7958302504877688	0.9948143483530903	3.715589925080673	4.561829323513454	0.2002317573135684	2.0813858469779567	5.009970218717696	2.911157451518318	4.357053711834881	2.213055567400484	3.3346525800951654	0.5189861325148661	1.9050325974569888		2.4773914304032845	4.5824358411642665	0.5825640408076667	2.600169075038276	2.0687778442407945	3.909428964220146	3.79509593915685	4.353247847398925	2.3179003869152326	1.2114615076382709	3.2153510329779613	3.405798100842815	2.183224683241156	3.557366450914049	4.081493486512297	3.398483886802788	-0.1639729862037066	3.3423835221981077	4.44118117538608	3.822609050002245	4.6162817923698185	2.9253647133599863	-0.2761606763093484	1.6346687693795825	0.8671986602928351	0.7958302504877688	1.8426369864820027	-0.3923340981956814	1.4151221938631195	1.4754739402989026	-1.3445785290789922	0.1241684964940014	-0.1670620125828195	1.4512172594959265	2.5080248758903907	0.116336751244003	0.8371488396084075	0.9948143483530903	1.2806179353479732	-0.3464158822505752
ENSMUSG00000045969.9	ENSMUSG00000045969	Ing1	UP	0.7834295334295335	25	0	6	0	7	0	5	0	0.5433663234206708	0.6141834951706435	0.8498436436216658	0.7329552444961471	0.25219842281629645	0.3384679827485736	0.9212921321196818	0.7901013685870053	0.1668930426725348	0.4382656217542817	0.5335907055270237	1.7094284694952728	0.22981413971411	0.2667191062988134	1.525960027002175	1.1515124571740645	1.7098020464380324	0.5106139799023988	1.1783581537239445	0.3414153998309188	0.473321441276371	0.1214200394315256	0.9212921321196818	1.6118856866032092	0.3216367591186411	0.4532827523927715	0.4076407292230045	1.0710866182657215	1.0943303353199023	1.4101019490693645	0.6736835083695387	0.1010626539346357	1.628763027210463	0.9505026484702822	0.5849882659978861	0.976387057489825	0.9871782883853998	1.111991777684191	-0.1339474426448477	0.3597758277001016	0.6524322041868389	1.095967218688041	1.2543657572717	0.7901013685870053	0.1458269059761438	0.4587178736396042	0.6689266572557437	0.3360530631466811	0.3760513430921208	0.0267843221470128	0.102454374551134	0.1668930426725348	0.1627578186026859	0.1081357278221649	0.2215815220734344	0.2414381947990093	0.7123919088797388	0.4382656217542817	-0.1539238230055043	0.5811417160158635	-0.0322105777313942	0.5821728385280203
ENSMUSG00000039148.6	ENSMUSG00000039148	Sart1	UP	0.7834295334295335	25	0	5	1	7	0	6	0	0.48251777769564047	0.4475407299116684	0.7202269317689054	0.5583080268999241	0.22074050775570633	0.43079564435802614	0.6182700621450959	0.4480637582527558	0.2091929978817278	0.447017701570581	0.5004140511853821	1.5566299553309193	0.4848027528663128	0.3549974229480633	1.2922510433999574	0.459250178251871	1.1275984982121288	0.600937661825277	1.0238295718558963	0.1619563689768926	0.3730021009785436	0.5037843945488347	0.4052433719363427	1.19046934897987	0.3913555565276765	0.690875394481956	0.0960775033058299	1.094310753442004	0.6182700621450959	1.047085281463466	0.6985615632490242	0.1446618646414783	1.345894488838672	1.1516363380868242	0.8724587230955162	0.5907108845852612	0.6690620226013511	1.1384543684230997	-0.157024353903715	0.4130526142045731	0.4480637582527558	1.0109336244308944	0.6081603693324461	0.4465158075594148	0.5173748991406444	0.1317419137096371	0.2801872863369717	0.0997532847665541	0.6761450721275595	0.0161887043411211	0.3150164181296132	0.2091929978817278	-0.3555676227789929	0.1828442673588276	0.3552683642991061	0.4231772455410539	0.6167504835258216	0.447017701570581	0.2844833167587129	0.5049281830068577	0.287936973014656	0.4512756070884993
ENSMUSG00000027884.17	ENSMUSG00000027884	Clcc1	UP	0.7834295334295335	25	0	5	0	7	0	6	0	0.46845572274477776	0.4984716264679604	0.7749836257182495	0.6157332339365739	0.23656886105061814	0.24653717027366945	0.7419672611010352	0.7858399379711875	0.1480203779300751	0.2549759918348857	0.4555050266739853	1.5334824180750068	0.4050659063945261	0.0298603974615028	1.6541515304662209	0.9243589689320236	0.8678039978843246	0.4101595913329892	0.9680546407926084	0.2861644545369224	0.4455848204768365	0.1745969071938371	0.3144002041641395	1.5010851889397747	0.2517861341301735	0.6948592886767068	0.5032816595213297	1.237460689304963	0.8380910834245847	1.205407244187362	0.7419672611010352	0.0992953551143607	1.5271321676528615	1.322423210327999	1.006124345920168	0.6704132374063824	0.8560421643001187	1.0603724216822077	0.119442174174816	0.4671170362582811	-0.1417450138204201	1.2152830616987915	0.7858399379711875	0.8038230195911533	0.1233218567019716	0.2730802514298827	0.6237143434654108	0.0674661674784967	0.8010009522664789	0.0385646932355455	0.19429624600578	0.1931990897093306	-0.0030403678395824	0.1426338611734103	0.1480203779300751	0.329027137143859	0.5944611305975512	0.1510320510351794	-0.1304687285073834	0.3621889571406694	0.2549759918348857	0.1645436526709247
ENSMUSG00000032279.12	ENSMUSG00000032279	Idh3a	DOWN	0.7834295334295334	0	25	1	4	0	7	0	7	-0.8381268378231537	-0.6989925008981952	-0.8131614277829577	-0.69154729127126	-0.4265033313510539	-1.421295300887343	-0.7467069431291716	-0.6512780586672188	-0.3615742754903179	-1.607422644691708	-0.6041334934502725	-1.3970633430099604	-0.855085310894142	-0.5696441582665314	-1.1875609925753443	-0.7467069431291716	-1.260737762961848	-0.668904050704602	-1.3633198064836831	-0.1032719882822379	-0.5500165600283778	-0.4583553144661667	-0.7449160079544395	-1.177185324532049	-0.2724941414413191	-0.5552171143395546	-0.340206129047479	-0.7705433789827166	-0.9608361964555822	-1.6293707620635325	-1.2341021138459227	-0.2976769432411421	-1.2098576555757208	-0.8942396566098173	-1.107788841090192	-0.5739206865628277	-0.4222038741452276	-0.9693574653385824	0.1728829076714532	-0.2659089030062444	-0.6512780586672188	-1.7950784146284684	-0.589036616049181	-0.7430544888805788	-0.7158230347942656	-1.2578563506961216	-0.0107446362923662	-0.1860297107085173	-1.027780778985402	0.0176011522101762	-0.5607708318569158	-0.189822152231396	-0.3920900162041172	-0.0066460098123498	-0.3615742754903179	-1.155794121144978	-1.369459721036924	-1.6841845056758695	-1.6737048692075782	-1.681455356560053	-0.7770458878942912	-1.607422644691708
ENSMUSG00000031380.11	ENSMUSG00000031380	Vegfd	UP	0.782948532948533	26	0	6	1	5	0	6	0	1.3515975762750654	1.4197412433403667	2.216761955230996	1.5895881152180877	0.5708042456139216	1.029235989037256	2.1412079458430195	2.057157787523469	0.3166229151456237	0.7823246991572647	2.407155702775175	2.419117187929594	1.742459108228907	1.8558543325161423	3.4886160500144148	2.1604912814222827	3.211319918662416	2.009946985630601	2.317217239535396	1.0255679935421018	1.3559844664187912	1.1338930086425405	2.379895867562221	3.7638331624878014	0.586463362305723	2.1412079458430195	0.9008426868671784	3.425940225143996	2.132718466535151	3.174993690812769	1.9274762500478528	0.5322802782831492	3.554390785071351	3.856739192434128	2.3009524742774854	2.103355134033189	1.9438599942135208	2.057157787523469	-0.5208694244381147	1.6968072948181443	0.6131717462985666	2.4157468962461985	2.366812312963537	2.4982901931148134	0.3166229151456237	1.1697609024061495	0.4550445959110909	0.0770075737272137	2.6359639741485594	-0.1677965399458016	0.8427480621397682	0.4834972318312203	0.2468499770261599	0.289613333488477	-0.0704653241253223	0.7823246991572647	1.7852186766200473	1.0971438936686335	0.124643363175453	2.006143995262946	0.7029717648748011	0.7062055305016456
ENSMUSG00000029769.18	ENSMUSG00000029769	Ccdc136	UP	0.7825877825877826	20	0	4	0	9	0	7	0	1.4495564352412385	1.1454301576104293	1.1993684294683935	1.460268405699418	1.0002781231742366	2.138310782622906	1.393501393298947	0.8973589219219116	0.7727763565504379	2.326054354511496	0.5545843644278251	2.2444904383629933	1.4028991274578366	0.5546424807265647	3.5046702274988943	1.4270322595091651	1.8340035935729135	0.7010839691848703	2.1038439265839632	0.0363438965247709	0.4690502957631724	0.7756031403113319	1.430672055824712	1.998385138427404	0.677929898460228	0.5896903478158578	0.0430760132344563	1.4873195925186764	0.2440727945245704	1.6588065508001653	1.7813334143263482	0.3463415690371063	2.14407784492252	2.0647331092039103	1.393501393298947	0.534775912914756	0.3799842404126689	3.794266914894152	-0.0990529725799512	-0.102161412966412	-0.0256160764200515	3.477647979967041	0.8973589219219116	2.2794354850792358	1.0842476245629866	1.2556620562929088	0.6893885810960174	0.3472689251820007	3.5557379120529484	0.035341887498869	1.3522854134945264	0.7727763565504379	0.3549218244657304	0.7200740476775374	0.835354726042639	2.326054354511496	2.415673368400404	1.8888877337114391	1.835732941529939	2.875151880918492	1.0009610927957775	2.6257141064927976
ENSMUSG00000054021.7	ENSMUSG00000054021	Sirt5	DOWN	0.7825877825877826	0	20	0	5	0	9	0	6	-0.4706774866879983	-0.5070871863284553	-0.48994842218161344	-0.5132864190210522	-0.4124575810902332	-0.46701752445909434	-0.5099402124761166	-0.5042341601807939	-0.4217673609409381	-0.5531717072510146	-0.5288954556171905	-0.7751514567830557	-0.5523455520236132	-0.2548433325800477	-1.1462419099671233	-0.6433563354884841	-0.9160368858494684	-0.581696956266604	-0.733263253627254	-0.1009335567842056	-0.5099402124761166	-0.0714749923103241	-0.3555749743507179	-0.8392126883618226	-0.2238224218228628	-0.4447720807005778	-0.3950284795543941	-0.5205116850814747	-0.334672555870561	-1.0365400404599698	-0.4103202376127677	0.0598981639183371	-0.7513951867086855	-0.2288285306090133	-0.6465152691139747	-0.1662577127010572	-0.1208738001005347	-0.3886917579957298	0.1037560135961485	-0.3844696587406135	-0.5042341601807939	-0.963382111752596	-0.7573328194467072	-0.6986504386270739	-0.6587873577743341	-0.8807264188303164	-0.113896055680624	-0.320895949232621	-0.4681274901497644	0.0744711801334373	-0.5862518837411431	-0.4468369942870039	-0.4217673609409381	-0.3657543021097794	-0.3484607593794788	-0.3945409959059811	-0.6006388571970266	-0.5746129532149615	-0.5531717072510146	-0.7023942514111979	-0.5148172637877018	0.0710533575542233
ENSMUSG00000042148.9	ENSMUSG00000042148	Cox10	DOWN	0.7825877825877826	1	20	1	4	0	9	0	7	-0.5833898769818107	-0.5842554045748815	-0.37555391893230816	-0.5127991477960119	-0.49404201418803395	-0.9511644270108887	-0.4095827948124367	-0.6201959826683461	-0.5483148264814168	-0.9692645323386526	-0.2081228388849967	-0.2763303026153652	-0.3349962546271384	-0.1831396313329516	-0.5970580067384907	-0.5415647632180507	-0.8363444576106535	-0.5818286788242661	-0.4482343069111585	-0.2847640631162154	-0.5437900330880205	-0.3314557709753465	-0.5534643112781091	-0.3535433546700695	0.0075725469239099	-0.5121093061348885	-0.4753530205489335	-0.4095827948124367	-0.5346557637286934	-0.8329549306899119	-0.5917768917574922	-0.3020162999108186	-0.2530418934267716	0.0126520044433889	-0.532583550681637	-0.0976628292062423	0.4561936922490383	-0.2090562818625566	0.1659082277777255	-0.2895077603792895	-1.1677738985659758	-0.7645460803409205	-0.7044222585327201	-0.6201959826683461	-0.6636766080932165	-0.9756803778183736	-0.8235149214063321	-0.1148646206438262	-0.5521153296109703	0.0484758750389706	-0.5483148264814168	-0.3765327907053686	-0.5306667428812837	-0.2654126842263147	-0.6321591292402425	-1.0009150266226463	-0.8362458787629833	-1.302570564546388	-1.0884008886310337	-0.8515786969855907	-0.6091754011889249	-0.9692645323386526
ENSMUSG00000049517.9	ENSMUSG00000049517	Rps23	UP	0.7821067821067821	21	2	6	1	7	0	6	0	0.38956436968293195	0.44021072768054537	0.44541886585857166	0.4048546785586059	0.23078287000079653	0.47720106431375375	0.4483686845849298	0.4320527707761609	0.2381429365143239	0.6248394616786487	0.2638859552977432	0.5071463662516468	0.5342394145708148	-0.3937781600222565	1.3550310532810832	0.4629834696554286	0.6149349219783222	0.4280524776583697	0.8553747346567326	0.1270677710385881	0.3780435766647297	-0.3897219447282078	0.4226996433039082	0.9121525396949328	0.3684758481476911	0.4483686845849298	0.1818006383251086	0.5298081068963242	0.1759775617695456	0.6237455802206143	0.5223203413104809	0.1171179210160357	0.4084157506131417	0.9430227835018524	0.5865577384802072	0.3188309904537426	0.723755613559923	0.8025881357673614	-0.172707504098514	0.1704440950577642	0.4142406552144361	0.4320527707761609	0.7025337828048854	0.4848308143881476	0.1303161642503332	0.7036330735922274	-0.0872381133060883	0.178585245804821	0.3537038989140532	-0.0037990667743535	0.1538992927949955	0.3010749240345523	0.2822558552354364	0.2381429365143239	0.2880373589484608	0.6336249061438358	0.4986057546087984	0.4872107457479253	0.8933978095652377	0.6496404736571514	-0.4469117012053215	0.6248394616786487
ENSMUSG00000018415.15	ENSMUSG00000018415	Gid4	DOWN	0.7821067821067821	0	21	0	5	1	7	0	7	-0.5952776712461585	-0.6626240295741701	-0.6411784316728707	-0.498696133030847	-0.28285821905854974	-0.9583779012223663	-0.6877424227332444	-0.6375056364150958	-0.2717150447716983	-0.8614230312658174	-0.4435081304300148	-1.167262422009637	-0.122841141135077	-0.2643164200086099	-1.4809534489008802	-0.6925416995846245	-0.7795466024734236	0.0758722120177064	-0.977866131665142	-0.0433958504944923	-0.336426035948673	-0.4024637710418065	-0.7039720907053277	-1.191106552595052	-0.5097693869028327	-0.2599060538971688	0.0843896485381826	-0.7685849551209447	-0.9948411240171652	-0.998740928304883	-0.6720402319644557	-0.3497152124228421	-1.283211187488768	-1.0458817797085982	-0.4136922548530483	-0.6877424227332444	-0.8817536813166839	-0.6375056364150958	-0.0454776212368807	-0.4386330740268215	-0.0536070343524694	-0.7080077277680433	-0.9487617090640786	-0.6588801283525393	-0.1970133955065605	-0.900127180131046	0.4990578911969034	-0.3327570452750134	-0.8551055226550937	-0.1166539930741237	-0.4229219448945986	-0.2842018797991594	-0.2171240196474708	-0.2717150447716983	-0.0128782750861858	-0.5261009889822497	-0.8614230312658174	-1.3922924326243555	-0.6085938025519132	-0.874234744400854	-0.1810394502415053	-2.264960858489869
ENSMUSG00000013033.17	ENSMUSG00000013033	Adgrl1	DOWN	0.7821067821067821	0	21	0	6	0	7	0	6	-0.6860768261389933	-0.6625683815853147	-0.8691588909359382	-0.7237734502296489	-0.32189526462218676	-0.8294796987681995	-0.687660327024783	-0.6374764361458464	-0.245834829930836	-0.7210749274410948	-0.3030412585944239	-2.433385108789638	0.1264238159324185	-0.0636296602857103	-1.1682756629354554	-1.6829974636256655	-1.7197423217046337	-0.4466208025321569	-1.5526652476972311	-0.143850404802362	-0.1457995609619025	-0.2570621774603238	-0.7279584306609058	-1.0440860488261436	-0.5316387443873221	-0.4081678744823833	-0.674638432234178	-1.1599878020290688	-0.5362342042499999	-1.5213480356821911	-1.38933046987072	-0.565272045907403	-0.8928953422933386	-1.874999528053463	-0.555226508466475	-0.687660327024783	-1.1072004076448696	-1.283737378873698	-0.1630742699371588	-0.1355322635574699	-0.6374764361458464	-1.402869480560762	-0.5777623535631567	-0.8659619689694513	-0.3367779234175826	-1.0285393897507622	-0.1791426786864437	0.1044224976634394	-0.9918824684542152	-0.1755044415544462	-0.3130231688652579	0.0545535887660711	-0.5286081850490505	0.0994890884350293	-0.245834829930836	-1.1905890113516913	-0.493062109177294	-0.7006150872699698	-1.0357488702703617	-0.7210749274410948	-0.2989631928378114	-1.366304693029173
ENSMUSG00000038181.17	ENSMUSG00000038181	Chpf2	UP	0.7816257816257816	22	0	6	0	5	2	7	0	0.8839552862344737	0.9779195766495924	0.8818621374073469	1.1236781719613076	0.2700072427893797	1.2602735927798603	0.6628453623610926	1.2929937909380922	0.0152123152505855	1.3315505013658155	0.8499273731507828	1.2712737981499906	-0.0102791286396541	0.8077211075510733	2.891036185196563	0.5346411896716402	1.0239992776799929	0.6628453623610926	0.9356587683455476	-0.0498485634232864	0.4683962651655564	0.2981875166258136	0.3284266754658216	1.8639139576708617	0.1594096323651013	0.646893524453338	0.3439305818987354	1.7817027653623867	0.587473025009621	1.7177887274691583	0.3472367640508708	0.00012022014371775152	2.639727082270806	0.8480810963784337	1.5080443897235365	0.2863076857623835	1.0676624301384812	1.699498614017259	0.3774424693671024	1.0630291175164883	-0.432831912702847	1.2929937909380922	1.9015138380236236	1.9641012865694352	0.0135662719359846	1.0608652680913788	0.5388817375802076	-0.4529659990698034	1.356362025892684	0.0069779743284982	0.5909793601202745	0.3424581381638382	-0.3258319722172932	0.0152123152505855	-0.1764254493931782	0.8580388922941153	1.8245508683261016	1.1249688747689206	1.4787259092412597	1.3315505013658155	0.6914080022163595	1.512672101246449
ENSMUSG00000031095.16	ENSMUSG00000031095	Cul4b	UP	0.7816257816257816	22	0	6	0	5	0	7	0	0.7421168391359155	0.680909714184577	0.7548605853896618	1.0165355847099085	0.359378384980794	0.837692801463298	0.6262227899632947	0.7355966384058594	0.2067473862457681	0.7588044390344916	0.6262227899632947	1.5097702695483628	0.1185207959572262	0.4752473374380725	2.00563891150444	0.9785653984536814	1.2494729529894772	0.462413809433908	0.923715137935997	0.148885039201502	0.2492537136166535	0.2534092111654135	0.3695317290931218	1.5766864000902618	0.0419496979127865	0.3334507126117305	0.2367706474282342	0.9199262688340344	0.6511194538355929	1.1760438058903844	1.045084932640821	0.0177192277910505	1.975064118953369	1.1067627428172462	0.7507402332252953	0.5757687402767926	0.6035017269121212	1.3197595392404162	0.2251578847128369	0.566593300315623	0.5701349286966099	1.3760042556116956	0.7355966384058594	2.3225025459863198	0.1662709200683904	0.4638527630497431	1.2207064768495122	-0.1432621069739802	0.91547161154132	0.0345435639308429	0.368416692427567	0.2067473862457681	0.6549569516053798	-0.021466253196189	0.08692422924038	0.6657816752311219	1.3182839429758115	0.7588044390344916	0.8231881720576812	1.1216539658674978	0.460177759107222	0.7159596559692603
ENSMUSG00000033047.6	ENSMUSG00000033047	Eif3l	UP	0.7816257816257816	22	0	6	0	5	0	7	0	0.48625023599275197	0.4111525989610595	0.47736034722361836	0.4738972371316645	0.17677619356538496	0.81696716605034	0.4552508716845321	0.3670543262375869	0.039647578354479	0.8827343822738184	0.1157704729154287	1.2387971720527575	0.4864973311430158	0.290459814473421	1.0843055954564391	0.5690844671561344	0.9520169512441844	0.2097712701627195	0.566882748496372	0.0821420055157111	0.3380574857255973	0.1437236514165851	0.0854395023166475	0.8879917721854453	0.180441503418765	0.4680926314443104	0.3041109330010215	0.6854080340174483	0.2064580754615427	0.7821010288492801	0.5457586049974422	-0.0278495147380649	0.7888891552805793	0.7185835959618725	0.4552508716845321	0.3606040600310958	0.3699401553674122	0.9944669358739088	0.1775559119894983	0.1212478634403984	0.0503937441316851	0.951618735759476	0.3670543262375869	0.6549431424890982	0.1290566605532215	0.4312010299841811	0.0395332755782462	0.039647578354479	0.7727910146122666	0.0272528636765407	0.2794767271925691	0.2131289153838756	0.0182862824324529	0.0107669604435814	-0.0166031789921796	0.6961159514097109	0.8827343822738184	0.7573053750478423	1.0400262079482567	1.0288153165056022	0.2699257057218533	1.0438472234452976
ENSMUSG00000034205.17	ENSMUSG00000034205	Loxl2	DOWN	0.7801827801827802	1	25	0	4	1	10	0	5	-0.9495155766335097	-0.8039235542665972	-1.4055225400850386	-1.0174738573931323	-0.6462202851358207	-0.7288456239200473	-1.4460133915713371	-0.5474896606357125	-0.6973268263145157	-0.9105202822186788	-1.1263112974942202	-1.2276334269693767	-1.467450176786212	-0.935703323348678	-2.6212950126752106	-1.1444555764347062	-2.1501596809895043	-1.704212007375851	-1.7581333440771008	-1.0239549087757864	-1.0843398488106328	1.992542205390415	-0.8262221088629861	-2.063218686387748	-1.3232617556058692	-1.7338350748010287	-1.4460133915713371	-2.647250115017578	-1.8314575862478728	-1.4587492807331888	-1.7733452775717569	-1.192789948854245	-2.555547527925663	-2.18453804368708	-1.040107959352753	-1.1513361027523987	-0.4703293245776729	-2.270652881682134	0.0009907633082664026	-0.5474896606357125	-0.2559428350301644	-2.5086804700460363	-1.1997350459350162	-0.3408068717311298	-0.6846287752149738	0.9062791157558312	-1.2000664741851077	-0.600128468225864	-1.0518159145811334	-0.6973268263145157	-0.8153941127457951	-0.4447077211137786	-1.03873174795984	-0.8460298114063484	-0.6358724005025026	-1.8767085575582567	-0.2403277758204133	-0.2114254100642402	-1.3653708993407971	-1.074669201940525	-0.9105202822186788	0.5771027595025802
ENSMUSG00000054676.18	ENSMUSG00000054676	1600014C10Rik	DOWN	0.7788600288600289	1	21	0	4	0	10	0	6	-0.4378056496272698	-0.4390421193223133	-0.5237606085203419	-0.5070651587848184	-0.3707224045612577	-0.3496744266426612	-0.5543278253590486	-0.5235367558991088	-0.3545474827455178	-0.3473866182482857	-0.8752499277018015	-0.86718772942944	-0.1798730567789076	-0.1449827355754185	-1.062983833842883	-0.5219172084839071	-0.7297273086406342	-0.3781589745319257	-0.6988026734838314	-0.0979109051976425	-0.464581002060325	0.9197277769369904	-0.5543278253590486	-0.8345631021214104	-0.438435840474731	-0.1812594580385935	-0.0223932038617715	-0.4394301618090668	-1.1721007462464392	-0.7012996625566007	-0.605207512593002	-0.0846965779766474	-0.9157130233253892	-0.8248747227336386	-0.448254611956455	-0.7440321642434735	-1.0733002379632384	-0.6399812130894064	-0.0301852071404567	-0.5801476864375587	-0.2675610922799509	-0.5235367558991088	-1.0988393026487202	-0.4092048539985268	-0.5229098220277021	-0.5633677695810134	-0.2517246006998324	-0.3545474827455178	-0.3055274804503155	0.0398004435952249	-0.3825005305475583	-0.2773973909314709	-0.7352892736082733	-0.1594571345777875	-0.5650254085995889	-0.5386459662131637	-0.1238028928928544	-0.2671562933184264	-0.59643720372076	-0.2093759929466112	-0.3649160191585269	-0.3473866182482857
ENSMUSG00000045160.15	ENSMUSG00000045160	Bola3	DOWN	0.7788600288600289	0	21	0	4	0	10	0	6	-0.5446867373161293	-0.5257637774416714	-0.44908507564066774	-0.5004016731623538	-0.4551749391843396	-0.7740852612771556	-0.4760436170361715	-0.39446013684401	-0.5754839378471712	-0.7482490368357346	-0.5196105554475285	-0.998268032112144	-0.3554618297569694	-0.5135694402047404	-0.6324758817422185	-0.2706874320318567	-0.5705110414221058	-0.3962587802509147	-0.6445212031005512	-0.1963863570950408	-0.3601796853140282	-0.2263773493660005	-0.5791088286931771	-0.5964985622523019	-0.0188078124108129	-0.2198168111229011	-0.0737421285048209	-0.5467177947590848	-0.5630815910223992	-0.89357953829748	-0.4760436170361715	-0.1089280938642771	-0.829713185136981	-0.2884150232605161	-0.4858342127815521	-0.440155989608738	-0.3205462657027172	-0.39446013684401	0.0029126608011557	-0.2660695609398374	-0.6527428309189154	-1.5562660927790737	-0.0776816499528422	-0.5585041015029544	-0.7476233316007017	-0.4578835885340832	-0.6019286799063202	-0.146086315615521	-0.7186293141275519	-0.068590318288101	-0.5954155924945962	-0.2364929074917668	-0.5754839378471712	-0.164127520418372	-0.6946628247035497	-0.8938069090507482	-0.6432570815094703	-1.038869809096824	-0.8367193005391307	-0.7482490368357346	-0.6494095341322272	-0.6082851577759526
ENSMUSG00000002102.16	ENSMUSG00000002102	Psmc3	UP	0.7783790283790284	22	0	4	0	8	0	7	0	0.6061734844832966	0.5608001365843533	0.6420024935302663	0.5205424952730923	0.3179130401661624	0.944235908963665	0.5422856546216477	0.5793146185470591	0.3141514618432995	0.9535233244272726	0.1657946329313134	1.2096086569541349	0.5522910015943611	0.5345006384558235	1.501384809282852	0.5474525326469181	1.112500209680739	0.5043809415588684	1.0210989573887792	0.0732634917099328	0.4195947834846734	0.2317674323736603	0.0510857488886782	1.0486008762751238	0.1696798923032236	0.5422856546216477	0.2456116507135137	1.065733763845686	0.4903989145314039	1.1324906103684331	0.7098670767905837	0.1399552107387287	1.1381319943848764	0.9326903480325968	1.0704652661251164	0.3565837983948919	0.3668484312406339	1.1775885819258394	0.0212228700066507	0.2474488208204072	0.0262102631437534	0.979603774844673	0.6124085376232635	0.5793146185470591	0.3141514618432995	0.6929527831882843	0.4050506260141374	0.0739719131729736	1.017116113136196	-0.001432760548126	0.5310871165019979	0.4013335817805308	-0.2398825867761324	0.1571332208974309	0.1455619726171938	0.8475716786803235	1.3886650562486078	0.9535233244272726	0.7120246679769474	1.4532239737234636	0.2740391097814514	0.9806035519075889
ENSMUSG00000031996.18	ENSMUSG00000031996	Aplp2	DOWN	0.7783790283790284	1	22	1	4	0	8	0	7	-0.5738194119810547	-0.4728721239290722	-0.6433992539296186	-0.491682428140606	-0.3473200424907752	-0.8128759233632189	-0.6414422424164631	-0.3757564047766943	-0.2588743737399095	-0.56998784308145	-0.3203459553458651	-0.9898085844914936	-0.5033455921781554	-0.1708687546271992	-1.5972028469146389	-0.6632306797566162	-1.0523292696295572	-0.1358275545528124	-1.2605610604812645	-0.2628533433157299	-0.4860464324950883	0.3290736021558772	-0.3837348502551134	-1.1144622241752669	-0.2676578797346628	-0.6414422424164631	-0.1536937568722899	-0.8633191327059527	-0.8540876613556436	-1.046983870080447	-0.7616930349048964	0.0404045576365261	-0.7397188876757042	-1.1315512204410874	-1.1006662321109348	-0.6207609512542315	-0.6190659981209956	-0.8235396284024019	0.0943100150862278	0.0173428980770216	-0.9458870955692358	-1.0964989104828289	-0.3117478709163301	-0.3757564047766943	-0.1408078536995647	-0.5363788444888725	-0.696124386753648	-0.2588743737399095	-0.9414901404375432	-0.191439309642469	-0.2982812788708046	-0.3244897574121232	-0.1914375962045872	-0.1712560364549015	-0.069940889694104	-0.5342688092867616	-1.0270147271467915	-0.5316217177482248	-0.56998784308145	-1.3269247301798148	-0.4302821091248854	-1.2700315269746036
ENSMUSG00000060913.8	ENSMUSG00000060913	Trim55	DOWN	0.7783790283790284	0	22	0	5	0	8	0	6	-0.622929957073565	-0.5293638495831343	-0.6351306232847099	-1.0923273518548284	-0.3876352034016838	-0.3766266497530381	-0.7185051296361749	-0.8780505890535626	-0.3402225695300938	-0.3058788512751783	-1.0616102619226615	-1.2040226705480053	-0.1522229698903479	-0.3438271738629612	-0.8320354618459922	-0.7424573568397645	-0.6727235820171749	-0.1617068325460479	-0.7488382453085833	-0.0748142731159526	-0.368459377124113		-0.8285387245872236	-0.8099902742268369	-0.5374011472556784	-0.4320838994277622	-0.4543396892199555	-0.3947389596833613	-0.8552720531381898	-1.0674711897103817	-0.7142483546559132	-0.0090813229270189	-0.749971081571002	-0.7227619046164364	-0.5940246729898474	-0.8682349754237958	-1.1125197509474491	-0.8684485694989637	-0.0318139026855926	-0.8780505890535626	-2.2606756381147384	-0.7895501607357793	-1.916822760709616	-0.9009298421855456	-0.2632194333343807	-1.1706074087183318	-0.4132327297995782	-0.2506604144225776	-0.7712855860205287	0.0403237893726552	-0.4353007180354093	-0.3402225695300938	-0.2763260928019669	-0.0405190011132733	-0.3429370730150359	0.0006160785104163958	-0.3058788512751783	-0.5828733391693675	-0.2814409229519528	-0.4811087037533105	-0.1919893085368648	-0.7937115010950094
ENSMUSG00000003199.17	ENSMUSG00000003199	Mpnd	DOWN	0.7783790283790284	0	22	0	5	0	8	0	6	-0.6583756138836603	-0.5492482721566386	-0.5834901092947169	-0.5659116011154668	-0.5622155900686812	-0.9218851550557764	-0.5413513186792909	-0.5571452256339864	-0.4938460966455943	-0.8619682491326642	-0.680810113467122	-0.9979188063301352	-0.6408684449750791	-0.4540626551529597	-1.18677273417893	-0.5086833332774787	-0.5413513186792909	-0.149448507531376	-0.6870508122303773	-0.220310600883862	-0.5046305900662741	-0.4428531831085794	-0.1027904455556501	-1.0978897471295392	-0.1033600852262313	-0.3646118241536983	-0.1487380853162476	-0.6116669760237223	-0.5712355478688146	-0.7077991363350999	-0.3332393412243039	-0.0482300666214291	-1.530786136885132	-1.2206897027267956	-0.8439676554425632	-0.4220708178016449	-0.6323962827650204	-0.6713334093572361	-0.1669120450973949	-0.1089461793411933	-0.5571452256339864	-1.3226682081916734	-0.3707008673871401	-0.763675272799643	-0.8824351552353372	-0.2569920648729463	-0.946801741419033	-0.7916151910193017	-0.9731579103355704	-0.0709922926403541	-0.4471806817600696	-0.4938460966455943	-0.8767449329394411	-0.3408829421599407	-0.1037224817279051	-0.6603631186975852	-1.2273504654000569	-0.8619682491326642	-0.6296130399891368	-1.3483452489870116	-0.469894559928417	-1.255661403255562
ENSMUSG00000049551.3	ENSMUSG00000049551	Fzd9	DOWN	0.7783790283790284	0	22	0	6	1	8	0	5	-0.9933787693925945	-0.9323107610065976	-0.8821012041905255	-0.9704300985557923	-0.9021427198596738	-1.2188410549643867	-0.7110039117502456	-1.0070674190457796	-0.9227393020241084	-0.9418822199890868	-1.198957903911602	-1.1606626643881497	-0.0845056432332386	-0.6742981287576925	-1.842629679646098	-0.6716756466414836	-1.4819497317212904	-0.4153751582852863	-1.483812269300426	-0.3281263847769062	-1.0903831525296228	-1.5541086654792513	-0.5383332301062322	-1.0595897970673394	-0.4155868820676854	-1.020075091692565	-0.5597275583350879	-1.643438809328972	-0.5729203188754629	-0.6564829445712836	-1.0657800314842194	-0.0928334941738771	-0.8332303094335598	-0.7110039117502456	-1.6060031422578078	-0.4110402752644809	-0.6442016880643202	-0.6983313447097775	-0.1235449871686166	-1.4509844173432025	-1.3180051827757264	-0.5210885037631012	-1.6739888350843424	-1.0070674190457796	-1.0177112433047328	-0.3456625018943965	-0.9227393020241084	-0.5142553811157085	-0.8552494574131959	0.2830725388248705	-1.0201448657844634	-1.2650870657861468	-1.3180560649914883	-0.5385584855896666	-2.409178089377376	-0.3097099731094824	-2.310887539821066	-2.403731466922733	-0.1832983812724724	-0.7982963851738872	-0.9418822199890868	-1.5840814184619785
ENSMUSG00000038201.11	ENSMUSG00000038201	Kcna7	DOWN	0.7783790283790284	0	22	1	4	0	8	0	7	-1.1112916838588378	-0.7224484831845717	-0.6840002701808283	-0.5731698519231667	-0.5816089697570767	-2.6063876435742794	-0.6270769921915177	-0.8178199741776258	-0.4525483543138248	-2.842501196848936	-0.6107283513707605	-1.188755164367543	-0.0519507305409608	-0.5266116543478495	-1.5528652404653238	-1.0499121264648874	-0.405516631569556	-0.7947253349750507	-0.946457633062782	-0.4014541425624792	-0.5428475114066899		-0.1975766615910724	-1.2657208430816131	0.0071918648936463	-0.3071748551616486	-0.6978882953725466	-1.110444886772601	-1.1372535029561197	-0.2178372106382003	-0.8351314442366286	-0.3922499033149171	-1.5005477030023482	-0.3907645155794137	-0.6965792439363586	-0.6434256330122748	-0.3267796698055593	-0.9594587213330212	0.0519697745443595	-0.6761812270222304	0.7593310594761321	-0.980908784800956	-1.6337712124032842		-0.750002908050657	-1.446690779125028	-0.0133902310287966	0.0932549557150329	-0.8753179779479134	0.0289519141246021	-0.927868955331312	-0.3668425915805517	-1.4843123336350732	-0.2029314061543218	-0.4525483543138248	-2.026173727443823	-2.97817125232164	-3.169586934371323	-2.708422757774475	-3.1209169881635352	-1.3989406480962203	-2.842501196848936
ENSMUSG00000038515.11	ENSMUSG00000038515	Grtp1	DOWN	0.7783790283790284	0	22	0	5	0	8	0	6	-1.2999701373266663	-1.3421338777574179	-1.2620973259887538	-1.4981825077705397	-0.6444388975063413	-1.7951618180410305	-1.0405013500092128	-1.643766405505623	-0.4963331019104726	-2.135397539881482	-1.191182869379334	-0.6062251607379389	-0.5215695730466764	-0.9040332254209352	-3.0773978963242925	-0.5338809921611317	-1.578516794253385	-0.6316460400541508	-1.0153845923783418	-0.4792141891102764	-1.0396448163824716	0.4161599026341425	-0.7471015615635435	-2.3108093665907083	-1.0405013500092128	-1.118139413060126	-1.177983177432091	-2.201324143163833	-0.5474297228707975	-1.8494111151057555	-0.4924627846730214	-0.2571783500725166	-4.275754249594567	-1.5847315498255483	-1.144323465774586	-1.1953789546026332	-2.971562350742622	-1.382431072552084	-0.0275071090750136	-1.643766405505623	-1.6908364817798167	-1.892170232200397	-2.4371497464736693	-1.4134165068071736	-0.7961609128605838	-0.4274315991661884	-0.9956492627739164	-0.469389122235236	-0.9822948659331668	-0.1121236398255529	-0.4963331019104726	-1.0175242153388373	-0.8797123442912599	-0.4306514903543079	-0.4815573178802331	-2.5841041373543367	-1.85901181229453	-2.228579317187008	-2.135397539881482	-1.0946141203869033	-0.4923271998952075	-2.1720985992877444
ENSMUSG00000025735.14	ENSMUSG00000025735	Rhbdl1	DOWN	0.7783790283790284	1	22	1	4	0	8	0	7	-1.5163729288720247	-1.0206591707781087	-1.2120102658385492	-0.9472351020441209	-0.8474986346998885	-3.0587477129055403	-1.0661676583602533	-0.9751506831959644	-0.9128394174593886	-3.24461469117638	-0.8330615165683445	-2.746052066180564	-1.7376939398041895	-0.727707277715149	-2.374121939949673	-0.9060965162973786	-1.6041390913227045	-1.0791798232947547	-1.366788192336614	-0.7263177487620597	-0.6637585660420038	0.9406292598310196	-1.0661676583602533	-1.949121018065406	-0.2797218486252406	-1.2227140894355812	-0.6995984745505427	-0.6102265788066595	-1.0261535570085734	-2.531505149995572	-1.6970331762612427	-0.2158472059529009	-2.896883355314447	-1.3213077918658005	-1.0311879418539822	-1.048543651608161	-1.3039782614940487	-0.9751506831959644	0.5941795486457554	-0.5615840430649466	-1.1794536155296829	-2.550798136753608	-0.6906427157308721	-1.2671960686795285	-0.9128394174593886	-1.2981280151209442	-0.8020353837383148	-0.5922638569110696	-2.0479110756592345	0.1399870441287768	-0.989076630034251	-0.4908929365727386	-1.2817520808246063	-0.0026700172173293	-1.044902612289672	-2.3595718550760494	-3.4530388999131727	-2.815099939990386	-3.2768995127230696	-4.463714140700548	-1.7982949507591746	-3.24461469117638
ENSMUSG00000067081.14	ENSMUSG00000067081	Asb18	DOWN	0.7783790283790284	0	22	1	4	1	8	0	7	-1.642106689061542	-1.4853602546603697	-1.4538297918092993	-1.5282191704423689	-0.5857364206417253	-3.000641373352774	-1.4119077225236247	-1.5588127867971144	-0.5043274731839817	-3.2446686126905324	-1.561022160763098	-3.30150165652673	-1.4760994007574089	-0.0847851526641176	-3.349560675390218	-0.764877780067121	-1.864868216842794	-0.2276785095610017	-1.737588929827892	0.0573613827985273	-0.9683499159240192		-0.8656006556170459	-2.1095166304739004	-0.9077651994451684	-0.8494278436713802	-0.7497224294093452	-1.5480737811730252	-0.9709312004750602	-2.091595339929734	-0.8210474782303413	0.2356444940846144	-3.003405685540837	-1.6526852819724296	-1.3477160442898404	-2.554881008873488	-3.283879486498928	-1.5879529431851362	0.2119760858793419	-1.8438463822154776	-0.8715651941598916	-1.5588127867971144	-3.944129740014533	-1.10320323260377	-0.0381959874781267	-1.839506771598742	-0.537084612873906	-0.3017748805448821	-1.5652531605290303	0.2209480646186033	-0.5939847244502146	-0.55151555705874	-0.4385465955400944	-0.2938589284198627	-0.5043274731839817	-2.239697075047631	-2.7321307963681734	-3.5686781704575607	-3.2446686126905324	-4.53131690487996	-1.4014484480478555	-3.286549605977706
ENSMUSG00000031453.17	ENSMUSG00000031453	Rasa3	UP	0.7778980278980279	23	0	6	0	6	0	6	0	0.9243498150003606	0.879290926321826	1.046541864019073	1.590125722061076	0.3545925777675094	0.706139096153784	0.949599043992966	1.7126173630380244	0.3624986014659208	0.8089828086506862	0.956791157711308	2.0404372046893644	0.5260444284965934	0.7599653235423219	1.703572390728506	0.9801311633490152	2.053983116954819	0.4276637925653179	1.3781854502610835	0.2267060583353833	0.3851907611119928	0.229367820159645	1.4409659171427651	1.9860919186617687	0.8826155820657178	0.4302553310160173	0.6989931345001773	1.6278142938617062	0.871975516260359	1.9749073688568084	0.4175617024305151	-0.0739248737279849	1.8606573613166544	1.1068993450809534	0.8784178521584932	0.949599043992966	1.5357621669927042	2.1580957305073407	-0.1049684953980796	2.25902395976542	1.2664898737268853	1.7126173630380244	2.204395127433331	1.63522649535461	0.3624986014659208	0.8867117031347624	-0.22719575913759	0.3302153795775257	0.8809001553052305	0.2016837107902386	0.3722302843840419	0.069143417571087	0.3870963614936017	0.2437725826278406	0.393461918229944	-0.0499578560070772	1.1194805986994665	0.646764075772694	0.92707717835241	0.8089828086506862	0.4578156416700661	1.0328112259382427
ENSMUSG00000002489.17	ENSMUSG00000002489	Tiam1	DOWN	0.7778980278980279	0	23	0	5	0	6	0	7	-1.4020190441927616	-1.3565090202966825	-1.8577006203408355	-1.4121576465918797	-0.6830443731020067	-1.6551735367363238	-1.7773121803084682	-1.573247907162172	-0.2826782665328541	-1.139770133431193	-0.894580494419744	-3.2225677583959533	-0.5850632422318808	-0.5553261652017446	-4.036354265569325	-2.265254351693119	-2.7729774779635674	-0.7985199942403707	-2.967355605664242	-0.7989957375046497	-0.922158574115037	0.2308137515110096	-1.2617403900732087	-3.0674936779205817	-1.0937250661975615	-1.0667609641953688	-1.2552492628038596	-2.454097895953435	-2.828729057387588	-3.288331181730263	-1.7773121803084682	-0.1503235726917773	-2.704762840882962	-3.279549668865201	-2.3391135010878807	-2.4316603060504653	-1.5707272675653086	-1.8613641547689947	-0.9418921110798636	-0.9461499961953712	-0.2072215252021043	-2.6362687303891192	-1.718959101345535	-1.573247907162172	-0.1822407032660969	-1.4059100362503638	-0.942422565332422	-0.1578659668042377	-2.283406076164358	-0.2482175733285423	-1.1973983386507454	-0.2826782665328541	-0.2641566404284268	-0.1055346904511883	-0.4436572469128388	-1.2573760017857365	-1.139770133431193	-0.9289019154044508	-0.9323010175889124	-2.378655373570264	-0.9373760180751426	-4.011834297298568
ENSMUSG00000002416.14	ENSMUSG00000002416	Ndufb2	DOWN	0.7746512746512747	0	23	0	4	0	9	0	6	-0.5529704760094956	-0.5439715635417306	-0.6016054910077098	-0.47554363867395427	-0.44780760749667015	-0.6869251668596483	-0.5885532701501373	-0.1957084153778161	-0.499389856933324	-0.6097141263335198	-0.5885532701501373	-1.3390258995229087	-0.6513648448130045	-1.3123160322618808	-0.5928837475742933	-0.4804469730774544	-0.7597562051806591	-0.3489755756362976	-0.7341904954313082	-0.3098652845121905	-0.3131427901362149	-0.4901420216788926	-0.7943653470471346	-0.8440209445867365	-0.2707218640408876	-0.2524438488096425	-0.020043964599843	-0.5672339938680616	-0.5013874978952865	-0.9080610536167316	-0.6280653285619431	0.1745317944913591	-1.1021995956169386	-1.0188068278944291	-0.8563980152752911	-0.4014524580470385	-0.3320161718643179	-0.6123259764155711	-0.1025405060163085	-0.1957084153778161	-0.1153819611945256	-1.7223002200639406	0.2365183035244628	-0.8170666951739805	-0.706030630868898	-0.1721176824343671	-0.5439827784189989	-0.2637651373173732	-0.8608460193559004	-0.247698225566548	-0.5173191776856484	-0.1218484849849613	-0.499389856933324	-0.46887047768982	-0.5240152112075329	-0.8434116014748873	-0.6097141263335198	-1.0025133855701112	-0.4389088588128643	-0.7433868164944757	-0.585035983754693	-0.5855053955769871
ENSMUSG00000028967.11	ENSMUSG00000028967	Errfi1	UP	0.7741702741702742	24	1	5	1	7	0	6	0	1.2991270413470455	1.2232351361861573	1.444904446139896	2.2822846582806364	0.48855656032546046	0.9807625006421887	1.2961611931331136	2.8691311617265547	0.4417912629788359	1.150309079239201	1.4853715826467104	2.757748655458422	0.4591380848646722	0.8580920304089019	3.029751270253512	2.2939391024160574	2.112024442574925	1.206113175733181	2.3176161721655166	0.2027451951269451	0.693624258975343	-1.0580380868369998	1.565194865859126	3.2807470973553547	1.2425131031932433	0.3597961531797662	0.8167089956377951	1.875913056614914	0.8111037250806902	1.7603036163117445	0.65085105517258	0.2215836125904096	2.8142411034665167	1.1352541845612747	1.2961611931331136	2.1763967220335747	2.647525677799913	3.496744746649412	-0.5271648538527707	2.8691311617265547	2.931803874071049	2.231917639657827	3.715159629531057	1.2584004101813258	0.047669003971058	0.9994063849802146	-0.338737237512072	1.257657625114178	1.030904481048324	-0.0181471118861452	0.6599121898107159	0.417714897928747	0.4417912629788359	0.351346185048889	0.5246044820973197	0.4030976301380472	1.3347667186532044	1.150309079239201	0.4098017313739969	0.8266310152622843	1.2027028921886558	1.5380284376399318
ENSMUSG00000029504.6	ENSMUSG00000029504	Ddx51	UP	0.7741702741702742	24	0	5	0	7	0	6	0	0.3715351645696262	0.37008879506029385	0.5272268642517974	0.385122933125706	0.21013450180582893	0.3636563590951724	0.5124522269563297	0.4082474866337497	0.2642714240526987	0.331930103486838	0.3710460819572383	1.1662947613879495	0.3938738731867195	0.3851800495770235	0.7606125191620865	0.4394931753906453	0.93233290609133	0.3054961864154012	0.7191492720021081	0.1488271745993323	0.3601795094135431	0.0224324484992569	0.4094279920652755	0.8584332114908972	0.5124522269563297	0.3680627429715063	0.0568159754541719	0.9523112704806632	0.7428746111831943	0.6584912552333259	0.526082984533498	0.5257141484975695	0.6192213865703114	0.6555877287467253	0.5147620721861844	0.4146949481154416	0.4152748226308032	0.6860701072123078	-0.054297215302464	0.4082474866337497	0.7948750600937313	0.5019706921026876	0.3728587880182011	-0.0138643868782717	0.281369204752369	-0.3338948754920997	0.1157246142737693	0.2589491347576042	0.5245680918042519	0.0473859761420563	0.3703060819091219	0.1892980190600176	0.2799481627199886	0.2642714240526987	0.3135536858843403	0.3229222198455629	0.8016832289713564	0.331930103486838	0.4892458374183236	-0.1085163430797682	0.3782854331019984	0.3300440339218957
ENSMUSG00000046949.17	ENSMUSG00000046949	Nqo2	DOWN	0.7741702741702742	0	24	0	4	0	7	0	7	-0.8542815968798456	-0.820808211882198	-1.205001052371654	-0.9809533857915875	-0.4675104411297029	-0.763661508226438	-0.972421177097147	-0.9841421328719114	-0.4483007419311096	-0.669195246667249	-1.3528982693104925	-2.2479989139598264	-0.91687076037939	-0.7312874597371515	-3.197462908404073	-0.7436783458739958	-1.608934662692407	-0.4747815754926272	-1.294813013784493	-0.1000693189502613	-0.9739745601725524	-0.0878413584545847	-0.5463809422810256	-2.041848752399533	-0.4107566296707617	-0.9301067477312632	-0.5235760517960618	-1.6126599474946666	-1.4523016646432985	-2.228612009671937	-0.8248940888831323	-0.5996909415510776	-2.960547322171048	-1.4703251421839298	-1.526170069207726	-0.972421177097147	-0.7041257800401913	-1.3677398622531665	-0.1365416759205855	-0.5783103985949618	-0.4761813730433517	-2.269265133888708	-1.054493123968428	-0.9841421328719114	-0.4483007419311096	-0.9392277108468484	-0.3209659745411646	-0.5138706773286871	-1.1198289972739497	0.0191899540646775	-0.6519942638935617	-0.6581638002312374	-0.1242544474968501	-0.3016643519697941	-0.0835338409782069	-0.6103405839906489	-1.041449987038828	-0.6350224371283664	-1.0893835530601876	-0.7867253551309454	-0.5135133945688407	-0.669195246667249
ENSMUSG00000027961.8	ENSMUSG00000027961	Lrrc39	DOWN	0.7741702741702742	0	24	1	4	0	7	0	7	-0.8814795917644316	-0.8689557995968142	-0.7871093292664582	-0.8560163973467503	-0.4327598478828236	-1.4500327925616943	-0.7646859254592202	-0.9732256737344082	-0.3370482846215583	-1.6104986347706007	-0.732861658965595	-1.7886495128502786	-0.6181071189103741	-0.4712425988142707	-1.4546836983476643	-0.4922441305058599	-1.0614597153297356	-0.4787856566012454	-1.083553277658098	-0.0880740638704193	-0.4826319000829414		-0.8387937492798911	-1.2998059177229286	-0.2245337751344244	-0.6884068037117949	-0.3285319810203608	-0.7860200078811199	-0.9755005607667988	-1.4048931667978808	-0.8121321390735343	-0.2436208077039813	-0.9946170608894206	-0.7433518430373204	-0.7012288217839523	-0.8020408583622679	-0.8690717358257513	-0.9732256737344082	0.1861750303721861	-0.7346060282821785	-1.264816737620572	-1.252098994146606	-1.117282018361723	-0.8362603596539505	-0.6889275645582507	-0.7126123951418294	0.1318016190692343	-0.3370482846215583	-1.007410598881401	0.0559230261532174	-0.7591651191662001	-0.2514574422952835	-0.288145102051161	-0.0826137125157465	-0.8207027527020808	-0.7993623984773459	-1.3421607495032744	-1.8748990879005931	-2.084384691060846	-1.6123655575755378	-0.826558428643662	-1.6104986347706007
ENSMUSG00000040964.17	ENSMUSG00000040964	Arhgef10l	DOWN	0.7741702741702742	0	24	0	4	0	7	0	7	-0.924240268690304	-0.9663771147835756	-0.9553776180280171	-1.15692459990982	-0.4540157695811104	-1.1306430872422684	-0.7938482643886114	-1.1827505280931454	-0.4667337281859073	-1.1389059651785398	-0.60536994503124	-1.3735103915759077	-0.219225750225169	-0.2197618891133294	-2.123234885871848	-0.9598431917015094	-1.745908783918524	-0.5560266394300715	-1.1131594150704591	-0.5511588803841256	-0.668524393001181	-0.1311185492604768	-0.7938482643886114	-1.4206697086616382	-0.5563031661155692	-0.4770699535893219	-0.5159830470980715	-1.399795437406888	-1.5934829122780412	-1.4521985571579965	-0.5796209337996451	-0.3784618700934942	-1.307878336182557	-0.7274735379672496	-1.0142653526780212	-1.5749574949804217	-1.7363443997750958	-1.1614909016979964	-0.0028025968854499	-1.4714367318917554	-1.2103661644112778	-1.1827505280931454	-2.30418293792259	-0.7654423384665259	-0.4667337281859073	-0.8433847397605673	-0.6509294767175043	-0.0816558769333671	-1.0148900391868634	0.000975849683050072	-0.6186859092404099	-0.2110611682016355	-0.6488080100958462	-0.1100461918046741	-0.3489541749484897	-0.8548461394372527	-1.24455036447191	-1.341718902065415	-1.0379483150427296	-1.1389059651785398	-0.7288815577475508	-1.5676503667524802
ENSMUSG00000037621.9	ENSMUSG00000037621	Atoh8	UP	0.7736892736892736	25	0	5	1	5	3	7	0	1.6301985840664277	1.9772924668147407	1.750387879856415	2.153360606454991	0.5663405816070555	2.0507052683472495	1.5029163257712397	2.4516686078582417	0.5132250771396785	2.498905210690658	0.6784505525631489	1.8841763039290036	1.4259327123201502	1.3233922064010617	1.4814665242549172	1.2684242895235245	3.689545520219199	1.1010527902325893	2.986437828253417	0.5434100040908548	1.2599631575521943		2.1111561162882424	2.898728664445509	2.5393716410843985	1.291792492720354	1.1619532147112537	1.9930353667068164	1.6678520399349397	3.299562179317696	1.815569571697902	0.7308462583714748	1.3984635135251318	2.265739777424739	1.5243661272875622	2.485434959249456	0.6839610641612508	3.6102348482978974	-0.5034593487879829	2.448355114540456	2.9214300980201644	2.5065650874481715	2.4516686078582417	1.6387298378079862	-0.3143924038373374	2.2432385750096584	0.5920381488155173	1.1994112235539098	1.5490001993989566	0.17105023088908	1.1254450862094214	0.2072113667724311	-0.3949162302638362	0.5132250771396785	-0.6615648760098697	0.5018277782370639	2.5317869997255538	2.930474546754072	1.0651873352708032	2.498905210690658	1.5782491120549849	3.248505895697609
ENSMUSG00000020190.14	ENSMUSG00000020190	Mknk2	UP	0.7736892736892736	25	0	5	1	5	3	7	0	1.4376033467507623	1.397103305632184	1.7004964460086298	1.3891997922953654	0.37683878703884605	2.283878361660208	1.6078493331793224	1.1863572780850458	0.2171015312596336	2.014952819558167	1.2171060233339157	3.1407429594953427	1.0617296443390998	1.2348157298446734	3.303710591872689	1.6078493331793224	2.797786015610811	1.14295280470035	2.409033184963384	0.2126095090972627	0.7403674731509724	0.8732159098832106	1.4750452054918042	2.699922852765836	0.54563763834285	1.3278771138793302	0.675677720188775	2.079535742903154	1.596120309904137	3.0536551203058093	1.6312462581655096	0.3231222868834539	2.3776584533572747	2.4221900572419357	1.883856414920294	1.9942685162345577	2.085671172177252	2.63981988010689	-0.0659946717136103	0.7724583443575298	0.1293163523375633	3.2075705696584413	1.1863572780850458	1.8548707932356971	-0.2380002402350309	1.464413747409271	0.870710661071991	0.2772258301602233	2.1964715305370697	-0.0833781433199135	0.2171015312596336	0.3091614664959345	-0.6243906998090908	0.2127569657700351	-0.4568459919128166	2.014952819558167	3.242481070040307	1.8359566339604525	2.348544556782024	3.1753662408187298	1.5386848498347974	1.8311623606269805
ENSMUSG00000038806.8	ENSMUSG00000038806	Sde2	UP	0.7736892736892736	25	1	5	0	5	0	7	0	0.45595618189322223	0.4412385399815518	0.5554624327250679	0.6213400521942202	0.19077438203377925	0.4562478606198214	0.487102192241481	0.5794767689082798	0.14809282897069	0.3953748877216227	0.662167109809254	0.9972525516266496	0.1767138791380846	0.4928744313015157	1.4004390326313774	0.4569274877046934	1.299001534855019	0.5086305933787699	0.4339626885069947	0.2722727532606559	0.3477070259181152	-0.2942596853742175	0.3417051153086939	1.0671169608897026	0.5391714552992103	0.2881016789084615	0.3254138294850512	1.056940167784088	0.4791150374341462	0.7041206515195018	0.3227740650223622	-0.063919714452326	1.1749159019650297	0.2804300350168083	0.487102192241481	0.631126707000956	0.6096821973967557	0.9700347820118462	-0.0687066112995337	0.6160765123349382	0.554658171438047	0.5794767689082798	1.3118970518140978	0.3859436901518653	-0.0761646187139564	0.1650355046357678	0.4301471423143968	0.1351448002733955	0.4874622091717625	0.056190871797096	0.3083896976433845	0.14809282897069	0.0116009685277751	0.4165834169379214	0.0160353808133385	0.3776344687898348	1.0361292727122795	0.5159973359770073	0.3953748877216227	0.1816959408115882	0.2598182980911009	0.4270848202353166
ENSMUSG00000054387.14	ENSMUSG00000054387	Mdm4	UP	0.7728475228475228	20	1	5	0	7	0	7	0	0.6094838981216633	0.3937607221132323	0.3898597952595787	0.29892860116147146	0.3208450456979643	1.4283021503676387	0.4003716547902982	0.347760929710277	0.3871497894361665	1.6154490814881777	0.2026890119522795	0.7709370034052742	0.3989896691337001	0.1739510177883332	0.7386890071859076	0.4003716547902982	0.7424995040162994	0.3337085423007617	0.2577906870286024	0.2236813439383654	0.4180427757439394	-0.1578631479424995	0.4681235818171543	0.5081432850929661	0.2686535390277884	0.1814467322611385	0.1048770231717552	0.6625347787692097	0.8689720206948021	0.4744368618501786	0.5609966830878789	-0.1185375855306327	0.5878003399526976	0.1722442343275013	0.3761296409010675	0.4440855686086872	0.4628206986351703	0.1333132413316943	0.1031156586476059	0.3224266909778148	0.3794647188461942	0.347760929710277	0.4263184197581448	0.3801005488585692	0.3871497894361665	-0.6334724397392077	0.580020845209605	0.1801902470001435	0.5023705741679819	0.0851592491427108	0.3144733009684549	0.2744314512551074	0.6459519502852684	0.4992534444856585	0.6937670904657177	1.7510469137306583	0.5224867921779442	1.6154490814881777	2.231596805727204	0.8064285966446357	0.5196260893712779	2.551480773433572
ENSMUSG00000018425.19	ENSMUSG00000018425	Dhx40	UP	0.7728475228475228	20	1	6	0	7	1	6	0	0.5608620150097051	0.536098411489651	0.6443486699344909	0.9008369238219416	0.2389770286221231	0.459285437660265	0.6161490993823558	0.950535455051979	0.1600620354141843	0.4560477235969462	0.4593205548983666	1.6699072783479012	-0.0376566254769663	0.088757964478666	1.25269976897228	0.7345019188851738	1.1113090266118164	0.514587006831163	0.4395723540040409	0.1695020600133181	0.1424911017664976	-0.2537504742427569	0.3220388539466719	1.2710668980990814	0.0004727456428642182	0.4472496668848414	0.5099674248262308	1.114515143590996	0.6161490993823558	1.1256978256436458	0.7038151118884329	0.1136009493005807	1.4572987592570676	0.7227818096939728	0.752904616999608	0.8563773659691141	1.0922358820162894	1.2318156284278308	0.1091277370661486	0.6829409073934626	1.3039880612936487	1.1601157023061446	0.8673349752143771	0.950535455051979	0.1600620354141843	0.1860077833400326	0.5822832150754316	-0.1866905331663177	0.8528229419636454	0.1280580302871919	0.4092781247698313	0.1322955096505074	0.4353691305625345	-0.0777220596347001	0.0069831365810126	0.4560477235969462	0.8639960107954773	0.4609172830168923	0.4356079185861635	0.5728613915263585	0.1701417943143105	0.2554259417857067
ENSMUSG00000019878.9	ENSMUSG00000019878	Hsf2	UP	0.7728475228475228	20	1	5	0	7	0	7	0	0.4934825341270792	0.47873407297482673	0.5829041232135893	0.47040836972800804	0.31082503495085	0.6097926086158694	0.5480633188899908	0.4094048270596626	0.2670242024481219	0.5583249017691065	0.9107719166469684	0.8047039940185708	0.2891483030156564	0.1551350543510041	1.5831232236623276	0.4083481909788925	0.7283996529605544	0.2761954332890147	0.7511921003028139	0.1499256168562963	0.4393140923661613	-0.122451695773259	0.2112030575960945	1.059983176273254	-0.0429314657200735	0.5185860689688947	0.410037013145287	1.0525364033882745	0.5480633188899908	0.8657524737885034	0.1704654367941469	0.220817722740263	1.51584584936957	0.991794823524492	0.6708252467401645	0.5540723094961832	0.6175540090968641	0.2761925537288331	0.3083543839077611	0.4094048270596626	-0.13553528933614	0.6854459083185177	1.0052709119722194	0.7437252924452022	0.1020814006042195	0.4177085528751723	0.7635653328760171	0.1994283387448208	0.5789260251418235	-0.0115962666039077	0.1941044853220956	0.3866502564785527	0.4262994167548048	0.0948836398176293	0.2670242024481219	0.7803146421348397	1.1909079760736356	0.5583249017691065	0.3498188883144868	0.40681082157628	0.2750381571681756	0.7073328732745612
ENSMUSG00000020708.13	ENSMUSG00000020708	Psmc5	UP	0.7728475228475228	20	1	5	0	7	0	7	0	0.47335453381932624	0.4904383750744514	0.5075521513357828	0.4143282301321386	0.21420022153189186	0.7573375322774917	0.407478399163497	0.5733983509854058	0.1388588670430743	0.7178064961204225	0.1158806475782247	1.1096694569100771	0.5325303261364761	0.1983703170394098	1.2539664024882835	0.407478399163497	1.0353233495834353	0.5090429775499619	0.716093160397913	0.0318512093240039	0.3551416688114588	-0.3436215615639815	-0.0255001177571035	0.9622720446355968	0.0732474453695396	0.4023039023014095	0.2784745346315967	0.9360794700298748	0.3702066070890986	1.093239114918942	0.4264439309250467	0.169949601662629	1.0831168922420091	0.7008975256886071	0.7696040859840375	0.3190748498102632	0.2227718451158294	0.7993863676006165	-0.0408796539091261	0.2692596231779912	-0.0506424506313665	0.6774710642582815	0.5733983509854058	0.672304309443168	0.087556581669105	0.459920577373873	0.2801115917919199	0.1388588670430743	0.7002800091081967	-0.0567497004707355	0.4671195639945023	0.3203445800176007	-0.2786349615560073	0.1250386812221459	0.1123566466571356	0.6674610224600249	1.2935182446004512	0.7178064961204225	0.4308722343555918	1.2077268819503792	0.2072752003549735	0.776702646100598
ENSMUSG00000041891.17	ENSMUSG00000041891	Lman1	DOWN	0.7728475228475228	0	20	1	5	1	7	0	7	-0.36823850007866377	-0.3778260537102766	-0.4309962979308602	-0.45926403495409224	-0.2256223698054968	-0.3570712976242058	-0.3944287553027007	-0.5643196737458278	-0.2448646349914365	-0.3612233521178525	-0.2415255570470839	-0.5717778437984883	-0.1439176928945117	-0.2448960273781718	-1.0790039801950015	-0.1797810955920509	-0.6733127321538329	-0.2168419220490571	-0.3944287553027007	-0.1034073887700529	-0.1041275139078615	-0.2121237528833913	-0.2102009917912287	-0.859920828907937	-0.158317728951917	-0.5179423713379305	-0.0666869313670684	-0.5846423998018221	-0.6381548004158952	-0.5486854313090456	-0.3336431524684474	-0.1818392258445072	-0.9360613138184286	-0.480234014231437	-0.5023023824938522	-0.6472557874228229	-0.8058684219986813	-0.5643196737458278	0.272466899063255	-0.4220182888914153	-0.5899423391526454	-0.5620404820883427	-0.7598589670261621	-0.5891353928375077	-0.2986681401421349	-0.2448646349914365	-0.2298406003346627	-0.3124505741310882	-0.4674736287794066	0.1281447090898393	-0.2790228139550892	-0.2303945853674014	-0.1608159388396481	-0.0774728206850039	-0.3089870397244328	-0.2101551676228977	-0.3612233521178525	-0.1755733082799978	-0.5711150951369507	-0.3773994955411714	-0.1877220978198442	-0.6163105668507264
ENSMUSG00000035849.15	ENSMUSG00000035849	Krt222	DOWN	0.7728475228475228	0	20	0	5	0	7	0	7	-1.1068166281073057	-1.2239036620771013	-1.1575339995721827	-1.4662794787307025	-0.5345214485190752	-1.2689315856072625	-1.1239171017386047	-1.775017181960267	-0.5778867150910872	-1.323890222415598	-1.2885379804106063	-2.56195595105752	-1.1107272508415669	-0.5068604479779889	-2.4665523838024077	-0.9944748264084144	-1.1067467007253349	-1.139049578356508	-2.383322627535239	-0.1338117024775069	-1.0813221565412858		-1.1371069526356428	-2.363533535745026	-0.5623794925526724	-0.7905165790350016	-0.487489668187642	-1.4508676528237303	-0.3951858965564858	-1.2658744320732829	-1.2529070438396843	-0.2730027473333801	-1.6239122719899617	-1.242210356672974	-0.8208347998223567	-0.2858861870943089	-1.3708147663802293	-1.5225443857417162	0.0360423408689657	-0.8158311888032884	-2.0274899781788176	-2.180905425194343	-2.286948235335017		-0.7125164087465434	-0.3745969373102671	0.0735173104853949	0.016371010929837	-1.166292690313608	0.3029508006351693	-0.9894267514707816	-0.5402746193062224	-0.8683932633325816	-0.5778867150910872	-1.0431876701891376	-1.472770814207257	-1.1591870299379834	-1.3975081035030177	-1.399450034247581	-1.0881881129578637	-1.041526781981537	-1.323890222415598
ENSMUSG00000039005.14	ENSMUSG00000039005	Tlr4	UP	0.7723665223665224	21	0	6	0	5	2	7	0	1.2868137802769228	1.346211737227433	0.8830719628748209	1.569961190200491	0.330766243920702	2.3634557241116774	1.05254841034178	1.639875064113086	0.0515124148815829	2.11676441059426	0.435918691976956	1.285550216696111	0.5914759567973553	1.074499565038378	0.8387586990455311	1.3943768871216349	1.397465927140784		1.6828508499434731	0.1058820442171233	0.3481541206773301	1.3215255052483572	1.138037967585689	1.083670893880114	0.6837336434678166	0.2528962901883055	1.103823032707387	0.4191707799815046	0.3994837282007944	1.40919393878753	0.385015251162789	0.5061266729425095	0.5919776976025091	1.0782373095874112	1.0856539758117538	1.315794133291018	1.030597255645182	2.330732781046516		0.6869533371020254	1.5128088031377198	1.7669413250884518	1.1047285163358764	2.017602378492356	-0.3634134322279953	1.7807592412320905	1.1432816105675951	0.3782716835576997	1.3654240994075817	0.0515124148815829	-0.1248248551942251	-0.2788719425561453	-0.0167952407975453	0.3415399937453333	-0.6384548894882504	2.11676441059426	2.3640188196355068	1.8753817726098128	3.2609063877602007	1.9085186177142357	1.2548934386494035	3.763706621818321
ENSMUSG00000015243.5	ENSMUSG00000015243	Abca1	UP	0.7709235209235209	24	0	4	1	10	0	5	0	0.6712471000627938	0.6883355219783238	0.7846559796298045	0.528378738927007	0.6535783237020486	0.7183753579923151	0.6969765247204254	0.6633228053203153	0.6796945192362223	0.9701149661575056	1.5018308014169737	0.3958900055287361	0.6721438199467247	0.5142664639486884	0.6653687518215419	0.6198161701649914	0.5012230506445454	0.9720123025809762	0.6654163614556746	0.6968353692383027	0.9114161243213988	1.1578381980850383	1.4219209926735676	0.9486381081926624	0.7016668918870523	1.0780421024991216	0.7036610529584106	0.4278934521556572	0.3206443828256667	0.3711526973713478	0.7422008322599759	0.660786144335765	0.6969765247204254	1.274728931276132	1.1747939628739463	0.0676376390516838	1.3209103157697166	1.1215408751493452	-0.2081204952109224	0.6633228053203153	1.1852098181560489	0.0196532339484694	0.8494328384646972	0.0676120966610965	0.5696784292569409	-0.0942450105635372	0.7021997229835747	0.8690730001346879	0.960844232958641	0.2186745208078094	1.2943207510785386	0.5823890943197834	0.6796945192362223	0.427785309121193	0.9789469913886812	-0.0347667877076895	1.2297014827529558	1.3144445969413543	1.127921144440684	0.1987026621681437	0.2225094411932514	0.9701149661575056
ENSMUSG00000038375.16	ENSMUSG00000038375	Trp53inp2	DOWN	0.7709235209235209	0	24	1	4	0	10	1	5	-0.7867497626912193	-0.8420149711950382	-1.269691507232358	-0.903974833369198	-0.7060394957204296	-0.2672932144428915	-1.3320488393571812	-0.8417878593690259	-0.8422420830210506	-0.3040748647334487	-1.3320488393571812	-2.072199858113561	-0.4730297055794827	-0.6721372269830878	-2.304718369190488	-1.495416270381735	-2.1828652684535537	-0.6630104006051276	-1.7596059089099605	-0.2593706563806976	-0.8686306907394876	0.0396870189772596	-1.1091622220096846	-1.9863733721267431	-0.4167676763469331	-1.3155353415256632	-1.027358956288316	-1.7934965046203697	-1.6558833322812432	-2.1853419278373187	-1.959119918403836	-0.6426573971075582	-2.2146528904508265	-1.8847316999079355	-1.456313251253426	-0.3865757684980608	-0.2043542608986457	-1.1032630101607726	0.3862835396180781	-0.6250188853249963	-0.5958242703475628	-2.480364167511029	-1.067849180489078	-0.8417878593690259	-0.9822185249664948	-1.276119938363666	-0.9091256060333872	-0.2408092061856926	-1.237488497049023	0.0130934493942777	-0.943239425647846	-0.5323964056950234	-0.8422420830210506	-0.2197999113942195	-0.5960883039626003	-0.3040748647334487	-0.2635204611035521	-0.4058018798430278	-0.0988927937545395	-0.5226022062749842	-0.5106686367768046	0.2345083413861163
ENSMUSG00000031904.6	ENSMUSG00000031904	Slc7a6	UP	0.7704425204425205	25	1	5	1	8	0	5	0	0.6934395100123854	0.7661996287787431	1.020117671643256	0.9008979514602676	0.4444024125274728	0.40834000441854507	1.0476073123408114	1.0439348781849531	0.4740132450518282	0.4884643793725333	1.517312787856659	1.1189440869793077	0.4188977750429865	0.547244247574427	1.896035828578988	0.9653013319522312	1.3006947971931755	0.7547589982524504	0.746216102586243	0.5024668765787528	0.8719338883292687	-0.4645890023346841	1.0476073123408114	1.978191161333691	0.3712691435597852	0.6879135754465089	0.3774126913890188	1.7132625018608654	1.7078760281932932	1.2938689404737085	1.093052103280268	0.0954095921455368	2.122505141755372	1.415352302144165	0.4326560057782831	1.8007068876612549	1.230876028415539	0.8947223186115779	-0.1925451899062579	1.2598630223870857	1.5285723362010937	1.0439348781849531	1.49879511898076	0.2729431757626612	0.581363464141777	0.1201677134952926	0.5541207435127985	0.1727632920028805	0.6760213996616724	-0.0064556469575926	0.658802716552705	0.4587023553214905	0.4703537263675159	0.4740132450518282	0.728573528651833	0.6124039396746094	0.6778843311450098	0.292556651092922	0.4884643793725333	-0.0340846522339371	0.6677913028922624	0.1533640789864157
ENSMUSG00000037236.17	ENSMUSG00000037236	Matr3	UP	0.7704425204425205	25	0	5	0	8	0	5	0	0.4874523891173717	0.4771650797153786	0.5762581495065069	0.5522485073747255	0.36592022019785586	0.4553826793903985	0.4893188038018151	0.4922913038266244	0.1687068605078114	0.4650113556289421	0.6916281494287678	0.9620241999538705	0.1518998818876175	0.1790940530324825	1.3716743137223155	0.8665710878317633	1.226697823840335	0.3952825592121055	0.6002867555365956	0.2197319161252325	0.2800510837035271	0.2841005813197322	0.2322654428108028	0.8901163335205904	0.2535959110011673	0.3732122757694792	0.4357730428167432	0.827506550155396	0.2861083647531156	0.7798069237567905	0.5472875011937539	-0.0484603175914302	1.5430860192977958	0.772848533022297	0.4893188038018151	0.3941797968537528	0.5532824499192711	0.946717735649213	0.28370837219172	0.3230266824341016	0.1379729062421439	1.1014231689961933	0.4922913038266244	0.5805993822830816	0.2000149530176265	0.4473563765801061	1.8229066476533975	0.1649087881971269	0.4557419735230621	-0.0440122161897345	0.1687068605078114	0.1045568846114738	0.4251246562068923	0.1306985249586179	0.1491189731100352	0.9762970991800682	0.5816559993632373	0.3219968935809547	0.1806604074522968	0.4800589448034252	0.1819980557238656	0.4650113556289421
ENSMUSG00000039480.15	ENSMUSG00000039480	Nt5dc1	UP	0.7691197691197692	21	1	5	0	8	0	6	0	0.7401974867734561	0.6372620274168703	0.8889455523093175	1.0936976187122018	0.5081981191597748	0.4699486569125303	0.6720672711669097	1.369928316705029	0.6024567836668309	0.47783975603842	1.1357602946403806	1.8643831564284257	0.3527010735835854	0.5995911799921994	2.395607528705669	1.026607282319736	1.2851264236568465	0.3278950893142249	0.7917652273905358	0.1221438360798422	0.3513436483117902	-0.3844277462066617	0.6720672711669097	1.810826830896044	0.2485410855480746	0.2759930525772924	0.4418709198241066	1.9807027113205056	0.7170526486989549	1.7822397401717618	0.6311231193101244	-0.1758907369674139	2.5562575718197964	1.1135388954623693	0.9081247597089293	0.5029306783324412	0.6676543702651023	1.716082773651307	0.3519147414233182	0.7605301519205414	-0.1985659050305203	1.7827513656975993	1.369928316705029	1.873241886618138	0.6175392870434336	0.8156568921708193	0.9067567629727804	-0.0813833201204758	0.8417009605992919	0.1111904142064934	0.7567476880425801	0.4358365632788679	0.6024567836668309	0.1885806655892305	0.395096613307669	0.6807253670056412	0.7696370940395779	0.5301477827901768	-0.0406173828367507	0.4191033725295219	0.4528046088211256	0.47783975603842
ENSMUSG00000037020.17	ENSMUSG00000037020	Wdr62	UP	0.7691197691197691	21	0	6	0	8	0	5	0	1.370093930833498	1.3097155215942473	1.81239777999105	2.3278820814114174	0.6938179253941439	0.6462779365373812	1.9111540098649835	2.7699608360568213	0.708277033323511	0.5313183023687031	2.5746437616895865	3.8796463090074105	-0.1982483617866146	1.2453610748864403	4.602124087964499	1.549140582724574	2.918600400185233	1.1752913737994468	1.6460472385436498	0.3529966187573256	0.0976569571890435	0.485771422153689	1.9111540098649835	3.7770693389428263	0.514501498296308	0.6859346311516905	0.508240420310542	2.992203349278394	1.9380925822612567	2.677904047003413	0.9529694140762404	-0.2990417808880987	4.249391470693551	2.0066637417872206	2.026004491295724	2.137530756834531	2.527090623735491	4.1608418410192165	0.5583717397700613	2.0650561731761266	0.046460326948956	3.6084777120340727	3.086005940874668	2.7699608360568213	0.4332347216906044	0.9253439069706432	0.8981454764749461	0.0793091030823986	2.2521306966765047	-0.4263250085021244	0.708277033323511	1.1106757048569251	0.4172018042877424	0.5256873185120255	0.7083164219624061	0.004318362601367	1.3287049727589064	1.138734341648241	-0.2138388740848261	1.2047354766092913	0.5299729738599853	0.5313183023687031
ENSMUSG00000043259.16	ENSMUSG00000043259	Fam13c	UP	0.7691197691197691	21	0	4	1	8	0	7	0	0.7307643603065995	0.6336970758546839	0.9766787035034428	0.7477459876052911	0.3419938490612276	0.8566389010564369	0.8814034844644969	0.4307199979953432	0.2847001787714872	0.8366741537140246	1.7559213846773614	1.9583373247171028	0.0154401342694087	0.718622581276124	1.7840047022756869	1.7318423227229052	1.4146685779221964	0.5994206345633145	0.9445284069032334	0.1573065132180803	0.3719325506964786	0.3732261911371776	0.8702280552620447	1.4005048620294376	0.279306665638272	0.7498446116608405	0.2454100263407861	1.7025860079210329	0.796254916952054	0.9860215573178726	0.8814034844644969	0.6052133056474391	1.0490640071485051	1.8009957905852074	0.027661824324183	1.6273499583008573	1.523228596620856	1.1124505350316276	-0.3833507260684162	0.4307199979953432	0.3941348483193814	1.6495642946100195	1.787296046753565	0.2434069165955168	0.2491474959599476	0.2664750767700213	0.8053482801294295	0.4664942930923794	-0.0819332808912926	0.0715247937387834	0.3076082924475196	0.2813057693421277	0.7381844008684995	0.3730770394446011	0.2847001787714872	0.6727807339108905	1.1616993095839114	0.8042935704657886	0.8366741537140246	0.7817259178931212	0.8965924371565429	0.8427061846707792
ENSMUSG00000034880.8	ENSMUSG00000034880	Mrpl34	DOWN	0.7691197691197691	0	21	0	4	0	8	0	7	-0.5930917473303661	-0.6244219670180605	-0.4954132605199084	-0.5145068026889786	-0.6954288491589211	-0.6670180769536561	-0.4292554475592474	-0.5893088690310481	-0.7210949997400036	-0.659535065005073	-0.8389622205083923	-0.3406612544367868	-0.4860743389373148	-1.051673594694596	-1.0910387021946422	-0.4371087830249714	-0.4266918811880559	-0.3248311931321747	-0.4125025236609472	-0.5051748955255418	-0.653297720727815	-0.4795598781792968	-0.391524335424061	-0.6789343365370664	-0.2653793431686719	-0.401543886719771	-0.0253907663158862	-0.7180955576724919	-0.4292554475592474	-0.7914802517317233	-0.4214740641422603	-0.0655487042441799	-1.161936116296951	-0.1874111184300144	-0.5151022188372802	-0.282339491360132	0.0068345906127444	-0.4027072004067902	0.0427563181598922	-0.5893088690310481	-0.7834351235329142	-0.91491475866352	-0.3284901149199302	-0.6254478704285403	-1.0329080138214706	-0.6031654019787491	-1.0157870225525478	-0.4889521005449423	-0.7210949997400036	0.1277586512361771	-0.7485116875252782	-0.2786399206823737	-1.4080906839876122	-0.6046612219228703	-0.8756649392284622	-0.9891923315975224	-0.6247161743498283	-0.944050736105695	-0.2597203426044446	-0.6933904462167482	-0.659535065005073	-0.4985214427962804
ENSMUSG00000059022.16	ENSMUSG00000059022	Kcp	DOWN	0.7691197691197691	0	21	0	4	0	8	0	7	-0.9023488286715611	-0.7312913520656376	-1.1984698992986496	-0.8381741130324339	-0.6539118631447247	-0.9188394392104361	-1.2112667423078323	-0.5190911030689978	-0.6327883596996131	-0.829794344431662	-0.8384805441338474	-0.9637423550245494	-1.4098520299848032	-0.2220694724348466	-2.2727846238395677	-1.3729737215470188	-1.2099074702495405	-0.7640137199295974	-1.4544900368754623	-0.7242906632624959	-1.050107769609487		-0.3409006915755001	-1.8968242384892715	-1.381079617943801	-1.1481594422224033	-1.543432026014908	-2.4485593568444357	-0.4485651296440804	-0.2644906749588724	-1.6912155603298364	-0.5605235992442149	-1.6425167778925112	-2.2392939334416107	-1.2126260143661238	-0.7676932458413314	-1.291624666064778	-1.478180564757222	-0.2838564685993032	-0.3267389679327247	-0.1076771642129325	-2.1211482744871506	-0.7114432382052707		-0.4810344625484513	-0.0543598937230741	-0.8209406146586794	-0.7227437384558523	-1.878114350446015	-0.0010853566253247	-0.4306188109199816	-0.3732284295230157	-1.0393379584517286	-0.7587785195402368	-0.6327883596996131	-1.2384233814261252	-0.7935415318464399	-0.8125527547341687	-0.6602866291286731	-1.198994296906729	-0.829794344431662	-0.8982831359992537
ENSMUSG00000015843.11	ENSMUSG00000015843	Rxrg	DOWN	0.7691197691197691	0	21	1	4	1	8	0	7	-1.1914455350017552	-1.0210034292683172	-1.0482336183690673	-1.1566930043450903	-0.39195238609413463	-2.168903131198728	-0.8894151655338816	-1.1525916930027529	-0.4545059405441368	-2.136355293790901	-0.7260046294236057	-2.276407008517277	-0.249578758765574	-0.7801049688475529	-2.590628538140914	-0.9259156761169834	-1.9019913347332729	-0.1470476632069325	-1.2594825245707937	-0.6412545490890955	-0.3865464267646306		-0.8832395093255648	-1.8734193208269685	-0.0489542131296444	-0.5902271337631818	0.0572055550560773	-0.9159445212959008	-1.1953890707236146	-2.182172976534538	-1.1410576607444098	-0.3436655552398757	-2.1394290042691737	-1.6473856831923062	-0.769148042460252	-0.8006940412275606	-0.8955908217421983	-0.9842154702244394	0.194428758237188	-0.8694137412231238	-1.5090407118098217	-2.0895739189502787	-1.6864442534424031	-1.1525916930027529	-0.650324513525916	-0.9736653369087842	-0.6870989973976513	-0.1708325703105551	-0.9185167688343192	0.0526751852504069	-0.5827473490845704	-0.044007755602876	-0.4545059405441368	0.2838759377403863	-0.1663281378174639	-2.4050332273518538	-1.9572412441022555	-2.647392030119053	-2.136355293790901	-1.6099983100277804	-1.0674093206253807	-3.358892492373873
ENSMUSG00000070319.7	ENSMUSG00000070319	Eif3g	UP	0.7686387686387686	22	1	5	0	6	0	7	0	0.5449677007707513	0.6536975534760276	0.7024768876190365	0.6221696771827574	0.1900358759066288	0.6651883623745826	0.6156491711000461	0.7586057118475776	0.150199065293558	0.6917459358520092	0.3503482077332063	1.6677317150494824	0.4708536879240345	0.0763961656863018	1.4827295437684511	0.8504964295602125	1.3456705322364322	0.5197687249215411	1.0750839943431871	0.0098631694583201	0.2864837832978488	-0.5142014258573503	0.3299744727040775	1.33550080073929	0.2450110433821364	0.6480494327373281	0.1823899394635475	1.1465170126308566	0.6145705630711188	1.2093102798486712	0.8902561050129908	0.2662931275887229	1.4087207069218664	1.1438180511992606	0.7635690751521412	0.5460216560402643	0.6156491711000461	1.3875378375391088	-0.0235665548703648	0.2307767014107809	0.2249315674213383	0.9925898898799655	0.7586057118475776	0.7843125870508951	0.3044781784887594	0.3255388860153362	0.0839210801417755	0.100247193670476	0.8850542482755283	0.0248922945041626	0.3028823919023234	0.1788877952941377	-0.3066563085107119	0.0409498098975714	0.150199065293558	0.4137499065829728	1.0131944119567111	0.7174075626804063	0.6166398709258455	1.0425080002302514	0.161072848393882	0.6917459358520092
ENSMUSG00000038506.14	ENSMUSG00000038506	Dcun1d2	DOWN	0.7686387686387686	0	22	1	5	0	6	0	7	-0.5746392343039792	-0.6072372102965973	-0.6338625005398476	-0.6851184249466404	-0.30717126274707374	-0.6724047489823548	-0.5977465331672832	-0.7703211074946226	-0.2688941237315773	-0.6167278874259114	-0.8503504351932317	-1.371251174990264	-0.1035974127147332	-0.2512140701431306	-1.5094315639872695	-0.5977465331672832	-0.6876780206745094	-0.1484351553118525	-0.7130950589718098	-0.0146999872811924	-0.2597819587936666	-0.4974310742073521	-0.6203650561260661	-1.1949012173584512	-0.2325098283372587	-0.2212185081486642	-0.057813732163218	-0.5893535070090986	-0.5619832091207251	-1.0643650075987734	-0.7387284217261001	-0.0620701902876514	-1.533525183938295	-0.9292240594967472	-0.3485521445866315	-0.6612730673574619	-1.293691935884448	-0.7703211074946226	0.1237630744688922	-0.5956885619004487	-0.9364300187042002	-0.5449067824975207	-1.2291403433483754	-0.8431052351502072	-0.4212815481234838	-0.8702320272994603	-0.1853657143319358	-0.3029534513540298	-0.7411082537088438	0.0900975236145206	-0.2688941237315773	-0.1809559603378968	-0.311816822953863	-0.0386564725056181	-0.147717039485623	-0.4900573194253128	-0.5252977474793424	-0.6435866465511426	-0.9315977646258928	-0.6167278874259114	-0.2563168343950509	-1.243249042973831
ENSMUSG00000029309.8	ENSMUSG00000029309	Sparcl1	DOWN	0.7686387686387686	1	22	0	5	0	6	0	7	-0.6279533943054821	-0.8206405688974514	-0.8314445475465588	-0.721104675298508	-0.26580916708364755	-0.6934551872932142	-0.8735685056344229	-0.9875124963318348	-0.2985063171043679	-0.7677126321604799	-0.3533193930872677	-1.473396309618254	-0.5089427363109624	0.2259644062609214	-1.8839451008473376	-0.9920511492807724	-2.4978972617536	-0.6878593714521337	-1.2314583249741489	0.0804495580304198	-0.4640521786072473		-0.56046430535272	-1.05397511835232	-0.7151797044269729	-0.5476086054356579	-0.2360235770619078	-0.9582157039546167	-1.125917840758211	-1.5001020894764114	-0.9660798789409456	0.2760814814874628	-0.7884347023420033	-0.948296267130188	-0.9596970515568138	-0.9135090350942778	-0.833627976174568	-0.9875124963318348	-0.2456724248278798	-1.3287229377622736	-0.0816044045917926	-1.2313648685074197	-0.9977457953295552	-0.1751097997387999	-0.1319154152858862	0.2592956037409112	-0.3001414302976462	0.0638848338015604	-0.953895946960082	-0.1090930293509687	-0.4088123943116288	-0.4186204877860627	-0.1881081837439362	-0.4379880706220165	-0.2985063171043679	-0.7677126321604799	-0.3723550776104332	-0.3469285264713509	-0.9402899867276048	-1.0706160242958482	-0.5109182626278546	-0.8453658011589275
ENSMUSG00000018554.14	ENSMUSG00000018554	Ybx2	DOWN	0.7682780182780182	1	16	0	4	0	10	0	7	-1.1281016418058618	-1.0079379982229038	-0.6092823668993813	-0.7340852317532699	-1.1769042466705995	-1.9921347219001961	-0.7305352435060836	-0.7212696575136376	-1.2853407529397238	-1.6138608499978928	-0.5011662925379705	-0.9585637997780896	-1.472561855358077	-0.1055972621573813	0.2169617964465858	-0.4013608140384491	-0.8628784451477503	-0.2674254104605688	-0.3697674747657226	-0.1540961286607599	-1.077531647777038		-0.782047620545588	-1.145070803738297	-0.4975382795672748	-0.6531438000796203	-0.7367571859399101	-0.8726374166842323	0.5890808709284667	-1.166682369696475	-0.724313301072257	0.3849512987734455	-0.9723703717529548	-1.25874769208433	-1.1230811641862029	-0.067101878826993	-0.8618944906764704	-0.5040012983759685	0.0713386982828778	-0.5808814722422251	-0.9591687024596932	-1.2144284392477709	-0.7212696575136376	-1.2301857507164715	-1.8189152725279132	-1.379871077910959	-1.1418442962678983	-0.5412136093825871	-1.8624822933498724	0.2525977582781042	-1.2853407529397238	-0.9967569209962232	-1.6238230326698528	-1.0263530314214488	-1.5219441841882204	-3.660221051441294	-1.6138608499978928	-2.3188820013303792	-2.676118876038505	-1.5839915504580269	-0.5152686239306875	-1.576600100104587
ENSMUSG00000056481.8	ENSMUSG00000056481	Cd248	DOWN	0.7667147667147668	1	26	0	4	1	9	1	5	-1.0255916301145334	-1.1908175739294493	-1.603144303755397	-1.4045067760601697	-0.6637034959057527	-0.4310119447368139	-1.7002637019155613	-1.6619740817363078	-0.7196610661225911	-0.4986352073829371	-1.7002637019155613	-1.2387625083908298	-1.1267676584865494	-0.5619788962063595	-4.457756897798063	-1.083879256251912	-1.9828772826096	-1.8688092389335345	-2.1797558658092666	-1.0729486827553143	-1.208622469236064	2.313287806191674	-0.7825261880683076	-2.770586529658352	-1.5050181603453294	-1.748226702993659	-1.949210258674504	-2.9254757250094947	-0.9151835957146606	-0.8474732115203618	-2.3265434928176534	-1.0853434227164551	-3.1525997082284496	-1.8385187694530285	-1.1725722195978483	-2.029986747187026	-2.066496817209213	-1.413047788248988	0.1463420200757856	-1.6619740817363078	-2.173788476672716	-2.5419203589552577	-1.8782944564496795	-0.3088642904340226	-0.6496346552150134	0.8243637095448761	-0.9878474964019092	-1.0112601754924548	-1.2211730996891803	-0.347862118797967	-1.1146137571060295	-0.7196610661225911	-0.4531200808652972	-1.1901798128295185	-0.4297499019881948	-0.9705545695512122	-0.0148113454044447	-0.3434367080818132	-0.4986352073829371	-0.6114976354751075	-1.1815390722468315	0.6033909249846491
ENSMUSG00000026858.19	ENSMUSG00000026858	Miga2	DOWN	0.7664742664742665	1	13	0	6	0	8	0	7	-0.6664678976586529	-0.6249675159789068	-0.46651877786620727	-1.0565120093020064	-0.4958803340285998	-0.6469604694377982	-0.3491216099623208	-1.1349379513255065	-0.5647365451241705	-0.6851984868336429	-0.0860253106951366	-0.1644699615083196	-0.6176947480893673	-0.3491216099623208	-1.5077660870716882	-0.1936783764435138	-1.0231913102390364	-0.3607218832616308	-0.1904391109592283	-0.2741549601543732	-0.7132115860734087	0.3834221383105567	-0.2270024151578729	-0.8185679449041091	-0.1740011991298702	-0.7059443321874047	-0.0847762753454633	-0.8842827604616587	-0.3491312730041222	-0.950484618732403	-0.0155693220153851	0.1821035559516815	-1.1936133896129508	-0.5111302881629536	-1.163493690485614	-0.321898337474399	-0.2811619055176036	-1.1349379513255065	-0.4140251914457377	-1.573800772087526	-1.4644978961678634	-0.7768132883266979	-1.4535324535807388	-0.5779765121799738	-0.7076796105793324	-0.8529836514173395	-0.8836013354547074	-0.0362713398848107	-0.6654300037503509	-0.063898993806284	-0.3374669402068047	-0.2861820251847634	-0.8256471353838695	-0.2307860935221655	-0.5647365451241705	-0.7236456903867479	-0.6482734969455575	-0.9037505285557648	-0.7540813590300699	-0.6851984868336429	-0.4107220570177197	-0.4030516672950845
ENSMUSG00000020929.15	ENSMUSG00000020929	Eftud2	UP	0.7653920153920154	22	1	4	0	9	0	6	0	0.38983151576203146	0.31943858103859774	0.38269811624559147	0.33384241290351396	0.33501309819291375	0.5077724357061068	0.3521914221757121	0.2365508193079327	0.2866857399014834	0.4278574527675228	0.3091714557049794	0.7236329086998672	0.4525060975140182	0.495416283988016	0.6869176071920845	0.300299654150654	0.6985725970524466	0.34258391561973	0.7417301606035321	0.036954725709763	0.2764860637259493	-0.3239643315335258	0.2022519315905419	0.6305731453360676	0.1361953205358821	0.5494366900682592	0.0718641209348867	0.6613826295789869	-0.17504991052534	0.2250534055698409	0.6510880760231516	-0.2560619141984138	1.000353201031795	0.7122160799891581	0.6511556475383664	0.1798921545545597	0.3521914221757121	0.8530081661125082	0.1290566219962445	0.2448290838922525	-0.1373168541383062	0.7813977569491048	0.229371296204861	0.2365508193079327	0.4102434798931135	0.3830209096652113	0.2866857399014834	0.2704766324881158	0.936201384644432	0.113917953547793	0.3682362703489546	0.2271318770974735	0.2964790947214287	0.1914951128335483	0.2012556249804973	0.200490941515529	1.0258390186613868	0.4278574527675228	0.3372255662460331	0.6330644044801665	0.5169820142607451	0.4129476520113642
ENSMUSG00000031147.9	ENSMUSG00000031147	Magix	DOWN	0.7653920153920154	0	22	0	4	0	9	0	6	-1.280094595336963	-0.8927158650714548	-1.1272928873015409	-1.1723011824348186	-0.7902398181245601	-2.0305444934869317	-0.9602188210557041	-0.8252129090872056	-0.6182668609873331	-2.1308423509013297	-0.752155172331167	-2.116443262757191	-1.376982873828439	-0.3882218650328546	-1.910037761026038	-0.7755098974897167	-1.7675068260618698	-0.417120525919074	-1.8728287728796145	-0.0678974014971715	-0.5931762204523713		-1.3247000781684306	-1.5008896218308612	-0.7222029059315808	-0.6600776414336114	-0.4882084040521658	-1.0696438080461537	-0.7029939607798179	-2.128238787186487	-1.2831106169718056	-0.0212775170899462	-1.9848046542936544	-2.044930962910194	-1.892443358096064	-0.597418339708529	-0.8507938340652547	-1.4692279246345008	-0.315928513331104	-0.581364499399076		-3.01686033906982	-0.7486250734258799	-0.9018007447485312	-0.9709592297613048	-1.6764758904338304	-0.6182668609873331	-0.1111436972116407	-2.055282780124533	-0.0582602348666944	-0.7499302319116402	-0.4902055960056089	-0.7503220421828418	-0.6080559373166463	-0.6037354985680862	-2.040282516219641	-2.2509866798508087	-2.4475108027975363	-2.1308423509013297	-3.0224947771614765	-0.5764570732233268	-1.745237254254401
ENSMUSG00000026229.18	ENSMUSG00000026229	Psmd1	UP	0.7649110149110149	23	0	6	0	7	0	5	0	0.537847805534954	0.468346910525251	0.7083325005219145	0.5920858006133658	0.3126054600040363	0.5383674610004998	0.5707019331260521	0.4413621238822295	0.2356688979268312	0.4953316971682726	0.2937765180037499	1.3078041869447383	0.4744030610572119	0.7904942710648922	1.8291661786094464	0.4896622421659592	1.2119533071188957	0.5374013169618591	0.8728083700764698	0.1508459316265055	0.4660950158880368	0.026609005104473	0.065432589821025	1.0084947080017947	0.1792711764427207	0.5710283269090788	0.4414892525555475	1.2335219452440835	0.5707019331260521	1.364116262312019	0.6490280224995206	0.2738806243406383	1.519926066742109	0.9717442016080984	0.9147880241575486	0.4775760139493829	0.4329589617598378	1.0548933611728704	0.0929972525482966	0.4413621238822295	-0.0323711808770759	1.463160397311572	0.4037875401775223	0.7207711100781453	0.2356688979268312	0.4312143546497707	0.6854123618321832	0.008580096434858	0.97828859423076	-0.0143648654268089	0.5773698769248712	0.3365451307296056	0.0449329460197817	0.0507301704412458	0.1042824962813004	0.6990998401998824	1.0979817603544988	0.3897128537665743	0.1198104849178304	0.9756191899804506	0.4953316971682726	-0.0089835993840101
ENSMUSG00000071042.13	ENSMUSG00000071042	Rasgrp3	DOWN	0.7649110149110149	1	23	1	4	1	7	0	7	-1.265901387816068	-1.0836215907088818	-1.2466097153555142	-1.2384463140579955	-0.43688931653814406	-2.141660205312618	-0.9608820870959652	-1.2063610943217984	-0.1805050172001797	-2.1385648543296387	-0.7133365663269053	-2.992931980616349	-0.8931120367433782	-0.2522778294857146	-3.248960262866309	-0.9608820870959652	-1.4319424241422567	-0.5705469953369935	-1.9048901044933049	-0.2374303126787912	-0.6245633824755912	0.7485390018882787	-0.6224584428882678	-2.3819609645901525	-0.5288224364557995	-0.8735383298863679	-0.8290320448097991	-1.565844074674796	-1.3625733948126804	-1.9730215582123576	-0.9242747596946448	-0.2292330416789055	-2.2333441290552147	-1.711061746939191	-1.557699154724112	-2.1863363235566595	-1.5969269322466553	-1.429464254482599	0.1310470639286957	-1.2063610943217984	-0.9556424809522902	-1.9317486628186933	-2.455450323105232	-0.8215044466540516	-0.1794668974685717	-1.5754780999095308	0.1990078171824029	-0.2378535136209549	-1.7890328549781411	-0.1328769567511454	-0.7440977277709803	-0.4723711398691537	-0.1805050172001797	0.0895760577324554	0.2173158507342151	-1.3139223864649374	-2.1385648543296387	-2.0070917642878308	-2.286670414301132	-2.797287460714486	-1.1142206388198368	-3.333863918270464
ENSMUSG00000037106.9	ENSMUSG00000037106	Fer1l6	DOWN	0.7649110149110149	0	23	0	5	0	7	0	6	-1.3654207614946074	-1.1797775158246382	-1.7220470093395315	-2.066935249664582	-0.6287465652136108	-1.0439542217607058	-1.4548455661557156	-1.3774970583798165	-0.5009607276211363	-0.98205797326946	-1.4548455661557156	-3.6735445867803183	-1.054501049891945	-0.8157617144135639	-3.4937555750400118	-1.4366695156155755	-2.4352509965433744	-0.1888732877180758	-2.704277922869128	0.0375207386508018	-1.57220611584874	-1.4189056903215018	-1.6966458276420158	-2.336105436011527	-1.2052346340703992	-1.0047803637384278	-1.0037223265185506	-1.917725900174161	-1.1443996055589392	-3.931290042131597	-1.470903981308412	-0.270144539630152	-3.3619940693389765	-3.1850715215150784	-1.4042462403235785	-0.689500793871101	-1.662432687787287	-1.2843240349186855	-0.7165377904922641	-1.2794233234344985	-2.492268358289484	-5.158387909011612	-1.4706700818409475		-0.2290571504115551	-1.8331378183994471	-0.7445389664933331	0.0803448347073995	-1.7075672006145115	0.2996401854770676	-0.7556251012077106	-1.0114751222820435	-0.0426809408437781	-0.5009607276211363	-0.4711542096606708	-1.429666021470027	-1.3011984963054284	-1.5658825456842609	-0.8086538745628457	-0.6779606436152349	-0.542259997417684	-0.98205797326946
ENSMUSG00000120992.3	ENSMUSG00000120992	D17H6S56E-5	UP	0.7644300144300145	24	0	6	0	5	0	6	1	1.29165123503195	1.2082164195571403	1.6577368295866401	2.0136588784481275	0.877823937912843	0.6173852941801894	1.672042087645133	2.0115659981097416	0.5469550365303439	0.7443907514691478	1.672042087645133	3.17038589199897	0.7923441855956738	0.950224005905172	1.5732761443310712	3.003775157472682	1.818953813401688	1.947048034581677	2.341008805182089	1.0051397815471448	0.0934670559361168	0.4746212762836995	2.945626141345521	2.467786164272008	0.8219593325322703	1.390298237687151	1.7320541196522683	1.6581254334038815	0.9491504922900522	2.6105277718748146	2.159587082136877	-0.9903531209637316	1.855964155295748	2.879472595938278	1.1261482177587605	1.3960088280513858	2.914252707682881	2.0115659981097416	-0.4144874466232898	3.5316343260324223	0.9279221688119276	1.6217971154690354	3.1544201654232333	3.262759821913824	0.6644271035902054	3.6128984845693393	-0.0719626005809028	0.5469550365303439	2.1026836881795887	-0.148912814508438	0.8855314960789306	0.384478725178354	0.2964573551759417	-0.032058725706574	1.4155655685344826	-0.9416549477461708	1.3729632658740374	0.809692567441875	0.603221020538261	0.590602773843266	0.7443907514691478	1.1424816278409098
ENSMUSG00000018143.11	ENSMUSG00000018143	Mafk	UP	0.7644300144300145	24	1	6	0	5	3	6	0	1.0146466446137616	0.9467505770948204	1.4718247695296673	1.8736582470003071	0.03795187281793426	0.675151689107138	1.0511363021684166	1.9826563385836948	0.2911806787184577	0.8423648520212241	2.095483058665627	2.052694373880435	-0.0731328059238577	1.0039684388435757	3.155840564065832	1.045951077666348	2.7203166203671367	0.811076722557421	2.1656690119618176	0.3657186937664093	0.5238119144836131	-1.3137806740276816	0.9082905154627074	3.292029291809329	1.572802892580322	0.5962842511565425	0.7602397343939215	2.165153327286429	1.5933283230810165	1.860354968278752	0.8440716586680163	0.101097190271354	3.0385471648000606	1.0472117900156237	1.0511363021684166	2.811044819501612	3.5440595515202467	2.384567389735331	-0.0941468610971613	1.9826563385836948	2.307409082264761	1.7197063285127	3.009969889770566	1.8054455612322584	-0.6806600361786748	0.4345869356646515	0.3032258650173203	0.4970937344305933	0.919438754692689	0.1928088559395583	-0.0092833569154584	0.3788430144533162	-1.034450870331602	0.2911806787184577	-0.8753129744935741	0.0884171977862775	1.4977952982934513	0.2554451364969192	0.8544843166600066	0.8423648520212241	0.2458632656871252	0.941691756804962
ENSMUSG00000002455.15	ENSMUSG00000002455	Prpf6	UP	0.7644300144300145	24	0	6	0	5	0	6	0	0.5575286859645342	0.5369145632280022	0.860957811356059	0.7644947305276402	0.1724140821173477	0.43224811985708983	0.7251943491843246	0.8659114645918794	0.0886713978538154	0.3486347772716799	0.6565369072755788	1.9867089932694844	0.0849923630491733	0.5060169134619069	1.9531967676398296	0.8054555875995152	1.4678888282086282	0.5114853058808682	0.7251943491843246	0.2247381560566657	0.3084851693921214	0.1249371383073621	0.383098719217516	1.5257578935275784	0.2573876772337317	0.6123670622334952	0.3352409486348225	1.7564197750760966	1.0209714157472556	1.2556419747087786	0.8183428080463028	0.2660340571757853	1.9718199373098744	0.7515140452066681	0.6511728428403754	1.0626623039786238	1.2217929663512332	1.0992272582100575	-0.0334623845421318	0.5547297117585737	0.5219715455488653	1.1703255539784472	1.1727599641477904	0.8659114645918794	0.1674122975860077	-0.0015893815403915	0.2439573713798021	0.0591270001975384	0.8476827680659301	-0.1012529063882292	0.3457601533802624	0.0886713978538154	-0.0196429632306374	0.0687869634192221	0.1976422025675047	0.4548005305904709	0.8614630268628681	0.3486347772716799	0.1066481725058314	0.62500018940356	0.2850817988962255	0.3441083434689927
ENSMUSG00000020115.4	ENSMUSG00000020115	Tbk1	UP	0.7644300144300145	24	0	6	0	5	1	6	0	0.5559366051691127	0.4310395081558668	0.6335960589533649	0.9935106559506465	0.13901911754753013	0.45762058822490925	0.4414034258122777	0.9148139038802356	0.1709366778620658	0.4206755904994559	0.870628680356135	1.1838123943403531	0.0214192358449639	0.431414858340278	1.699782773245885	0.4414034258122777	1.1614790137414674	0.4969284526459852	0.4987658246318021	0.1765932774593406	0.4172082313651604	0.328318029509921	0.3817577497362037	1.1754931595433649	0.3054249173150475	0.2780640661168989	0.3581925047562621	1.1320368890154038	0.8832252272542358	1.0373537063135332	0.4357564560496521	0.0312345845397316	1.49486666176033	0.223691171723594	0.4061997364665871	0.584052878682568	0.6519896851738723	0.9148139038802356	0.3954018792010355	1.4102911574829475	0.9950845702819816	0.8832080262074529	1.7801640951205326	0.5756109594803402	-0.0858624186617056	0.2391872294734623	0.4255354886891946	-0.0119774472586007	0.4539047185349945	-0.0632380108315934	0.2139783868970152	0.2993242908445958	0.0399195636887265	0.1709366778620658	-0.1524981862153234	0.6408000150047815	0.7743710184701318	0.4206755904994559	0.160124130228124	0.2353417577388967	0.4044878822262979	0.5675437234066772
ENSMUSG00000042292.19	ENSMUSG00000042292	Mrtfa	DOWN	0.7644300144300145	0	24	0	5	1	5	0	7	-1.1300065551377965	-1.073037204215456	-1.654126094158698	-1.378108054082107	-0.33066133923390234	-1.1571307330764784	-1.6355961661085847	-1.090777118187486	-0.2033032086699822	-1.0552972902434257	-2.262986122027649	-2.244093907221271	-0.3154846834214411	-0.5869250814802965	-3.805487772553188	-1.8583105078581512	-2.6547486085177354	-0.7820375517565401	-1.5865465139568158	-1.09269765997949	-1.26193664620339	-0.5058231588518937	-0.7890809791712387	-2.8336424794213264	-1.4269791808736825	-1.8129325996133967	-1.6355961661085847	-2.58963659237621	-1.86737320482974	-1.984574113619922	-1.297393292347723	-0.690015934137699	-2.791095022632711	-1.909483799257049	-1.5563492342786385	-2.0319313833600314	-0.4882423464290238	-1.090777118187486	-0.232316141809938	-0.8598480956039846	-1.1286837980785305	-1.940231836678584	-3.312904054702348	-1.0819953335138783	-0.0832383998559727	-0.9828137500215396	-1.0235823914692117	-0.1286537656273206	-1.084044015259362	0.1242851485494207	-0.2033032086699822	-0.7448663919135332	0.2060971497337005	-0.2175838186185708	0.5004287115794462	-1.5035859251846544	-1.0552972902434257	-1.2147142311597665	-0.8410853002477646	-0.8973805820595349	-0.7408291557232537	-1.8470226469169495
ENSMUSG00000015605.7	ENSMUSG00000015605	Srf	DOWN	0.7640692640692641	1	18	1	4	0	9	0	7	-0.5022747490508119	-0.4320209341188548	-0.3594357805614827	-0.4403156433354785	-0.4844937867836084	-0.7248537855226781	-0.4293579289376687	-0.3419786321848847	-0.4346839393000409	-0.6132339786195249	-0.5211367796524926	-0.5322732243805344	-0.1841702549666702	0.1679694594805181	-0.8683702950773472	-0.6069431531087904	-0.4420647021360145	-0.1456293038117854	-0.5512756300919912	-0.3238629237229857	-0.48838776454373	0.0833063576593965	-0.4389966511769454	-0.5619892727931961	-0.2715821940740034	-0.1581033610656025	-0.4755813661405575	-0.3443199818127548	-0.0920480703176353	-0.4946272818571663	-0.4729856511195829	-0.15772039835096	-0.8053302456736693	-0.4293579289376687	-0.3910134871637608	-0.0869177317364504	-0.1113542385876519	-0.2718805126989711	0.1095106814038659	-0.3419786321848847	-0.8932434635847927	-0.4350958802161725	-1.1445098704389696	-0.1050118256284251	-0.4835362509726895	-0.427597855478179	-0.8805983960325431	-0.3050433333565792	-1.0024597690482888	-0.0530720208989687	-0.546790694775908	-0.4003412807795014	-0.7104134354553162	-0.0848946785216775	-0.4346839393000409	-0.8875598392415229	-0.5730953615796399	-0.8890580048722853	-0.6132339786195249	-0.4485443449559122	-0.1994565066728684	-1.463028462716993
ENSMUSG00000027984.9	ENSMUSG00000027984	Hadh	DOWN	0.7640692640692641	1	18	1	4	1	9	0	7	-0.5612842104649012	-0.4648753135660003	-0.3783755223195952	-0.2932179807527003	-0.5742732038584847	-0.9992701349288247	-0.4175637957479949	-0.3632446453168862	-0.5121868313840058	-0.9211495822696756	-0.2985231087948191	-0.5749403544806442	-0.9096712267664812	-0.4101720817617283	-0.1176962839931971	-0.2455679907178181	-0.521251052438923	-0.4895536628781385	-0.8420693163246444	-0.1006154175954247	-0.574204884720783	0.5400439817840654	-0.6996942224697948	-0.3386683394394338	-0.2437659194176901	-0.3979629799861651	-0.4694007669916508	-0.2295688303550289	-0.4634570616113	-0.6665031009475542	-0.4175637957479949	0.1272323697691894	0.1238095374505722	-0.7771970367573502	-0.4265825570894728	-0.2055540124976242	-0.5870409878492366	-0.1844882551284579	0.1920856720867143	-0.3632446453168862	-0.5974182480352398	-0.6170677178913665	-0.4472324811926225	-0.0351601897910437	-1.075961754823541	-0.7335172801660008	-0.0670937332528138	-0.3330018377012906	-0.3594090050456877	0.1545908144957327	-0.7899314998640481	-0.5121868313840058	-1.072232964342584	-0.5017609707015287	-1.026500179657564	-0.9211495822696756	-0.887947354817527	-1.487486190930229	-1.247224709102285	-1.01195818317514	-0.7098410644311037	-0.7292838597758117
ENSMUSG00000031508.15	ENSMUSG00000031508	Ankrd10	UP	0.7635882635882636	19	0	5	1	7	0	7	0	1.160273858743372	0.8071197268230291	0.6380818085982572	0.7898356447199767	0.5187968575717465	2.6943811240835074	0.5478651345684535	1.0663743190776047	0.2861474295188999	2.780798033357108	0.3827408960115718	0.5478651345684535	0.8988761843458607	0.683414021156346	1.2277684033964391	0.2916695851293298	1.2292451037841707	0.7838181278845745	1.75085299778939	0.2701275401353353	0.3761229056067603	0.14628628744385	0.9424845965980652	0.2526846158849302	0.9825224229131756	0.1960120821571551	0.3245822415673467	0.1956614850695398	0.3923298588654835	1.280672109211202	0.660606947520108	0.0142722536833132	1.4981829071281332	1.0192994525067576	0.9600731434623108	0.010153030757223	-0.090115502423882	1.2774166625944805	-0.5184939356662657	0.356668348011716	1.640762975956769	1.4834278732573245	0.2226932698082064	1.0663743190776047	0.0916577274157944	1.5228965944763424	0.3813455628854978	0.1670144086475184	1.5933403820188023	-0.0710258761366694	0.9742911448557092	0.2605828325393954	0.178543145171649	0.3219720818962711	0.2861474295188999	2.574553355029302	2.741022368356639	2.780798033357108	3.154810174963704	3.1559629937303453	1.0431473866299124	3.4103735565175453
ENSMUSG00000006471.19	ENSMUSG00000006471	Ndor1	UP	0.7635882635882636	19	0	5	1	7	0	7	0	0.6040411315597508	0.63196805846645	0.7229463918951433	0.7497437868904585	0.22524114714501567	0.7182332003083854	0.7197121806321173	0.8437969738615694	0.3090739856380721	0.5442239363007827	1.0401201294690767	1.0941435783581228	0.3743028028610474	0.4332973526541448	1.714413560601887	0.3975113867507216	0.94986414170104	0.8086658437086457	2.1001004372701386	0.1226778659615648	0.3213731875528378	-1.0656704692925092	0.5458449881513908	1.6076692981915222	0.1845523291143514	0.3133749952772069	0.2971736634209431	0.9112192783820728	0.9231960853077446	0.7197121806321173	0.5984424090181298	0.2249784266178619	1.5410441016754255	0.8139915569734092	0.540531991639161	1.1052292398390882	0.9017922193317268	0.984419529390476	-0.4705149895416614	0.7388763876343548	0.948717560088784	0.3946472909114496	1.902316942859348		0.2959581325102122	-0.4319200379094572	-0.8351973585323924	0.9911996742614108	0.655551951862999	0.1463102997610807	0.2728700496841658	0.3090739856380721	0.4147585747444281	0.3308597530684823	0.3281875935061711	0.4007346506293246	0.9188596463678992	0.3155430345237243	0.5442239363007827	1.1753135635907397	0.4955103756230615	1.1774471951231664
ENSMUSG00000035923.5	ENSMUSG00000035923	Myf6	UP	0.7622655122655122	15	2	6	1	7	2	7	0	1.0762449984106208	0.659970137142329	0.6021414774598494	0.9483081683455188	0.41387967934595427	2.3406506684911603	0.6460376975977957	0.6739025766868624	0.2761245106328229	2.5340454501611527	-0.3893654518820338	0.7496140041505587	0.4259245262859765	0.8162949779547559	0.8567628323050162	0.0388106286420493	1.1739893255529184	0.6196046878275465	1.7081646281212295	0.1676034265760994	0.8811674670642746		0.5324403358346984	-0.0292558206190987	1.4565294590084992	0.6724707073680448	1.1898038535104158	0.4903381240242971	0.9892519972460146	1.16021892645156	0.7465755932077476	0.4704742042812003	-0.4515248388379819	0.5599864371315199	1.2235225035669346	0.4318000595767146	-0.8355241803928753	0.6739025766868624	0.2332435303163031	0.5855548755289522	3.194538782390209	1.1771695110739726	-0.7663987626028195	1.5401466650251523	-0.2858071573291867	1.2361923262438643	0.4581866501597003	0.5039142722769786	1.616957053479788	-0.1499972830429998	1.0643074644536823	0.2761245106328229	-0.3022505000422333	-0.0484958500478047	0.183544986020885	2.442081530056816	2.969247034944167	2.6001578463383197	2.5340454501611527	2.5515735091227363	1.167355363084685	2.120093945730248
ENSMUSG00000072946.13	ENSMUSG00000072946	Ptgr2	DOWN	0.7616642616642617	1	23	1	4	1	10	0	5	-0.6453430768869921	-0.7706631677937703	-0.7390597281891275	-0.7022703760912633	-0.7094034632481542	-0.43063874001942354	-0.747817809330328	-0.8060224173141759	-0.7935085262572125	-0.3832857511096131	-1.0057140633815569	-1.0460663745312544	-0.747817809330328	-0.5199590282086466	-1.6149202791438817	-0.499209308192199	-1.0455403305427176	-0.463960331740224	-0.93798478541488	0.0256335992374468	-0.7772694588173729	0.3261755409109509	-0.6592813212870984	-1.44185616297556	-0.2536364617348838	-0.7503216830627624	-0.1894811848068224	-0.982085084017254	-0.695824830080765	-1.2102833774153168	-0.9334303174944636	-0.0125729041226545	-1.542406852068771	-0.6696744657801048	-1.0451754286623742	-0.5314248745095436	-0.7305250839334034	-0.712533660730327	0.1714706751446387	-0.8060224173141759	-0.9551915993282116	-0.8813331959699738	-1.3172364252222175	-0.4150460092185761	-1.2692413719890754	-0.9400968192449096	-0.528440802350234	-0.524941930690966	-0.7935085262572125	0.1255792826107559	-0.869274515749753	-0.5890637052124874	-0.9763404497919792	-0.2865996694935872	-1.1515095875602477	-0.0151638416390164	-0.358986365744122	-0.6438629836637721	-0.8389591243975348	-0.3832857511096131	-0.6037966777354367	-0.1704164358464695
ENSMUSG00000006005.19	ENSMUSG00000006005	Tpr	UP	0.7611832611832612	24	0	5	0	8	0	5	0	0.5580698864676205	0.3709187891105991	0.6938941963824549	0.5050095021578962	0.6030849680159382	0.4302908793141926	0.6321841243581353	0.2987441080537094	0.375380633279354	0.3664569449418442	0.5229815638789834	1.301633665217112	0.2354943892517147	0.6087981446852518	1.1695978360439143	0.6321841243581353	1.359470952370445	0.4514291928874037	0.8741230881209019	0.1911101228335002	0.2745099357895965	0.3788359437138608	0.2129404357795936	0.927643681935352	0.1524797434115675	0.7117631610179574	0.1828963058427702	1.2515224429172005	0.3375014083829359	0.8603846649850052	0.7468785114599702	0.0266491260991929	1.6373279056438266	1.154806483030188	1.371337348811044	0.6374148749348705	0.5234282489239925	0.9678817496127602	0.1513548677544268	0.1980939639247475	0.2987441080537094	1.1786563231560756	0.070503592183838	0.6698319104197166	0.5192952271339593	0.2666685402903959	1.9095851623955915	0.3120449149931363	1.4306441228101447	0.0291350869814376	0.9134154582775772	0.2700028800823698	0.375380633279354	0.1620537335363288	0.445708888395026	0.3250520380546915	0.8413804055830091	0.3664569449418442	0.1324318076031942	0.5866601666282975	0.6672297905197689	0.0928250018685424
ENSMUSG00000032121.10	ENSMUSG00000032121	Tmem218	DOWN	0.7611832611832612	1	24	1	4	0	8	0	6	-0.7657929273367383	-0.7863929450318106	-0.9857619963616961	-0.7705299934776457	-0.527851350851862	-0.7790283686557491	-0.9203121960020032	-0.7712276850593451	-0.5320523143362187	-0.8015582050042759	-0.9203121960020032	-1.7537847871707954	-0.8052958200792976	-1.0760448657641646	-1.920785982386602	-0.9022439532232543	-1.4191654408672698	-0.691067122354998	-1.3164949389604177	-0.1746051278628301	-1.0064910990948928	0.3044359059928113	-0.6189968398286382	-1.636186231354448	-0.4407153762331894	-0.8413421058687862	-0.5052114590824979	-1.3762481960347088	-0.8358687359173337	-1.9740748990132329	-1.2165696065655405	-0.3707081739864115	-1.4974063673879705	-1.1013815223552164	-1.094055049209544	-0.7712006206284236	-0.6537532905261393	-0.8401980721908503	0.4035127934851334	-0.583988132641953	-0.5768912667808669	-2.031508825833072	-0.9934087653225668	-0.7712276850593451	-0.7142043270070403	-0.5671887092767876	-0.1695931304666284	-0.5639023659582575	-0.953908259636584	0.0610410442392691	-0.35113858085985	-0.5076375433683137	-0.5320523143362187	-0.3746244076293448	-1.1331562650707268	-0.3936654179346838	-1.0741121682624837	-0.5409004194131302	-1.335197958481278	-0.8241604020803953	-0.8015582050042759	-0.4836040094139965
ENSMUSG00000032011.6	ENSMUSG00000032011	Thy1	DOWN	0.7611832611832612	0	24	0	5	1	8	0	5	-1.0776587376958848	-1.0966965218582647	-1.836973334574369	-1.393711084905048	-0.6312597647655971	-0.4486907665385253	-1.5787678182789044	-1.47101165867168	-0.7223813850448496	-0.3880010738238224	-1.420175528893672	-1.6498260992730245	-1.1232480623058725	-0.9383522597942664	-4.05339033446567	-1.134888796369079	-2.2561590561742766	-2.055477309056432	-2.5984103358707364	-0.9324753182327096	-1.402396326904778		-0.5966831968864353	-2.951181728588246	-1.5401068888096403	-2.1005577228881798	-1.5788179485084273	-3.175597731149656	-2.043821235725229	-1.5787176880493816	-2.837703732100836	-0.3366019859843305	-3.6701071463640105	-2.6210429393976944	-0.8862478512154867	-1.2808148407341908	-0.9985046351913384	-1.7307573478802676	0.0246413063396513	-1.47101165867168	-0.9943818457684506	-2.948573757561068	-2.186394198098759	-0.449500092694763	-0.743979115015815	1.5580870538837743	-1.5803688187291678	-0.7223813850448496	-1.720845238298649	-0.3347909104479813	-0.5085129322186129	-0.7621512610651835	-0.4901747536973598	-1.0661175182971476	-0.5726225334905747	-1.1077248045693684	0.1995716343330839	-0.3825329917733228	-0.3880010738238224	-0.8328106663803383	-1.07659643430917	0.4472589707532609
ENSMUSG00000032649.15	ENSMUSG00000032649	Colgalt2	DOWN	0.7607022607022608	0	25	0	5	0	6	0	6	-0.9807288708116567	-0.9709767537794788	-1.2241674959261497	-1.4728937731829526	-0.4911826522102735	-0.7346715619272511	-1.2225674548848664	-1.6041945673246896	-0.3917526888707098	-0.7193860526740912	-1.0074390523839785	-1.307844366229645	-0.8478194397637504	-0.357328371301483	-2.5138080628038786	-0.5908691195195338	-2.436377794841156	-1.2154156715884683	-1.347664855599756	-0.3450537747512265	-0.6440785951750623		-0.7806631209020006	-1.88625547087131	-1.5174158119921637	-0.8027628557283787	-0.8053988823535395	-1.573338675917353	-0.7921945104709331	-1.2297192381812647	-1.2531314768362778	-0.1281867820378437	-2.584052615352727	-1.669232222147786	-1.5223100360312394	-1.0398741009371395	-1.6301199903619936	-1.227507436120009	-0.2658977282549979	-2.404735652146177	-1.5000354958709234	-1.7308326879271538	-1.7083536387784557		-0.5830413816032626	-0.3889104203269006	-0.3356919809461053	-0.6874919917610275	-1.0906621171580362	-0.1729568206911345	-0.3817006790017367	-0.3339455026832033	-0.3917526888707098	-0.4414055781775162	-0.5954500130933755	-0.8178267783707805	-0.7320482041253771	-0.6836231946125547	-0.7193860526740912	-1.3853042163601843	-0.4665797967358532	-0.3379326906119163
ENSMUSG00000039384.9	ENSMUSG00000039384	Dusp10	DOWN	0.7607022607022608	0	25	0	5	1	6	0	6	-1.3657510827596995	-1.5737721091446073	-1.7612223886608676	-1.9311387518929704	-0.5043616179508498	-1.2662815725341097	-1.7237955194114478	-2.26182730793619	-0.297629397732668	-1.4237486988777668	-2.0285487224804144	-2.4880694863397244	-0.9440155687875852	-0.9293004034426212	-3.3567842292867303	-1.0553204432775287	-2.739299881390275	-0.7485256518239352	-1.520631774792352	-0.917758062006218	-0.552378871730685	-0.270916468003437	-1.7237955194114478	-3.3677761734272176	-1.675919680120269	-1.2215850478768109	-1.006219436404058	-2.387338332731031	-2.825139133451722	-2.950941267720266	-1.6767314341065331	-0.4023805817669897	-2.35065785150914	-1.9398621659181048	-1.8028479304804723	-2.5521013104190504	-2.1181590651388023	-1.0900366890194415	-0.409116072392049	-3.892515646474067	-2.3356025429083047	-2.26182730793619	-3.110754228844367	-0.4181187756763732	-0.0360639396498108	-1.2811387492226174	0.1595245068977174	-1.201634564156403	-1.3993306596375	-0.297629397732668	-0.9499230465947524	-0.6230322174550569	-0.1546348911259785	-0.1223712130467532	0.3582563742644742	-0.3751089946853111	-1.4237486988777668	-1.64719758142646	-1.4383513520513185	-1.2588046599757725	-0.722863708959054	-1.9978960117630844
ENSMUSG00000028197.5	ENSMUSG00000028197	Col24a1	DOWN	0.7607022607022607	0	25	0	4	0	6	0	7	-1.635935817943328	-1.6799583661518755	-1.9128511181271455	-1.4585942973439316	-0.6707759855354068	-2.5015218707668287	-1.758742376337062	-1.6011743559666891	-0.461281203078716	-3.060747752268135	-1.2300390685016818	-2.8749571010902084	-0.4897496207890839	-0.5462470247439802	-3.7639975511835	-3.020536440659475	-3.278628100196168	-0.4456791438443571	-2.7068951840606768	-0.5800734762989557	-0.9951454182869705		-1.1991554649401763	-3.001259905053509	-1.6593822203790456	-1.4760338820616332	-1.113474171906054	-2.308251613247236	-3.089586495941625	-2.547646052790058	-1.425142134457211	-0.9946697347704836	-2.8427613633296773	-3.311577863964077	-1.8581025322950784	-0.851303338300431	-2.123834168214428	-1.7614895895735163	-1.7091856360167696	-0.5658477087642082	-0.3294501869702563	-2.892429586822231	-1.4931630759166086		-0.1086481777641338	-1.3854397247064385	-1.2398649728180473	-0.3728545768298564	-2.0298736275524654	-0.461281203078716	-0.0612104739380057	-0.156527845156471	-0.6824436156450537	-0.9754931879256468	0.0951015645253582	-1.3696669122583829	-3.0770532074402968	-3.060747752268135	-2.0141487471166784	-3.6953202739438087	-0.8124837464271423	-3.481232455913356
ENSMUSG00000031167.17	ENSMUSG00000031167	Rbm3	UP	0.7603415103415103	19	1	4	0	10	0	6	0	0.8415891213091243	0.8097193422504052	0.7155287640186642	0.8439857056636049	1.0644398140641547	0.7424022014900734	0.6337880935395435	0.9336537695129292	1.1544857136328155	0.6857849149878812	0.6439700468259731	0.5224993027439734	1.1561690036458916	-0.4441395614193587	1.896178382292473	0.4978583137675654	0.3552390144708299	0.091662146716523	1.2525717281618212	-0.1176121517494951	0.7554629981057328	0.0185981471385017	0.345490931072124	1.400624275738354	1.0237211234783807	0.6337880935395435	0.376493705355588	1.371584356014808	0.2634589986232881	0.9616844769340852	1.0634023013853178	-0.4846018392071425	2.076318462371194	1.5431067124756317	1.4641677758565677	0.1337266117462477	0.517853272419513	2.0268310680911723	0.17394949420538	1.0387081534384277	0.354939904640294	0.143234133658252	1.2365834160987783	0.9336537695129292	0.709348244376284	2.080964488287268	1.5661350861538932	1.0642167304647687	1.750169302231223	-0.1554856580619061	1.3675114411364595	1.1544857136328155	0.5161063940980195	1.1727497051302276	0.4826365072566489	1.1051006109448118	1.2908138234408022	0.2769492744724601	0.6857849149878812	1.0792878980146905	0.1560486235282385	0.6028302650416291
ENSMUSG00000024943.10	ENSMUSG00000024943	Smc5	UP	0.7593795093795094	21	0	6	0	6	0	6	0	0.47979344938557633	0.4958281333821166	0.4788810071039125	0.5398226871020467	0.3612547487805235	0.5392153545558224	0.4973557696093784	0.4943004971548548	0.1709697702207925	0.5816111414036079	0.4790685916124172	0.9094483104618374	0.0558094307290686	0.1745439464491343	0.7513369595820192	0.6395844882589765	0.9875628797669992	0.3698240768857878	0.5284220423579445	0.2250692379625064	0.2734548423823256	0.5805659867495898	0.3872130632532046	0.5964495028765008	0.0641038549965007	0.3341414130799324	0.1012696265058417	0.6157110438368509	0.2595931121930968	0.4973557696093784	0.7158430143156282	-0.0275354014909547	0.923393362170415	0.8153105135433961	0.7246898693526332	0.3875718388274232	0.5599858155371829	0.883333850428587	0.173684576360617	0.3954178299788825	0.4943004971548548	0.6959171769835193	0.7620900015311298	0.3740148772767372	0.3222014685019772	0.1656992818860188	1.536757734771702	0.0050997940356193	0.6538360064763485	0.018888284366038	0.4576749108298041	0.1709697702207925	0.4018019082760772	0.0918384579259435	0.149034619295437	0.6785809438202073	0.8608785976246569	0.521716457898879	0.0831000478922876	0.6722257642922125	0.3763945289589051	0.5816111414036079
ENSMUSG00000027244.15	ENSMUSG00000027244	Atg13	UP	0.7593795093795094	21	1	7	0	6	3	5	0	0.46813260464985845	0.3518208744477602	0.563197297932054	0.9370416531475764	0.004774021155287512	0.36751744636451583	0.431525560455728	0.9557845147315014	0.11606616838902	0.2721161884397924	0.5193106871740488	1.0871809759835964	-0.0135843327051028	0.4698351707193201	1.1988782851545188	0.3735759895346032	1.2296072005060632	0.431525560455728	0.4199907583752962	0.1162954716504996	0.3391896272515485	-0.3917474114257128	0.0581702272642482	1.1422696734054674	0.2419572868289414	0.3193347192825045	0.0350011126140094	0.9422370725762056	0.8604813157174407	1.2441135726218624	0.29374527946913	0.1932326915170981	1.1588198182871556	0.4862882762862133	0.2684132571694856	0.9416111230375728	1.2405936354137153	0.7654478499906334	0.2627484730116135	0.6611325350674044	1.4418395224064158	1.0805083205232289	1.3918303563022367	0.9557845147315014	-0.192013009190427	-0.4424554980360349	0.2068398509992724	0.2047677643061516	0.2442608895169248	0.11606616838902	0.0852646248902087	0.2737769871873589	-0.1448987991662789	0.1468499041441463	-0.4459446503321793	0.6583763341167403	0.7866466864600771	0.0925631433893973	0.4143682499723282	0.1125196778375678	0.2721161884397924	0.2360318443357078
ENSMUSG00000023951.19	ENSMUSG00000023951	Vegfa	DOWN	0.759018759018759	2	15	0	4	0	10	0	7	-0.8450267312739286	-0.9274921273044716	-0.2465839816692975	-0.7969844885395286	-0.928682795423446	-1.4078556594634424	-0.2662919635585476	-0.9626494759736032	-0.8923347786353399	-1.3902918236667947	0.106951879720388	0.5299879376220119	-0.238931584668121	0.0443282294490979	-0.3146410737184429	-0.4479947052112443	0.1949003520981499	-0.6246373698581226	-0.4737676333677127	-0.180437611187945	-0.5130780302196966	-0.2383103753016531	0.1293580144587939	-0.6027052824659148	0.0401365767124767	-0.9041125794838452	-0.2662919635585476	-0.5920081657173909	0.4101789938193648	-0.4526049103445809	-0.1976340626212283	0.3780908068434494	0.0408997038984962	-0.6184930499660289	-0.9753066956544088	-0.5117103860473049	-0.3799345203010719	-0.9626494759736032	-0.1349421057927589	-1.2967366857621332	-0.2513496887051185	-1.1036395707899556	-1.2976734074091931	-0.5319004853439376	-1.7652266708630764	-1.8673109491424789	-0.3247812011473361	-0.3701599193882538	-0.9480067686270888	0.0030889883304453	-0.8923347786353399	-0.5368584716126312	-1.5758372106118814	-0.4111102098278475	-1.526973558132415	-1.212794339884177	-1.3902918236667947	-1.9205735505478343	-1.5921264642133717	-1.8304705322746828	-0.7406197807408111	-1.1681131249164265
ENSMUSG00000047371.8	ENSMUSG00000047371	Zfp768	DOWN	0.7585377585377586	1	16	1	5	0	8	0	7	-0.4052392305730562	-0.43599350474690535	-0.2713370520667431	-0.436132294188285	-0.3108492132387619	-0.6026383627984349	-0.2960074255137662	-0.4730076471136308	-0.3989793623801799	-0.6218598799962811	-0.2660341610106371	0.1316912519723874	-0.3187300873112779	-0.3061303821569988	-0.2162135307199374	-0.5071548536537758	-0.5377480944648841	-0.2380603466772628	-0.547190291434801	-0.2072158138771719	-0.4017052816542775	0.5163492954312672	-0.459424177067985	-0.2960074255137662	-0.1054156178694811	-0.2547979826481065	-0.1797982628147453	-0.1292282590205548	-0.1010927394298238	-0.4323092116950323	-0.4938525514669154	-0.0297349607253444	-0.1135802378162975	-0.5963578302424329	-0.5144537980386592	-0.3834789644391974	-0.3384260914563515	-0.3865147403966185	0.1655962654819356	-0.421185886873925	-0.7323545228370371	-0.5740296686624144	-0.631429858916305	-0.4730076471136308	-0.4531737995640087	-0.5707896815399288	-0.3989793623801799	-0.0131270783087663	-0.6034644749674456	0.0996712932428125	-0.2567831295133679	-0.222564853277689	-0.4575452004987009	-0.1115349670761083	-0.4310500917429986	-0.4634238892957064	-0.8105839198221547	-0.6218598799962811	-0.4500526711757878	-0.631473166199999	-0.4237864223153048	-0.81728859078381
ENSMUSG00000029816.11	ENSMUSG00000029816	Gpnmb	UP	0.7580567580567581	17	0	6	0	6	0	7	0	1.8946998079492758	1.338315123220991	1.3150678715275501	3.198609854183037	0.6586859751839462	2.40643553090257	1.210202156333896	2.528290335307015	0.5122947504473385	1.4664280901080862	1.4366326998031085	3.343219478917091	0.1676706653561443	-0.8678084198144617	2.942000117194869	1.4192919629418517	2.658685228379804	3.594105640323209	3.255689099470144	-0.4136382342717187	0.6752332184641452	-0.013769821149781	1.832066454253079	2.9700999255887286	-0.1886717396362728	-0.3643426395003521	0.7343234240215641	0.4804302002970914	-0.1780253592544059	3.094935150311299	0.1710667004927867	0.1633245028469121	2.9212234936970143	1.210202156333896	1.7378300643469762	0.6992352686384713	2.0258232931926656	7.938296002261347		0.9933451101039033	1.742715896088861	3.4607214460300826	1.8493071319437344	3.2072735386702957	0.329585934866722	1.2201426157919293	0.3433081434222557	0.5122947504473385	2.2062511222051437	-0.5797563959993433	0.4206611677771733	0.8700499514549982	1.207390252433029	0.78038395635318	-0.0647657717290185	1.4664280901080862	1.273769188594031	3.3736635868709373	3.9223337158761455	1.2033539221999756	1.2400931886272777	4.365407024041539
ENSMUSG00000063015.13	ENSMUSG00000063015	Ccni	UP	0.7574555074555075	25	0	4	1	9	0	5	0	0.4460204283243704	0.5155355796408142	0.5883434219119803	0.4832862137086235	0.37554683735865524	0.3369052403182225	0.5835286224325283	0.5729924240807566	0.4580787352008718	0.3664401818071623	0.5815059040464183	0.8390744056676611	0.3920875819145406	0.1656175531723794	1.227541735512508	0.6551248107445922	0.9724820102929052	0.1447323896400264	0.7150992191135233	0.2959817263998041	0.3287385406535197	0.0916705051682676	0.3238565672915114	1.1765632646858706	0.3692068167519444	0.6315023222623216	0.4854630977837759	0.7334272084496998	0.3817520311171435	0.5888571190098605	0.7023898773314089	-0.0889350655548581	1.3621541634390872	1.0492189526301567	0.5602612423019803	0.6163697893648917	0.5835286224325283	1.0332076075887382	-0.1429564579468675	-0.000646400839172476	0.4171759898634629	0.9260627538718392	0.5771675793416079	0.5729924240807566	0.5035903854744347	0.1092566558899157	0.7707228168860125	0.4831676948565435	0.6976666315464315	-0.0089788492706852	0.4686294461052379	0.3611181811462596	0.4580787352008718	0.1856598540576372	0.1021036590525483	-0.0432733298613087	0.5931234589702253	0.3664401818071623	0.3553234930144345	0.3997057108377427	0.067824990643701	0.6191921768156007
ENSMUSG00000015478.14	ENSMUSG00000015478	Rnf5	DOWN	0.7574555074555075	0	25	1	4	1	9	0	5	-0.4549574370501859	-0.47326015336719063	-0.6019704026776279	-0.5640423142956555	-0.4305455531611996	-0.22327147806626027	-0.5225318802951905	-0.6131124131247083	-0.4239884264391908	-0.2737038539056387	-0.9063551392450232	-0.9818150287038034	-0.2343553094212185	-0.3191096758547927	-1.459342282296914	-0.5188463651191332	-0.5478513689254195	-0.3611489715460345	-0.6737476545790686	0.0213438037897612	-0.3964653706971643	-0.1993614353089983	-0.3695815495407754	-1.1346920111930208	-0.1820811206531106	-0.307931097274164	-0.3980693907063107	-0.699473196086462	-0.7759141183346083	-0.8628791107706859	-0.4779891598796366	-0.2933111553638345	-1.6379484006377452	-0.60249681956015	-0.5225318802951905	-0.6686284067893488	-0.7426186573031016	-0.5586171348722201	0.1996517717684539	-0.755422230640775	-0.6131124131247083	-0.973674097184157	-0.7639396884426769	-0.4831824075735054	-0.7074045515333416	-0.4239884264391908	-0.7149972899739404	-0.3847001795441934	-0.6832826185698163	0.1550057328223129	-0.4481549439367465	-0.4058734251370677	-0.4613720992888405	-0.3121152118979481	-0.3491180712744224	-0.3138297714807272	0.1693511446939361	-0.4045619571997101	-0.2357763924753871	-0.2829130191383004	-0.2214664969579945	-0.2737038539056387
ENSMUSG00000001576.16	ENSMUSG00000001576	Ergic1	DOWN	0.756974506974507	1	26	0	5	0	7	0	5	-0.5013331931415126	-0.39686965184661116	-0.6338802486656411	-0.7162383907176636	-0.3647558924848849	-0.29045824069786086	-0.4417613695641172	-0.6078877364414916	-0.2389485445252014	-0.3519779341291051	-0.930160657571461	-0.954554996079874	0.2409319332370806	-0.2022326136041941	-1.823495924547131	-0.7461388650695248	-0.8056859759301741	-0.3129645282149837	-0.36382711272824	-0.3727478785618318	-0.3322112032824154	-0.3784815226419413	-0.3303026974704187	-1.1614295617549084	-0.2898037888340789	-0.311659932908609	-0.4044680092494938	-0.7540350809460212	-1.2975027091607396	-0.8853221536212694	-0.5851553293967214	-0.4417613695641172	-1.6261251142388409	-0.3245889869251952	-0.3442028558453042	-0.6512178134069097	-0.7256219656549926	-0.6078877364414916	-0.0570441945751352	-0.4618827749554324	-1.057203284025537	-0.81069283433655	-1.6019468402721186	-0.4170110704173811	-0.2389485445252014	-0.2293339998577495	-0.8438246756845527	-0.1229674440923082	-0.6623975517304757	-0.0871889777725995	-0.7327537575887489	-0.4845096632601129	-0.095781696651348	-0.3342076962644558	-0.1804008099061817	-0.1284761105180099	-0.450855320559198	-0.4472665062865938	0.080585665705036	-0.3519779341291051	-0.3037628936297812	-0.4314545854673741
ENSMUSG00000032199.14	ENSMUSG00000032199	Polr2m	DOWN	0.7561327561327562	0	21	1	4	0	9	0	6	-0.4273616977789091	-0.43203288868423617	-0.3611726929054726	-0.3592403331277375	-0.3623581008624829	-0.6266756642199434	-0.4031059933896139	-0.4154394585893465	-0.4486263187791258	-0.619229454757356	-0.5299072609861721	-0.2930728428054399	-0.157175560302882	-0.4423995685887605	-0.578028921297918	-0.1996766612839799	-0.5435975273330123	-0.2722524577033116	-0.4761975291887664	-0.1769239624349947	-0.3141222289925833	0.0062891763568118	-0.3941520952446598	-0.5025174570866603	-0.0076921304794376	-0.4342229231932887	-0.0590336198403377	-0.4031059933896139	-0.7054537015713527	-0.5476491343310316	-0.5265766442995216	-0.1692106466693328	-0.5400356245447024	-0.2150111739027946	-0.4703579537634124	-0.4595428397818167	-0.3400354257887892	-0.4154394585893465	0.2828186361313432	-0.3297075021277671	-0.5305247589324225	-0.6176854299802025	-0.510678674257744	-0.3934651441380232	-0.5648465861354357	-0.690359358950201	-0.2541830990648832	-0.0571125639012349	-0.5274835412726242	0.0464733425042002	-0.5387347104001756	-0.1952454091606925	-0.4486263187791258	-0.1546103940916307	-0.6012104702355088	-0.619229454757356	-0.551973537365115	-0.8669408062412738	-0.8115792249803732	-0.5067811375480518	-0.3899748687241832	-0.6402506199232505
ENSMUSG00000049281.17	ENSMUSG00000049281	Scn3b	UP	0.7556517556517557	22	0	6	0	7	1	5	0	1.4246180459258946	1.2596877142716818	1.6546798659836786	2.13677923273362	1.1223749239854097	0.78463816100087	1.4430817206820898	1.9113366197139667	1.076293707861274	0.7917811382769019	1.7845734128630524	1.1173783576428258	0.9368803629028788	1.2484366436300864	1.1322329017761352	1.532673480514129	2.832781023601592	0.5304714161218369	3.0058560386620434	0.970828690078182	1.5932342560413004		2.744340029716482	1.316791035526487	3.509700786860634	1.1820194222725882	1.5710124718809684	1.400752875955782	0.3080511395360492	3.858290561890903	2.570168837819589	0.6675499775380421	2.052191257507244	2.636754546760852	0.7181785812929191	1.4854105654083976	0.3151178417746418	3.271595664662041	1.1935929212806915	2.297866917249901	0.9688546273510684	3.5639589436799888	1.5248063221780324		0.4902346125720233	2.9035485440568825	0.7990402112917129	1.4734783795926445	1.6263487586780978	0.5952150482781194	1.076293707861274	0.8287852063264853	1.4529186487876664	1.6782879602152905	-0.5780269138206876	0.6690359157722059	1.577843239029681	1.3307710605475276	1.0254427916349276	0.7917811382769019	0.4280010510906411	-0.330408069345794
ENSMUSG00000028822.12	ENSMUSG00000028822	Tmem50a	UP	0.7556517556517557	22	0	6	0	7	0	5	0	0.4699372784824056	0.4520130519216531	0.5280113665493145	0.7804466037987507	0.23902165702831682	0.33226948655324035	0.5053904454556012	0.8364686163651972	0.2256449481531006	0.398635658387705	0.476897118153618	1.0354896512636207	-0.0754743991348436	-0.0626368702794954	0.7382757624387108	0.3709270207855725	0.6427658285526264	0.2770780724225677	0.446003793519853	0.2478716008181127	0.2295283723998503	0.0134280135957245	0.7174089125457226	1.304979783502235	0.2171091955526178	0.426068893579964	0.5227783489250776	0.7457429399033262	0.5950197813227629	0.9560418210686362	0.5053904454556012	0.012379184703104	0.6402494646434193	0.6979508605415712	0.3507546519085772	0.8813217763605273	1.3429568722824314	0.7521748731090633	-0.1065084790377065	1.0136433333132244	0.8364686163651972	0.280385313697827	1.6995811755994346	0.9873813935442148	0.1353440104604925	0.7250111738232271	0.031613132726387	0.0644571280575071	0.2520705050405951	0.1790244942422234	0.2256449481531006	0.2225012155465616	0.2862664954591044	0.2554890927447342	0.2518160310575518	0.3497501954344374	0.4888839363113922	0.4216968932637478	0.2034472362050258	0.398635658387705	0.0097409465143259	0.4537315397560483
ENSMUSG00000045128.10	ENSMUSG00000045128	Rpl18a	UP	0.7556517556517557	22	1	5	1	7	1	6	0	0.4515801281327658	0.5602974748668192	0.574162954584316	0.4814840925140708	0.22859826915235393	0.5220751962803228	0.6051219833513392	0.5154729663822994	0.1821979703191258	0.6331816594954922	0.2873949966329368	0.9418590343469504	0.7043062506835812	-0.0918577708171798	0.9715137153610895	0.6099533430982743	0.9676254866215098	0.3335619514077247	1.020336479222018	0.038553135495996	0.4351517965009813	-0.3744142174194077	0.463629664078643	1.2202608227002856	0.4144849671512274	0.5211702710375976	0.1490526961090014	0.6051219833513392	0.4858751267855102	0.7994455377770844	0.8172330557686722	0.1210502357183601	0.714915086853448	1.3007146631822288	0.7314877870847062	0.4555896426419473	0.8583840324020072	1.0953607658051792	-0.145653442048139	0.1259045518278473	0.445403009222754	0.526580579740211	0.8073202166683437	0.5154729663822994	0.1754824875923344	0.6313538055314708	-0.2435644740557262	0.2160662015015879	0.633496143758828	0.0830131441385575	0.1821979703191258	0.3148753867722846	0.1587351298339817	0.2299619714510024	0.1329631938324461	0.5108606804884243	0.7611292474055821	0.3754674147950109	0.883119080123235	0.7304903183155321	-0.2397220266610167	0.6331816594954922
ENSMUSG00000020372.16	ENSMUSG00000020372	Rack1	UP	0.7556517556517557	22	1	5	0	7	0	6	0	0.406607956201138	0.46883967576871227	0.4675939721062545	0.4008827979175837	0.21007212903379485	0.5478829257469188	0.5145653488540382	0.4231140026833864	0.223036284451739	0.5684956207198532	0.2426134921495346	0.666433515514411	0.7075612944943592	-0.164526255632555	0.6550107840620782	0.5246674463078709	0.7763281655480605	0.3779852562921506	0.7712745766360795	0.0991487382395769	0.4319352539367683	-0.4121375010475937	0.3853630848941077	0.963962706943633	0.4186885233335162	0.5692984325779048	0.6004753109735866	0.4726351656334296	0.2058477464218951	0.6668930340721368	0.5975887561958515	0.0048801651343876	0.3531948666301087	1.0367593133344468	0.5145653488540382	0.4281593926971814	0.7304306326719039	0.8231378281347123	0.0039175392242405	0.2251055453657115	0.4231140026833864	0.445211120555428	0.511518263226117	0.3741752862334899	0.1052996138551398	0.5338673878675444	-0.1886414755690957	0.2558733968833232	0.510367431892364	0.0101817452127507	0.1718099538512746	0.2531667925190743	0.2311934355920428	0.223036284451739	0.2046388528155864	0.5684956207198532	0.4951547964087031	0.4860529437565367	1.1150231424612005	0.6151784960481433	-0.1619013471494468	0.7171768279834415
ENSMUSG00000029578.16	ENSMUSG00000029578	Wipi2	UP	0.7556517556517557	22	1	5	0	7	0	6	0	0.3982202023310676	0.35078622260187065	0.5143711528254238	0.6078607076821188	0.17526880500478736	0.29538014381194033	0.449240204425348	0.7088099138302886	0.1594058821722033	0.2523322407783933	0.449240204425348	0.8596780826458034	0.0607339390948569	0.4677595388352503	1.4106573991830744	0.3942893613044321	0.8288352969871879	0.3378334091717876	0.4256632549074944	0.2163282566991823	0.2539748020222021	-0.2776666505186421	0.2277141957684811	1.303290050974523	0.0324350374898484	0.4135830236520963	0.1910679155439162	1.0191480907522583	0.6906584518823647	0.8491273704764682	0.5444216047293893	0.0209800123098843	1.0814127837000005	0.5809900128559157	0.4118107093047953	0.525515480640021	0.5685394914485034	0.8081756104030859	-0.0229287665866819	0.4518174661626876	0.9666012301512412	0.7088099138302886	1.0247996125347414	0.3177498872794685	0.1594058821722033	-0.0527774402763466	0.2722237495182273	0.133186660603224	0.4842633762081615	-0.0140788576000075	0.2212001962876139	0.3118012025759417	0.1088599520964724	0.1775167113804527	0.1263554220867183	0.2523322407783933	0.6284878064420554	0.2040446694157214	0.2218202800884172	0.3729351059645993	0.2572927778711179	0.1307481261232779
ENSMUSG00000008683.17	ENSMUSG00000008683	Rps15a	UP	0.7556517556517557	22	2	5	0	7	0	6	0	0.3848083626916328	0.42982987722818905	0.3727997168500142	0.42604246125508577	0.2180035121190002	0.5223877605424312	0.4120883341317564	0.4475714203246217	0.1909733477694125	0.6393702722325229	0.2486813855172746	0.525355539233966	0.5097193374295815	-0.8154645612358111	0.6786505876138013	0.6390007086924103	0.6244387178242837	0.3578473543979973	0.7076247829416061	0.138895977695706	0.4384422268525589	-0.3116568713445884	0.2884675069738088	0.8394441177265735	0.2987790029697663	0.3567477963435132	0.5016662576833135	0.4120883341317564	0.1812929933211795	0.5054728206332024	0.5931993970643418	0.1027625525672921	0.1726892264131707	0.7569239858576491	0.3679758195531915	0.3624100483733919	0.5841373097194473	0.8418535652001725	0.0467543929560049	0.2161594906169523	0.340763690197182	0.4475714203246217	0.6146008506032157	0.4745938188874506	0.0937224773819582	0.629505300278796	-0.0843729804696722	0.0916233159579157	0.1909733477694125	-0.0202123607682632	0.1500702052919028	0.3391751747580859	0.549540667079312	0.1933969202743775	0.2646165657551769	0.6834703393477556	0.6393702722325229	0.6131923853782173	0.6827116563929521	0.7244488701973909	-0.3129942307538007	0.6265150310019801
ENSMUSG00000034863.10	ENSMUSG00000034863	Ano8	DOWN	0.7556517556517557	1	22	0	5	0	7	0	6	-0.5452101485295029	-0.6158648216916109	-0.5610017402946013	-0.7391544598921721	-0.33949196107942686	-0.5411924328518115	-0.5785279867414379	-0.6544394041160115	-0.2061577181458126	-0.653201656641784	-0.7672467124634497	-0.9242936044836124	-0.3706567777864998	-0.2650545845199921	-1.5657226755627538	-0.8021550946883228	-0.7132951138200685	-0.3706670631834955	-0.5785279867414379	-0.1630645558550809	-0.6287676958250604	0.5234914345069683	-0.6375890595936599	-1.0673339065974043	-0.3315291717155021	-0.2032001771994179	0.022621731188412	-0.5146812777078006	-0.6480634370332893	-1.0855561798690845	-0.3321805833752214	0.0343615738843654	-1.411144472767352	-0.7589714476794589	-0.4557586305333648	-0.3738795033893085	-0.7581820151433435	-0.9586419829269528	-0.24622833542457	-0.582607345124365	-0.5025679176586485	-1.100524525189577	-1.129071708805079	-0.6544394041160115	-0.4004217803715634	-0.8285590712219632	-0.3409588054796476	-0.1653314302958042	-0.3881178018753741	-0.0121668139439437	-0.1930486874450764	-0.1965051930134716	-0.821663430538416	-0.2061577181458126	-0.1814808395426226	-0.3336130854029639	-0.7793359430892307	-0.653201656641784	-0.195609042179036	-0.8995654349222741	-0.2102906854856526	-0.7167311822417386
ENSMUSG00000038663.8	ENSMUSG00000038663	Fsd2	DOWN	0.7556517556517556	0	22	1	4	0	7	0	7	-1.1492573321079962	-1.0988147717578851	-1.0297220558811537	-1.0606842425527303	-0.46772024615678737	-2.0389027838413134	-0.9878465644395142	-1.209782979076256	-0.3363087244988376	-2.208461858850409	-0.9053359854630694	-1.7862629753753965	-0.2458762393595078	-0.1226111604111383	-2.076674684558649	-0.9212989168355727	-1.4900392771269662	-0.4037806003340332	-1.5515920778181411	-0.4083672157219507	-0.6478179721586778		-0.959729893812942	-1.8756954130185344	-0.3742197684299423	-0.4583644473386368	-0.5264385566003378	-1.067121176040044	-1.383984511231647	-2.4217173077757126	-1.0335722194025485	-0.2995083326262446	-1.7953745382836823	-1.1403001251907254	-0.7815375646315281	-1.0159632350660863	-1.0795892582982822	-1.209782979076256	0.1805774761513975	-0.40035121469333	-1.7172202382753037	-1.7143037827595529	-1.4592374601096476	-1.104471499106418	-0.365513521452322	-1.312718283970276	-0.1645460714692997	-0.2441852816994034	-1.230771168792392	-0.0568216102801081	-0.6004719575675257	-0.3363087244988376	-0.4470422766598625	-0.1141556661464478	-0.2723881451881867	-1.3605483330121608	-2.119171481864585	-2.782558911199983	-2.208461858850409	-2.5733268914338687	-0.6638442805456788	-2.5644077299825088
ENSMUSG00000052837.8	ENSMUSG00000052837	Junb	UP	0.7551707551707552	23	2	5	0	5	0	7	0	1.7447610834572815	1.6951558944871246	1.7576611131044702	2.610728706980629	0.7363300652073065	1.8743244485367203	1.696006826380818	3.0040497368689434	0.0597956158669461	1.694304962593431	1.3587231768416943	2.9249407478179084	-1.0504334583189936	1.759373458811827	2.875653898651533	1.696006826380818	3.0106203731496124	1.3816366685662154	2.394867158007357	-0.2015756740347972	-0.8274394161143046	-0.8585094228374432	2.4440905575415	3.520037977053983	3.388788104905647	0.9351717085985092	1.4067452567720362	0.8831453850337927	1.3858613611201842	2.917750798733152	2.211988355175214	1.5339936700842152	3.133137796477709	1.3318454303343763	0.9105891453154786	3.945626386559132	3.04421378319434	3.0040497368689434	-0.016022785835878	3.98269306830998	5.016137144639831	2.028798265661084	3.767603361693961	0.491842157526481	0.0181131379420588	2.17238044283947	-0.3277699563017349	0.87788628370009	3.0656646137805867	-0.1733687923881072	2.216358608548516	0.6844141844733839	-0.3684331691585338	0.0597956158669461	-0.1254102520223043	1.694304962593431	2.5934528441886866	1.668702196412689	2.8100979470659397	0.8007764192373753	0.7872045515736055	2.765732218685317
ENSMUSG00000007739.11	ENSMUSG00000007739	Cct4	UP	0.7551707551707552	23	1	5	0	5	1	7	0	0.4846506953812254	0.33490198117279946	0.5353201094888947	0.5662358464778645	0.2036167527447337	0.6334300728134087	0.4720344902506073	0.1977694720949916	0.1085647200953017	0.6550116546938042	0.2966632061101142	1.1160258000978314	0.4420593906416203	-0.1130318455658497	1.1127694185124235	0.6999973523045578	1.115394833096898	0.4661840618940058	0.6741795094970394	0.1012781199967979	0.3804204594495201	-0.4065296362763994	0.2328665923928552	1.0557577893751118	0.1955911581690083	0.6358114611450106	0.4808708379023525	0.7669582896552636	0.4720344902506073	1.026846927841487	0.8784319740139233	0.0072070033873301	0.8910049517295509	0.8104644573952025	0.2950316121792689	0.4521398711554904	0.3672148698491374	1.167711545846026	0.1413062340893298	0.1680230969983206	0.1908347920287481	1.380139719365211	0.1977694720949916	0.7178660649224249	0.0052503327430009	0.5087309661795666	0.5506988404301875	0.0310640323129194	0.7259451215494145	-0.055832461622967	0.3146959858470891	0.2012442844859726	0.1085647200953017	-0.1924638816375548	0.0418863398091405	0.6550116546938042	0.8127550690417555	0.6059085029753976	0.7024134393068925	0.7805638211557887	0.3447474232964063	0.5326105992238167
ENSMUSG00000068917.14	ENSMUSG00000068917	Clk2	UP	0.7551707551707552	23	0	5	0	5	0	7	0	0.35659669695455715	0.3991257559539956	0.5488472825651288	0.36692125011756554	0.17005964004054325	0.34055861509499114	0.4818004893310831	0.4612079200760936	0.1552210036288974	0.3370435918318976	0.5033588361946945	1.428129370390283	0.2324790932866586	0.4085792835116676	1.0997012143365408	0.2954865939564524	0.95880442674451	0.2857685255429469	0.7455075085721944	0.1520341812895395	0.2664669218013505	0.3954039980175441	0.4887161943503795	0.8980837467404151	0.3234800189223427	0.325182091201525	0.026465853232917	0.9056724179833336	0.6483042282876943	0.6616608239557472	0.4818004893310831	0.1061893869937637	1.1683937318710227	0.6381874034748033	0.5139983166176955	0.4145488231748155	0.4464731494765595	0.6696488666212684	-0.0794731856213664	0.2975157477068859	0.4612079200760936	0.4889701025769778	0.5236091595986897	0.2069701398644098	0.2461492668690897	-0.0133453478418298	0.107435506914353	0.1096131904206926	0.3890566984281863	-0.0072745189033078	0.4259633921695224	0.0647726712078575	0.1552210036288974	0.20007314463002	0.1929910329224943	0.3370435918318976	0.4488774334620801	0.3049633703009355	0.2137690825090847	0.2080286308108078	0.5207940297540805	0.3504341669960518
ENSMUSG00000043719.15	ENSMUSG00000043719	Col6a6	DOWN	0.7551707551707552	1	23	0	6	0	5	0	6	-1.0678131840367695	-1.1315884155947247	-1.5529176490135015	-1.3722877769112931	-0.3279431501887238	-1.0181041600335603	-1.3903142134237065	-1.5760351564261192	-0.2830300678732497	-0.8728626177657427	-0.7107853454569377	-2.4119207878538305	-1.1795357176409993	0.0808410693835925	-3.7600183880157383	-0.9023224640983024	-3.043497641520464	-1.9739431967307388	-1.9041484121167187	-0.9365436307122854	-0.932281220299174		0.609676159021882	-1.9690111196932645	-1.0271687208500913	-1.0600291684996772	-1.3532638700914938	-1.965926029628977	-1.2691383752024838	-1.775570507247881	-1.4273645567559192	-0.2638352200022506	-3.1669756640417512	-2.4863657762417444	-1.0110110517337243	-2.240153672105452	-2.2955655662166143	-2.1893998431915263	-0.3919692119116939	-1.1856891506715357	-0.3398742444515709	-1.8967311704157843	-2.026315661310821	-1.5760351564261192	0.0457781107606289	-0.7812244072688256	-0.7430875328945484	-0.6432520060671592	-1.3137793666739723	-0.2830300678732497	-0.1303253009693496	-0.3949008026271668	0.2380490555319847	0.132458099903794	0.2659395661019038	-1.861851503716373	-0.7723149915192722	-0.6662068494433002	-0.8728626177657427	-1.315386371570403	0.1260779353137595	-1.7641847215335895
ENSMUSG00000050592.9	ENSMUSG00000050592	Fam78a	DOWN	0.7551707551707552	0	23	0	5	1	5	0	7	-1.6410811318511571	-1.675203092003471	-2.0792807475926116	-1.9843584954210554	-0.29388699504901244	-2.2067982893419487	-1.8177060635011162	-1.532700120505826	-0.2412181698243103	-2.114219577978754	-2.147710163214989	-4.4077904689760095	-0.2071939583398449	-0.8738530080429474	-4.67918426930192	-1.7115945794745775	-2.7406202070108967	-0.4768760302867382	-1.923817547527655	-0.4722432801781668	-0.9794920170548582		-0.5256624931818393	-3.5627099943028946	-1.111595809011688	-1.449945850142055	-0.956565787315296	-2.237380006954344	-3.3151559177720347	-3.020127337179412	-1.593690835736493	-1.0038439100136387	-4.301923186280125	-2.3799244512666085	-1.706994178602079	-2.965528744283454	-3.3098754059573365	-1.4579748329096935	-0.2571941581217137	-1.532700120505826	-3.5259493433395765	-2.288355199887804	-3.865109461289604	-0.9632263518931702	0.2109025924112967	-1.7179270696242617	-0.4512793499765471	-0.4091208970695158	-1.6351320575675476	-0.0084492833903355	-0.2412181698243103	-0.6390907301121449	0.5200249834204114	-0.0235330068053535	1.1620660429991714	-1.9412479797182904	-2.938640988488057	-2.114219577978754	-2.5538351558300194	-1.775516987175072	-0.7673620455607626	-3.356765290642684
ENSMUSG00000091712.3	ENSMUSG00000091712	Sec14l5	DOWN	0.7551707551707552	0	23	0	5	2	5	0	7	-1.7328438688027488	-1.4352160332681319	-1.7203690395511977	-2.100735759441403	-0.30197739193185436	-2.8082932842865396	-1.2990164558664372	-1.5714156106698265	-0.3748644917484123	-3.1680133198950364	-2.38827426889279	-2.5519365704638184	-0.2693735751023343	-0.6608024425490626	-5.132937890978456	-1.2756927380053948	-2.519277922484135	-0.5506779703700648	-0.9724539163932228	-0.561509077237488	-1.1203758688215528		-0.3577263817256812	-2.697847155999644	-1.114533252582367	-0.856198061604778	-0.8024868299189065	-2.431756663488841	-1.9879779835787448	-2.1298788376558413	-0.8405773727281807	-0.617609126354256	-3.807616431980079	-1.3223401737274796	-1.7936029652411851	-2.7772927390657856	-3.188838811381047	-1.5598179518898654	-0.897464042862338	-2.6442179566033968	-1.5714156106698265	-1.6130301073186075	-5.169094933245027	-1.2501097135007593	0.8084904095914283	-1.7555235933532465	-1.1664130628319185	-0.3892331193784956	-1.5042289055173286	-0.0202872343284149	-0.3748644917484123	-0.5341284542578073	0.412493379255191	-0.0072467476885774	1.2091905090071835	-1.9356246931744625	-3.609647139471861	-3.741443123432891	-2.634309456215769	-3.818474459186073	-0.7505407986296889	-3.1680133198950364
ENSMUSG00000035606.9	ENSMUSG00000035606	Ky	DOWN	0.7551707551707552	0	23	0	5	1	5	0	7	-2.144543211662277	-1.8468495718584048	-2.3674589907093404	-2.5165400291964253	-0.47229770274842936	-3.221876123994914	-1.9964879305015248	-1.6972112132152846	-0.2503442882474042	-3.773883560223105	-2.894029068049165	-5.53227898911887	-0.6249617865338603	-0.5849064841670787	-6.013327836572929	-1.9964879305015248	-3.6811693634135536	-0.3228194296582464	-3.2986703620211197	-0.5343134112477166	-0.8776206574642615	-0.390199925693112	-1.543381811435584	-3.688644802745983	-1.6830814795625129	-0.8770437828513414	-1.08033040067594	-2.7446877915323555	-3.5690499632849395	-4.477265460300952	-1.618741383954765	-0.2975690682022294	-4.257933912913532	-2.7090409713037804	-1.7530684747834455	-3.2735008220053428	-3.5972673791580387	-1.4201093860746077	-0.5607382453046418	-1.6972112132152846	-3.509969742068172	-3.629904974957319	-5.480323113758137	-1.3175235289968144	0.3772981177330603	-2.7123970461499844	-0.6656448031433717	-0.4875698410216206	-1.1088844223547236	0.1493958503031119	-0.0690632865862853	-0.467784436178003	-0.2503442882474042	0.0115063658691458	0.0282130595433529	-1.9753513457919505	-3.857314404968893	-4.343658998269503	-2.551972053910926	-3.773883560223105	-1.2510937001898887	-4.799858804610133
ENSMUSG00000027086.17	ENSMUSG00000027086	Fastkd1	DOWN	0.7548100048100048	1	17	0	5	0	9	0	6	-0.42924933703087775	-0.4261350874235118	-0.31969781932692826	-0.4847019079214069	-0.3909346605508484	-0.5216629603243276	-0.3835025760796574	-0.5593749991230937	-0.3666172958270248	-0.4687675987673663	-0.3014736096270257	0.1253153803001973	-0.830473198469135	-0.1002306971925401	-0.763184738998236	-0.2435483302287909	-0.3835025760796574	-0.2413348114945591	-0.2426059085483948	0.0360980708867746	-0.3999958269610514	-0.2365669012737064	-0.4376052680013019	-0.45664524175352	-0.2047321952000459	-0.4428305695438853	-0.0464307802870659	-0.1128815404461244	0.3904412937054563	-0.4606637937132259	-0.4079792684163768	0.0549328070301523	-0.8186870317848615	-0.5593153616803798	-0.3872188494453307	-0.5851682766254077	-0.5755538979790197	-0.4605696954912027	0.0752045731556779	-0.8317312455607784	-0.5593749991230937	0.0905624541255909	-0.999599177566808	-0.7074052649892344	-0.6682842858908012	-0.8959101473028581	-0.3218310093881588	-0.2708729623307092	-0.4363244962642309	0.1279966220382836	-0.3666172958270248	-0.2611071244262992	-0.279528601614971	-0.4114125967696603	-0.5163893682829023	-0.3800323937911756	-0.4387061953765135	-0.6935224706100379	-0.8997693802670843	-0.5806040585163551	-0.1902386249417611	-0.4687675987673663
ENSMUSG00000005413.9	ENSMUSG00000005413	Hmox1	UP	0.7543290043290043	18	2	6	0	7	0	6	0	1.1901793481320069	0.9783613625647579	0.9100611042457174	2.004685235297159	0.9828258846340785	0.8631451683510728	1.0518682820656222	1.8058966826264624	0.9048544430638936	0.8031589723920077	0.7464775202324746	1.853110347152909	0.5091905161876549	0.4474466888407806	1.970798777594975	1.26964981207682	2.560276841917449	1.843297649979624	1.83210823508929	-0.7869192575700197	0.5288067452824754	-0.5364919596435184	2.183163387618267	1.5871070703847168	1.5951986967168712	0.3853914693342016	0.6987659736357622	1.581098777661933	-0.8852132571872977	2.3299419473751275	1.462961477076905	-1.554321214159157	1.0518682820656222	0.2354345831713857	0.3882262510848146	0.2089767292425842	1.0652977234717216	2.874870517681917	0.0104078035625204	1.1597457611883883	2.2108444790044213	1.549229817028053	4.421801585988352	1.8058966826264624	0.9048544430638936	2.9627078856772724	-0.0108708235578274	0.6587712953134197	1.0060236461354666	-0.0607710861699432	1.686628713775966	0.1830498924501426	2.044649756212636	0.0387087453312959	1.3973322627425424	-0.3102219371001539	1.2924257472095673	0.775269250663118	1.0546322914046544	0.590318241884685	1.8364336120036304	0.8031589723920077
ENSMUSG00000021215.16	ENSMUSG00000021215	Net1	UP	0.7538480038480039	19	0	6	0	5	0	7	0	0.8537708487227363	0.9310250735248526	0.6948756185315362	1.4567739827978914	0.27572935771694346	0.9877044358445745	0.7267747949588533	1.486680333858159	0.1344461430080002	1.135275352090852	1.3459592377236376	0.9027741303759168	0.3728916023431588	0.7011163358981051	1.424752948353108	0.5220795667876775	0.9255417739657046	0.7267747949588533	0.2526261836504582	0.2416279165390324	0.8465563757668696	0.3409018257786891	0.2633381337991483	1.1430296039606398	0.1139843883268055	0.7430544661686308	0.4465836788743619	1.501739571291719	0.2047770432083898	0.9915115632150944	-0.3183354552192074	-0.0874446698101786	1.7609412732698144	0.5159277183630884	0.9234244134622956	0.8278474486219382	1.1276598306777277	2.2588657433078243	0.0638970643157106	1.631215692323415	1.486680333858159	1.0494915086305334	2.4642710345009364	1.2429965026486602	-0.1425304896856469	-0.0160830584793037	1.0651300093851246	0.6599249871492898	0.8079075775107633	-0.0382485287720369	0.4118094810865406	0.6038085000291337	-0.3131816484111052	0.1344461430080002	-0.1399600379343809	1.298920386099301	0.9051814434556538	0.7113675554618343	1.2127651013688674	1.1764338305171356	0.4739873819183774	1.135275352090852
ENSMUSG00000001552.15	ENSMUSG00000001552	Jup	UP	0.7538480038480039	19	1	6	1	5	0	7	0	0.8122994895665872	0.7005919667093201	0.7514647929813434	0.8540392342928632	0.30882400758161155	1.3348699234105301	0.6194152971022944	0.7817686363163459	0.3761186888757804	1.3806440925744543	0.936413357713963	1.4185958544528343	0.1683783590868095	0.4977696211831313	2.5681474153274317	0.5342409829283395	0.6911930706518985	-0.0527139753610454	0.9998606432219238	0.0292441750447159	0.1345497673944359	1.514422707067639	0.3026977509337293	1.5880470122590382	0.419748421607193	0.6574943473277434	-0.3286948534669068	1.1535088188023177	0.5700043981724576	0.8443626559652468	0.2735323447753818	0.3983829132998786	1.688831342767115	1.2138573699641777	0.5676844700190173	0.8805751422555073	0.6194152971022944	1.5325773826522453	-0.2696803989982108	0.7474486383391783	0.9479398027987408	0.7817686363163459	1.5214109176073227	0.7168096613344209	0.3761186888757804	0.6267680968484359	0.1399185228566953	0.1500096133996149	0.5886400172837146	0.0171666279307622	0.5580093051269204	0.0907147428155055	0.429544821474588	-0.0189072466664204	0.4390808934521307	0.37265949397538	2.33903573446653	1.3806440925744543	1.0971423674011986	1.5947513924731014	1.132325236324775	1.427531146658274
ENSMUSG00000035696.16	ENSMUSG00000035696	Rnf38	UP	0.7538480038480039	19	0	6	0	5	0	7	0	0.4531957073867028	0.47073710882011	0.38684887579335653	0.6338603562329193	0.18766358534268116	0.6044100121778542	0.3898552451036334	0.6797976611704069	0.1490807375233982	0.5516189725365865	0.3898552451036334	0.5843008536847715	0.0251908252448107	0.3515716277009201	0.7157808384669532	0.3714101482847715	0.6363291314965078	0.2538426348958033	0.5452700856027515	0.3552181008127517	0.1827925776565	0.2828073288379765	0.5271214723325017	0.8775894244485356	0.3867205994432687	-0.0503682024042993	0.0470635028402658	0.4933554915631118	0.5005080801248758	0.6988901741207562	0.0843639330250859	-0.2680326596447495	0.8626854894399165	0.5327697472859472	-0.0138180360540148	0.6391245886621969	0.4325766434490771	0.6797976611704069	0.2218233129102254	0.5443326094380314	0.7230624121146696	0.8705071736215427	0.5919384358712041	0.805560888504355	0.1490807375233982	0.1188068895396706	0.3623006912282149	0.086016507841505	0.4280419576537005	-0.0064957566375051	0.2491542901858214	0.072639858275343	0.3578681263988872	0.2009338972895646	0.0459522394708927	0.395429618389207	0.7899000695884784	0.4876473150291401	0.9352757686088974	0.5516189725365865	0.4230676738121793	0.6479306672804902
ENSMUSG00000046329.15	ENSMUSG00000046329	Slc25a23	DOWN	0.7524050024050024	1	22	0	4	0	10	0	5	-0.5129408348848974	-0.6286202003106982	-0.5288489006824815	-0.6682446569255415	-0.5567628595075695	-0.29790692242399697	-0.5769960285913652	-0.7070563951800358	-0.6802443720300311	-0.3368244939305561	-0.7620868283049038	-0.6140114054178323	-0.6428932955076193	-0.1877300515157081	-1.905188377528944	-0.2959547010411065	-0.8210310568088037	-0.5406065914933907	-0.5802761357170102	0.0695193653012306	-0.40698937413999	1.0225498865433824	-0.2434121017457932	-0.8962746707459169	-0.3055567829822469	-0.3970939704135681	-0.4986004089194101	-0.9115057697610562	-0.1696388782049601	-0.6709535985949078	-0.5769960285913652	0.1334552054045191	-0.7032078702319252	-0.4080995099812358	-0.8578540508221106	-1.0103508053273436	-1.0981325118789855	-0.6507753578070752	-0.0550647939974181	-1.17033511379373	-0.7070563951800358	-0.9017319884282	-0.999140984979302	-0.1936079642930297	-0.8199571643859601	-0.5522692564709217	-0.7070253573654192	-0.357234095207909	-0.8942309347602362	0.1383691447679716	-0.6802443720300311	-0.423735027523645	-0.7196146212537687	-0.2020766138684476	-0.906373156484898	-0.3368244939305561	-0.4219485920988982	-0.2937362965318022	-0.5792262618547371	-0.3929608995823553	-0.1952191268960435	0.134567213926414
ENSMUSG00000028953.11	ENSMUSG00000028953	Abcf2	UP	0.751924001924002	23	1	4	0	8	0	6	0	0.35561562928760715	0.2794601753692795	0.49281861541620997	0.33376126701432524	0.2542788914094118	0.3416037433104816	0.4181810131364016	0.1854163473077203	0.2626424792415223	0.2962778714970367	0.2059068711819399	1.00102785165893	0.433433738203189	0.3537730926197012	1.1062284473455135	0.3680929320216719	0.930031748855568	0.3720884384287868	0.6368386243033988	0.1717607676602599	0.3248170074716823	-0.2992613222242564	0.027263058873703	0.7428245989970665	0.1277834145019968	0.6085481854221058	0.4181810131364016	0.8065490562067636	0.1867239877073408	0.7122212328971288	0.4281840241431076	0.0895379898570999	1.2503712050434104	0.9374773424363966	0.7376822391201714	0.3070779110963456	0.3209391592722441	0.7738483791507705	0.081551931829967	0.1395167923831402	0.1854163473077203	0.6942948763419157	0.1843005482096641	0.2773999938770989	0.2626424792415223	0.050847422585462	0.3343362701144929	0.1343145095547766	0.6346457915742978	0.0387033789181574	0.3247668218030465	0.3082093347915279	9.239322431944408e-05	0.2187575090587408	0.4897518946371866	0.3576492068251567	0.7168493479442404	0.2962778714970367	0.1740933295640845	0.6586034353546939	0.2186896676691816	-0.0309366556810227
ENSMUSG00000029557.8	ENSMUSG00000029557	Mrm2	DOWN	0.751924001924002	1	23	0	4	0	8	0	6	-0.7057178994239424	-0.7164354155514887	-0.924138340638627	-0.8459695257159794	-0.46650069277164374	-0.5862630385695194	-0.7832293614602501	-0.921819599110445	-0.6001042499529422	-0.6496414696427274	-0.877169773363432	-1.6871748390409962	-0.3382268566950291	-0.7832293614602501	-2.405663027735056	-0.6600699214382644	-1.3496201027178087	-0.3833443309198551	-0.9462226454448952	-0.3613600246643784	-0.6238447677009966	0.5899881028004642	-0.7601118521659629	-1.8441430855511105	-0.3242742542206077	-0.4670472996986887	-0.3534082932465123	-1.226451363739425	-0.5453696357616333	-1.453624125739177	-0.6149257231312449	-0.1544548747297803	-2.142443731059357	-0.8772412787152781	-1.2051537938498118	-1.0105352199044408	-2.1466131173494007	-0.8082533357064781	0.1039569140506512	-0.921819599110445	-1.0264305450155138	-1.5873831138539949	-1.2145491844367446	-0.4673078159393302	-0.7278662242662555	-0.5257475633924327	-0.6001042499529422	0.1295922927985967	-0.904880187785331	0.0804927566458295	-0.6540134069823232	-0.3872298101735818	-0.7661600030684285	-0.1414502212810991	-0.6341410030301139	-0.2335035928052218	-0.6496414696427274	-0.6823543122723629	-0.6503524666154347	-1.0073262985943094	-0.477968787247151	-0.402694342809429
ENSMUSG00000024081.10	ENSMUSG00000024081	Cebpz	UP	0.7519240019240019	23	1	5	0	8	0	5	1	0.45150797860061087	0.39298626740441667	0.622837530365196	0.5006298117756425	0.4394906817305238	0.24307389053108128	0.6707279331591248	0.4372591737648578	0.3174180304795922	0.3487133610439756	0.5308789393115882	1.094026893815356	0.3932726600069716	0.1573697596868973	0.9506822933353272	0.5475929079218328	1.326689095308068	0.5455436292084535	0.910297987531252	0.1966858717491727	0.4691747107603096	-0.594996598139665	0.248544939634114	0.8251909252456072	0.4120701683736123	0.7072604930746789	0.4503187046304117	0.9589853179958509	0.8311004425194065	0.845241575312985	0.9334399979909056	0.1088710205795879	1.0191261643741654	0.8299544431672159	0.8052219677097046	0.6707279331591248	0.6433410755973574	0.7678100394920975	0.08763689216717	0.3439305613835333	0.6743437775115239	0.8807374321398075	0.4372591737648578	0.3126908059705078	0.3386732459881583	0.3174180304795922	1.5750220833671662	0.1629879408254997	0.8984675515361	-0.0250911980136605	0.5276882995374623	0.2336702131957887	0.4145140736775154	0.1108955270327152	0.280151731409424	0.4790634544775831	0.6885262243816649	0.2117199446090574	-0.307557246839405	0.3907197087144293	0.3487133610439756	-0.1096682126697363
ENSMUSG00000027566.16	ENSMUSG00000027566	Psma7	UP	0.7514430014430015	24	1	5	1	6	0	6	0	0.9082101844611947	0.8025098267631952	1.1241721166949092	1.108371154805985	0.46880255187423825	0.9314949144696464	0.8630617884244335	1.0475373732226336	0.1366340547310746	0.7419578651019568	0.52250014909566	2.242321451101013	0.7867914045214734	0.4673728542543982	2.4721664112727786	1.317295732918984	1.9630245318348425	0.8354090490781986	1.653437078930158	0.1677753198928638	0.6708378605764813	-0.3434101510616563	0.490126884316226	2.0062400563832576	0.3807508902530604	0.8408586231365326	0.5914130503779098	1.7192556432634738	1.2052978848920377	2.123028448561633	1.2300746322552718	0.2988892495828492	1.8950398490834224	1.6287820561618809	1.4991479012854778	0.8251585003698844	0.8630617884244335	2.267032499645852	-0.1305727760271529	0.5748915010529229	0.1505102780068871	1.9959064650476237	1.0475373732226336	1.853292742693128	0.1366340547310746	1.2443446101807354	0.8448579541986365	0.0693878090836784	1.7724290999321508	-0.0785308116211984	0.6815623653717383	0.502423442067395	-0.2219349501590077	0.1334117904183022	0.072242706413117	0.8684295154139333	1.7864155869869016	0.6601781664821628	0.6503765350776199	1.6810768296169127	0.1320299026080371	0.7419578651019568
ENSMUSG00000036833.17	ENSMUSG00000036833	Pnpla7	UP	0.7514430014430015	24	1	6	1	6	1	5	1	0.7380931449789001	0.7108367223177585	1.133251201764792	1.2369208466904593	0.24168777297702915	0.34051275848331974	0.9698306512730608	1.233353838901322	0.3355816249668782	0.4518427933624563	1.006786517373618	2.515516056501589	-0.454169790174219	0.8931619939175214	2.0295758731160345	1.0530145805448587	2.1075686222212897	0.8114183742845549	0.8289667158699481	0.7082407146978418	0.3247758498326438	0.2662549291797213	0.769037343415558	1.875726475128453	0.0458531980283076	0.8740051870823508	0.6446259501031746	2.024468340618734	1.7763483855095266	1.6158005677119671	1.0346423705571477	0.6788180300708784	1.7340335598452283	0.6478029405817995	0.9698306512730608	1.6988704196451927	2.1168085907126004	2.006930873439978	-0.3190808637905057	1.0912170675652504	1.987502490294276	2.070896232772093	1.233353838901322	0.5876262876508012	0.6120819827243159	-0.8344254527581871	0.2598125298422022	0.0108410349450955	0.7882857494918888	0.0557600009180039	0.4196573847195317	0.4359172777631994	0.082683078610696	0.3355816249668782	0.4923702915236962	0.5371854712278066	0.8034246053356089	0.4518427933624563	-0.0562041597455465	0.4935189127454956	0.4108259740064059	-0.2570042875489884
ENSMUSG00000024360.9	ENSMUSG00000024360	Etf1	UP	0.7514430014430015	24	1	6	0	6	2	5	0	0.4592756325687925	0.39077380597497463	0.6103025561723002	0.5426972544925823	0.24740273480316252	0.43669998480712496	0.6014624593258872	0.3864462091011512	0.1510582263532142	0.3951014028487981	0.0107340359385476	1.0389399841706155	0.6014624593258872	0.2677925079976999	1.112502372453805	0.756553194831352	1.1068296707262246	0.4722998462928353	1.043379044308885	0.2622051812761528	0.3986033401181978	-0.1729799110608194	0.2742241567303247	0.7806990370549096	0.4862436913647682	0.4717720864713147	0.5769607810430234	0.6229932599952062	0.5004808981830341	0.8890208067807535	0.6666089893413688	0.0913868500852456	0.803081696031452	1.0785048043416663	0.8012745702183155	0.5899691959191988	0.9466264667121423	0.953167576695206	0.1236829528107848	0.3335621747131944	0.3864462091011512	1.195257031523829	0.3175280418862325	0.4892367947176788	-0.096692191902371	0.4560165462918312	0.8722843879611152	0.0317079787154638	0.6948679358129857	0.1027128990240127	0.1218897504478173	0.2055709703040477	0.1510582263532142	0.2832988558844179	-0.1012852760577474	0.6351173154334918	0.824141353285283	0.3951014028487981	0.2253358715158528	0.8234960282973532	0.1150303202181887	0.0386776020509066
ENSMUSG00000004098.8	ENSMUSG00000004098	Col5a3	DOWN	0.7514430014430015	0	24	0	6	0	6	0	5	-0.8157550494488008	-0.7295983581248329	-0.9620686844795574	-1.230416857082009	-0.49241463981203903	-0.5781200164215974	-1.014663254643234	-1.4709932631978304	-0.4445334616064317	-0.3861284519602677	-0.2985375942538699	-0.5224711239611433	-0.2173930246415107	-0.5455642056798419	-1.4116339425355486	-1.014663254643234	-2.118155227864576	-1.1809868488566315	0.0524391197841384	-1.1204710432453249	-0.565943367843889	-0.3892997442263743	-0.9011763843590322	-1.1536369370797246	-1.1281916580727394	-0.8876800168650152	-1.2005903316327144	-2.210261085888221	-0.7552747563268225	-1.1776739304472723	0.0910331693491502	-0.6393243006554895	-2.077206648702181	-1.4307956368087646	-1.1484612254755109	-1.2135247042880508	-0.8104097757278553	-1.5887459580540473	-0.5131557509201723	-1.4709932631978304	-0.9578602504120282	-1.6202434222206237	-1.946084321156601	-0.5158350336127621	-0.6953600946849009	0.0311819718638968	-1.7782219736309184	-0.4445334616064317	-0.4081942119711145	-0.6409107969640611	-0.0344367175589801	0.1716437139507045	-1.210914391777009	-0.4831689611907069	0.0763538856370917	-1.6508986355846005	-0.3861284519602677	-0.7851243160558553	-0.5075485710646419	-0.1732164580707818	-0.2036775124597825	-0.3402461697552509
ENSMUSG00000071984.13	ENSMUSG00000071984	Fndc1	DOWN	0.7514430014430015	0	24	0	5	0	6	1	6	-0.8447406980746969	-0.708995503868863	-1.5086811766498949	-1.1104957241410705	-0.41416005267715367	-0.3456258388306686	-1.5280275928552085	-0.9393881086476324	-0.3273287225534474	-0.4786028990900935	-0.8588915740289131	-1.7325140934577965	-0.8057515975936291	-0.2236705270339056	-3.149182842743868	-1.3235410922526205	-2.404785515354562	-2.1859282745141915	-1.7560913645619756	-1.0409120665951477	-0.7820906504708568		-0.2402338834149678	-2.070295520843233	-0.9761833871788927	-2.0143599920495894	-1.908717050435166	-2.2925247906641144	-1.0890114862208546	-1.9342543641355912	-2.174578891190134	-0.8089027079937022	-2.1649609541907737	-2.22380240742186	-0.5722681171458313	-1.3118547965550726	-1.1804026448500105	-1.3937091438705411	0.015442711541193	-0.9393881086476324	-0.8642504168748328	-2.6190102163484847	-1.1916190364487038	-0.7809358583384911	-0.2359954382388122	0.1834706262748682	-0.9864819357073448	-0.3273287225534474	-0.846424859607989	-0.2851346247772594	-0.719783611695939	-0.3106141935022035	-0.0959979853867572	-0.3615316102031999	-0.5699382240506063	-1.085554952073751	-0.3584414930503277	-0.3063526436945378	-0.581061849923627	-0.7095097750977972	-0.4786028990900935	1.1001427411154538
ENSMUSG00000039844.21	ENSMUSG00000039844	Rapgef1	UP	0.7506012506012506	19	1	4	0	8	1	7	0	0.658799018374796	0.4027774750965299	0.6551693153796833	0.561208411739753	0.343256579609347	1.075561766770401	0.5047516731759553	0.188742059737606	0.3008032770171045	1.041081260502451	0.3523047989061543	1.485071366377852	1.1760901476876944	0.5036845057854266	1.6325955464357935	0.4025080368235084	0.971842091697474	0.2602465605097714	0.9060336083583084	-0.0001926561233691337	0.2810030323889993	-0.2441972106786597	0.177115817711789	1.240340538212964	0.235302657003853	0.3718876796774327	-0.1807778336378267	0.7181712806646029	0.0623171183019051	1.0107859009583176	0.5047516731759553	0.0542028258965444	1.5389881524651987	1.2890753341236976	1.2676095068014328	0.6116995669376204	1.0611114687890066	1.2183765200398704	0.0514577076556078	0.1738130901735746	-0.2402273972625671	1.5644216107136664	0.188742059737606	0.9718752911205126	0.3008032770171045	0.3862637346842724	0.2400360317019127	0.4856438806424604	1.4281988630631892	0.0240675164844016	0.283372100040503	0.3518387538677864	-0.0417189741515652	0.5051087384990119	-0.18779154614626	0.7040879892132104	1.714992051426081	1.0559363147161993	1.041081260502451	1.9255251617787557	0.5267223927248009	0.5605871970313098
ENSMUSG00000031358.18	ENSMUSG00000031358	Msl3	DOWN	0.7506012506012506	0	19	0	4	0	8	0	7	-0.3501370438584637	-0.385014805876436	-0.3735143374774353	-0.26396662735711984	-0.318006080686411	-0.44506112991288865	-0.3893517636278026	-0.3191573889232234	-0.3836851517755867	-0.3863444599772853	-0.4904199053128901	-0.438601044206002	-0.4637963307894207	-0.1363127433604717	-0.7314434125796903	-0.1368439062119335	-0.3949616690645974	-0.1884009815916989	-0.6204653410595492	-0.1006716596574368	-0.2677173895274681	-0.0712829473761859	-0.3044770404933439	-0.7430547810330067	-0.3276145135465004	-0.3768430302020341	-0.159563176278502	-0.5352789250859618	-0.5990041218561257	-0.3883246769188471	-0.1930904449684742	-0.1683487693927275	-0.4281738594049932	-0.3893517636278026	-0.4473825903750809	-0.5359870166839132	-0.4474750712860944	-0.3191573889232234	-0.0254795308074248	-0.3361868514658969	0.0237824160651865	-0.5220578631569327	-0.4718252751149828	-0.1968418980965648	-0.4584320463028729	-0.7008745293022574	0.1311517612179839	-0.2129482787238747	-0.5025773380334936	-0.0081019369627586	-0.3836851517755867	-0.2642555820203154	-0.4176159272925615	-0.0537145437134567	-0.6270133146413274	-0.2318322117305337	-0.5012818823172281	-0.5657764337853414	-0.6858782151921449	-0.3863444599772853	-0.3749055699078304	-0.369409136479857
ENSMUSG00000022223.10	ENSMUSG00000022223	Sdr39u1	DOWN	0.7506012506012506	0	19	1	4	1	8	0	7	-0.5044262294325952	-0.4456208374476307	-0.3540405903521047	-0.4812265016250815	-0.4164949549968627	-0.7659428707563317	-0.3539613891459418	-0.4090014926813223	-0.4822401822139391	-0.6913354410631403	-0.4885516333100516	-0.8035084828065701	-0.4430567804627288	-0.3068135499011729	-0.672202276096554	-0.2881205335701614	-0.4285990964925661	-0.3058630034074102	-0.460759969327932	-0.1137529656381749	-0.3427343574174964	-0.1261493329147854	-0.5188032248096557	-0.456008627694702	0.0093072388910641	-0.0710100600242428	-0.2022433641258276	-0.3539613891459418	-0.3578482981472887	-0.5925645704732673	-0.41261922698465	0.1234284355012981	-0.6959714968895131	-0.1443470624967885	-0.5140843846551072	-0.3397227198093049	-0.2525352072972965	-0.3621013360490113	0.14942450793385	-0.2739467764930087	-0.4573621973776073	-1.1472985152475574	-0.4090014926813223	-0.8682997014609138	-0.716832136770637	-0.7620979728773124	-0.5490747704188086	-0.0800608026145397	-0.6697589258383778	0.1164245154178156	-0.4325811905348067	-0.1891049523488478	-0.6824598962744076	-0.133658190491628	-0.4822401822139391	-0.6360642095313207	-0.6059904758007233	-0.984465712526729	-1.020972925780048	-0.6913354410631403	-0.5594240484927462	-0.8633472820996152
ENSMUSG00000028974.14	ENSMUSG00000028974	Dffa	DOWN	0.7506012506012506	1	19	1	4	1	8	0	7	-0.5583088292340529	-0.5260156551751412	-0.5458860525723591	-0.5494949530213931	-0.623733804679786	-0.5141205066626734	-0.5201261781179034	-0.5648565430619166	-0.531905132232379	-0.481311065428781	-0.6226878610832317	-1.460542238996256	-0.2499195575163788	-0.4085763965729312	-1.1757520024366688	-0.6140415857789906	-1.0852183058097176	-0.4272534627078815	-0.8835097802091223	-0.0870310407400289	-0.5195748428343198	0.3783143510250031	-0.5201261781179034	-1.001940821181588	-0.1228893233723613	-0.4627506267168966	-0.1933182691922377	-0.7601074986081313	-0.6830041268894644	-1.1159908666250051	-0.8464076507265499	0.0497966633491521	-0.7955698423052767	-0.1420912862886159	-0.5960885591874587	-0.3291110792960119	-0.0635312306348207	-0.7961389174736261	0.3062076113884389	-0.5254368881137217	-0.1921944532852185	-1.1265157963432506	-0.9475296842604566	-0.5648565430619166	-1.1645037617773673	-0.6879175231431622	-0.2599908006189548	-0.0924418647827973	-0.531905132232379	0.1442719912512037	-0.9044638355602972	-0.2573706136563771	-1.267115042370683	-0.0918224421187357	-1.7478128264680963	-0.553350890678212	-0.2597787690519984	-0.8427759208483027	-0.4346484183974545	-0.6348744730633428	-0.481311065428781	-0.3921040091706224
ENSMUSG00000029994.18	ENSMUSG00000029994	Anxa4	UP	0.7501202501202501	20	1	5	0	6	0	7	0	1.0091602686488599	0.6266433076752005	0.8222307007404843	1.043176594419071	0.49598385004440276	1.6752499293914813	0.6924436685906274	0.5608429467597735	0.3643540288312932	1.5406738599623775	0.6883190333506921	1.352751140974752	0.6505108010737594	0.4857720212601257	1.435515034000395	1.258419993900277	1.2730203034256815	0.6924436685906274	1.737263457988863	0.1332810443494603	0.6817167621428617	-0.1123306340630367	1.069143901514477	1.1519628796424932	0.044827733844018	0.2262753922714805	0.4635587970585798	0.789346290535905	0.4999428900636589	1.9277661916546105	0.6667492314178017	0.2194147853424938	1.2800623039176464	1.382015322820124	1.1029864623297678	0.8882814940492154	0.2112126165363473	1.8075167017684204	0.2375213986085828	0.5389245401482208	0.268181014532335	2.0904075610627584	0.5608429467597735	1.798841998053406	0.1089006806619224	1.5643958586234652	0.739050973262557	-0.0864746732526244	1.4798685462928551	-0.0635024815312549	0.4287588265497513	0.3643540288312932	0.317031393016531	0.4629018144394566	0.1405373835944772	1.5406738599623775	1.8435415625620089	1.0652110344373682	1.4843871667184856	2.0861101182447515	1.0006848387785634	2.7061409250368142
ENSMUSG00000018559.17	ENSMUSG00000018559	Ctdnep1	DOWN	0.7501202501202501	0	20	1	5	0	6	0	7	-0.5262838536562945	-0.4963287798412524	-0.42138613516119616	-0.5915011053430048	-0.3197852777685561	-0.7724628963524207	-0.396867585292194	-0.5957899743903108	-0.3707046497706739	-0.783087734658314	-0.5681388147834774	-0.7466588549241132	-0.076510157235552	-0.3111594083381142	-0.9732204804019168	-0.396867585292194	-0.4171239967143481	-0.1699837131390822	-0.5490183804803632	-0.1281923839144754	-0.2098288255486847	-0.1013473904832769	-0.5248349061367302	-0.646599845372431	-0.0030154849552646	-0.1957856631716495	-0.6900836790637497	-0.5341914109316467	-0.3670793011122716	-0.8333532096811489	-0.3481844741110808	-0.2844491683024064	-0.7603719752576834	-0.1594178160777286	-0.3380287496272025	-0.4957309862524455	-0.5482489880432615	-0.5957899743903108	0.1248912148054522	-0.4868039789357791	-0.4278559395161763	-1.043573872798888	-0.9043172080867768	-0.8070579784785559	-0.3707046497706739	-0.3775021544895038	-0.4744772492432893	-0.1100574253888192	-0.8381245708577941	0.0126067081414305	-0.4049766532172067	-0.2296471394267029	-0.3717511433994704	-0.1134313110116986	-0.2395724667903889	-0.59272006715872	-0.6550850368081105	-1.0225574126854862	-0.783087734658314	-0.7986299888104369	-0.3576847660649702	-1.197475268280907
ENSMUSG00000042045.7	ENSMUSG00000042045	Sln	UP	0.7492784992784993	15	0	5	1	8	1	7	0	2.533411674133609	1.2692697720666457	1.4113945213897774	0.7083526581084862	1.4103190965775747	6.603580420458598	1.1009783085658358	1.187678441479305	1.3508611026539867	7.409045802007266	0.7654927209003272	-0.2777079825526449	3.911634482348346	0.742010278488103	1.5602477479210484	0.4078019510677739	1.2958557410870133	1.084269999907273	4.68436291216201	0.9674949195224968	1.494012112506098		2.098354716427916	1.4801527656849447	0.8993892319274456	-0.1211951097141888	1.6446993010507476	1.6837745300055011		0.4571931362608189	1.0085004914803686	0.7659272365004965	3.38055473322676	3.4601729476776235	1.1009783085658358	1.6908700515201522	-0.8999841892278303	1.2395403724115868	-0.93738357296527	-1.0501211077449133	0.93021384181317	1.187678441479305	1.5921077125906002	1.996432919174925	0.9646401627087606	2.362882016900324	2.44514446795244	2.013120589571088	4.801671380821093	0.5518161470457106	1.1878479793563117	1.4303666523974057	-0.5142291941713831	1.3508611026539867	-1.0806112428824162	8.100576277710132	3.51817050434374	7.484845534164966	7.409045802007266	6.275971095576104	1.4481663541442082	11.988287375263775
ENSMUSG00000040010.11	ENSMUSG00000040010	Slc7a5	UP	0.7487974987974988	16	2	6	0	6	1	7	0	1.2890768100894463	1.1167324719964058	0.8168757726680616	1.273917319330445	0.5545849106429106	2.510929237716369	0.8586043068883343	1.3748606371044771	0.5581852961076889	2.773251454194261	0.7966509550700588	1.56212382871947	1.1477394482326193	0.5655449831208309	2.3545209983136246	0.5248510633340349	1.4169722224449208	-0.6035087263431592	1.289275978197555	-0.3773045381185972	0.8586043068883343	-0.9568555034630704	-0.302490217115529	2.6837451469935423	1.1827455085880838	0.3047709354728218	0.0303857276000022	1.660713802682942	-0.21322038975626	1.0402271171972313	1.1410550564765227	-0.7934977802492428	1.8673786157937309	0.7245061230264757	0.5115744560782534	1.3299602491479006	2.309176493704563	2.298346015526964	-0.3739866409850232	1.875619323206984	0.8575988023260166	1.613741090133269	1.2712420080004263	1.3748606371044771	0.0917601101921175	1.8729818089071029	0.5881030352099627	0.9654638363933304	1.554597799620199	-0.1219891661436455	0.6709684533591995	0.1617206346257572	0.5581852961076889	-0.4866141846596394	0.2452563934599436	1.8907554468158612	1.598022392571575	1.7804714029083517	2.773251454194261	2.880450279167684	3.0844611396621464	3.5690925486947047
ENSMUSG00000002808.8	ENSMUSG00000002808	Epdr1	DOWN	0.7481962481962482	0	24	1	4	0	9	0	5	-0.5011810046545309	-0.452877268672351	-0.6532308201186816	-0.5253124233751221	-0.4655726823497152	-0.3606080927746045	-0.5856082365992277	-0.4989608267770241	-0.4067937105676779	-0.3433139173962414	-0.6560316398621329	-1.2109926700046298	-0.7049847851522505	-0.3412082949426218	-1.4713529081097687	-0.5268458283274897	-1.1752578807239502	-0.3321426237803228	-0.7183414978484108	-0.0973140674456009	-0.5013267944909224	-0.415218709479607	-0.8627927707761797	-1.1038710362745858	-0.4028383989660838	-0.519811346143603	0.0117370225772494	-0.5856082365992277	-0.6127059460595301	-1.0521931249879553	-0.76690115343413	-0.0720751703414716	-1.2269808517998444	-0.4836917867790479	-1.0116034853800475	-0.4279596235734704	-0.368918534498768	-1.005025512541806	0.0886574591103089	-0.4255575428694103	-0.2548966214357921	-0.8070258820249376	-0.4989608267770241	-0.7743780370871933	-0.672378563539438	-0.8898717651536924	-0.2311331367448677	-0.1831097923556432	-0.6702299557972252	0.0125498520617105	-0.4067937105676779	-0.3165102798109836	-0.6250010942017528	-0.3359689423079334	-0.8028521174293625	-0.2502750509607531	-0.148859097268567	-0.4415709334283211	-0.5691699219108349	-0.2454608688406278	-0.3433139173962414	-0.5256068596168858
ENSMUSG00000027829.16	ENSMUSG00000027829	Ccnl1	UP	0.7477152477152478	25	0	5	1	7	0	5	1	0.49179457056672404	0.4556397484098287	0.7672484480706033	0.7465075001701938	0.18062202492823423	0.2728003090978649	0.6578081028083346	0.7212063621458783	0.1277424089501829	0.2534713940113228	1.1816952761925683	1.078479458546158	0.1704688017328431	0.3324853070356622	1.4043264132476707	0.7463473639681338	0.9277345113441492	0.3901466825703967	1.065449281685231	0.2659650354310177	0.4066267662470585	0.0536949305037277	0.707769813041395	1.4157944942555396	1.1111745914049358	0.3389795762378967	0.5869225110486147	1.0603202848782758	0.6578081028083346	0.630646875400364	0.5010005660567884	0.030653149641368	1.5526212270749435	0.3704938249192999	0.5323519166977594	1.491099436056727	1.7046518998794329	0.7212063621458783	-0.3908678703549599	1.3114448707217674	1.294893584031192	0.5456344631964541	1.3968192019567178	0.3464218894943065	0.1162114042477429	-0.2382040517946454	0.4470818297562163	0.2109621993101462	0.4057744500295984	0.0661248265065455	0.4010391907022613	0.2399505429880657	0.0942006606175521	0.1159588128969109	0.1277424089501829	0.1605570983046579	0.5723031014394763	0.2534713940113228	0.5359416173649916	-0.1651893405541209	0.2381770827542846	0.3143412103644422
ENSMUSG00000021756.13	ENSMUSG00000021756	Il6st	UP	0.7477152477152477	25	0	4	0	7	1	6	0	0.45255745037492584	0.36414711830224494	0.6247023347929465	0.5414446275203522	0.22134714922658605	0.42273568995981864	0.5530746544500247	0.3337484087516882	0.1900520888486045	0.3945458278528017	0.1699401525812793	1.1501059005337524	0.1580757019535345	0.555648139142046	0.5525907288988458	0.7866716291978769	1.0923180318547436	0.3899369970672682	0.7476196249059456	0.1965805172135273	0.5286334174777141	0.3884778966537863	0.5445481975301211	0.5529377633436365	0.4488240912922849	0.4929993442397556	0.4373208554558691	0.9381840689697544	0.8068212089153408	1.0571380993720292	0.7016041497774234	0.4077709966675695	0.5530746544500247	0.7382002292258316	0.7406200668055934	0.8634215077605751	0.8668990681234264	0.4816294105563184	0.2475385027860846	0.3337484087516882	1.482475559641108	0.9783141978221224	-0.0507149543609667	0.3171212674461101	-0.0387584867333088	0.4049334624666345	0.3509082716413042	0.1400198478362618	0.7031650477244503	0.1499144644672937	0.3333577025059884	0.125768670561077	0.1900520888486045	0.2000289811630005	-0.1245714089888592	0.3418138122429143	0.7257313884013162	0.3945458278528017	0.5511485922206969	0.492386756564332	0.3073916756715928	0.1461317767650768
ENSMUSG00000070803.7	ENSMUSG00000070803	Cited4	DOWN	0.7477152477152477	0	25	1	4	0	7	0	6	-1.6007345914908024	-1.365590580710007	-2.3874085789371198	-1.848725728577041	-0.7890200558239812	-1.3777840026250685	-2.2363807152554767	-1.4167025475586796	-0.9030816612480538	-1.3144786138613345	-2.615392820815242	-3.458989861855549	-0.32949123311729	-1.4197638044283076	-5.492843167648433	-1.7595086332798362	-3.8155005902592496	-1.0553445681379543	-2.2450092439749407	-2.018545538366158	-1.3068921750894835		-1.0260189774714628	-4.180479442867476	-0.9217287204471096	-2.202907202570208	-1.142011413872808	-2.8519485206216526	-2.4519220126199435	-4.199804322513344	-1.2834806565175452	-0.980832584089317	-4.511569128578378	-3.0435292732775374	-2.227752186536013	-2.7831823597041745	-2.748174613705699	-1.4167025475586796	0.1518954951846904	-0.8050597868422443	-3.088753713937529	-4.075930112073218	-2.864007028445509	-0.8425224063667983	-0.3832842179678583	0.1766241832294702	-2.02345378419278	-0.9255032795292591	-1.7702871571840202	-0.0228295590454895	-1.0245614440041169	-0.9030816612480538	-1.0318224518568655	-0.7434986652438319	-0.0275225770209881	-1.7979178809748344	-1.3144786138613345	-2.3059343849468226	-0.163152926796704	-0.767229998662274	-1.026919910649292	-2.268854302484218
ENSMUSG00000049550.18	ENSMUSG00000049550	Clip1	UP	0.7472342472342473	26	0	6	0	5	2	5	1	0.7461683338207806	0.8528524748261511	1.1451302672708248	1.0096917729309085	0.26738013594353327	0.5624711591378558	1.1220455391092266	0.9850941967754157	0.3189366396818398	0.7206107528768866	0.707628389565771	2.0227330423581966	0.3456758204020841	1.224564661785963	2.465824743376161	0.8861443991327237	1.855893972093574	0.8471076133526041	1.1867527147429002	0.2628167702841646	1.1220455391092266	0.2048673207236498	0.6949415923777709	1.9233343773951304	0.1186287493540463	1.0544487597930774	0.6442309044489436	2.12266421523464	1.3994706967432042	1.6451520791113865	0.8806500848431636	0.5027812159997371	2.103962567293014	1.2042485688112583	1.395988170142325	1.2986839896900286	0.797276258147518	1.0386450242257828	0.0020003328224935	0.6426971093161985	0.4223385674898707	2.081489130207414	0.9850941967754157	1.895578049679184	-0.0776878520985456	0.4252180174969961	1.127733331217554	0.3189366396818398	0.9152182389919732	-0.1639067693595167	0.507564497625247	0.487627295183934	-0.1897156981453088	-0.1022209911808644	-0.3075852140344422	0.8697729532767763	1.285393034737005	0.6564173918568418	-0.1628687396973537	0.7584630365474235	0.7206107528768866	-0.190490315632589
ENSMUSG00000022013.5	ENSMUSG00000022013	Dnajc15	DOWN	0.7468734968734969	0	20	0	4	0	9	0	6	-0.5451476667072911	-0.49708727815365816	-0.513508120349729	-0.4867146722440085	-0.4433343099923548	-0.7370335642430722	-0.5481253528266384	-0.3743850834591647	-0.4460492034806779	-0.7189173686570032	-0.6050670599365319	-0.9405571635086688	-0.3510717999030164	-0.7759738944160193	-0.7843128525913622	-0.2234860946638525	-0.65614687685571	-0.2270174070886461	-0.7521722401960825	-0.1342748231962442	-0.4057978537970728	-0.9899231267103392	-0.5993003760911598	-0.7625536480579307	-0.0929379063442908	-0.36691962712178	0.0172589537702671	-0.6368892860574882	-0.5481253528266384	-0.7907253964893001	-0.3735012774941886	-0.1681362725239966	-0.9690790687917484	-0.4141223587664598	-0.6045248963249434	-0.5152290054958835	-0.1941325379635977	-0.3743850834591647	-0.0470129263531224	-0.299063813165903	-0.4858160173280595	-1.2006815407531295	-0.1441056280256608	-0.8559376966230191	-0.8677618697297647	-0.5395552533830195	-0.5035348600830795	-0.3923425443562801	-0.844546853313467	0.0413093272469342	-0.4460492034806779	-0.24337895511136	-0.2846791191837364	-0.1329708711272838	-0.6631672073941686	-0.5662638560922654	-0.5076383241434611	-0.844074391324389	-1.2444796958628932	-0.4840131959305083	-0.7189173686570032	-0.7938481176909852
ENSMUSG00000038900.18	ENSMUSG00000038900	Rpl12	UP	0.7463924963924964	21	1	6	0	7	0	5	0	0.8054209594603577	0.8210526797133544	0.9918474257747809	1.195388450007153	0.41195401880380533	0.6224939432556917	0.9202261130278696	1.3014093593937957	0.3813936267958029	0.721879246398839	1.2513883676841686	1.201318072104688	0.8419968375362772	0.389929784434578	2.527725363081588	1.3033331401720392	1.9970679616778144	0.585339180957413	0.9419213088390288	-0.0857339663136765	0.4477184072977814	-1.08044939021136	0.7777201009712457	1.3301107244734105	0.8120425640251098	0.9292962139897176	0.8072013411138335	2.4802476028904183	0.6670017649287692	0.9202261130278696	0.6280449647758787	0.1306531379222742	2.2965998093566022	1.161898352633079	0.494003817650337	1.4701430690378343	1.553135851862358	1.3014093593937957	-0.168942207755207	1.753504494292417	1.0204071775995034	1.435732882851356	2.352521798721242	0.6730856449469643	0.521727574764839	0.9519631726532652	0.5533111395837144	0.3813936267958029	0.5731383516958789	-0.0717348649309955	0.5930234040073429	0.2928168021037065	0.3275125645761724	0.0925598981376833	0.3157825374544496	0.721879246398839	0.7963431428397905	0.9216343154198832	1.6112860787625949	0.3232583609872649	-0.1059445967585636	0.0890010551400324
ENSMUSG00000015597.18	ENSMUSG00000015597	Zfp318	UP	0.7463924963924964	21	0	5	0	7	0	6	0	0.6976738417169341	0.5609412262036857	0.6715887527037376	0.7635269154905852	0.3711807759356367	0.9843989227377772	0.7014520681458681	0.4204303842615032	0.2921648510909447	0.9416636495461348	0.7479504535979609	1.3892697274151902	0.2600539231212758	0.6188752876178009	1.2683358172107482	0.6879766925582012	1.574897868696044	0.4094693783174795	1.1583351816244023	0.1118376104566411	0.302554673930346	0.1617634949723289	0.3136081561807832	0.7014520681458681	0.0144810528766505	0.3140555610167916	-0.0544503786591571	0.9579236969870768	0.8114091570883991	1.129823827753549	0.7887213092286532	0.1498654665928659	1.3285449749286375	0.8199549931272043	1.1730491021344414	0.2611098075186164	0.73202741856212	1.6743736091968675	0.2425681696024231	0.005851689996005	0.4204303842615032	1.8538194770705527	0.0723030083637538	1.07534206994299	0.226976270721377	0.2164777561246771	0.7983555240489904	-0.040040591292611	1.2811823511889082	-0.0080739062198212	0.5632936805121196	0.3316612752886178	0.3240242390610519	0.0969670847677493	0.2921648510909447	0.9416636495461348	1.6831844115979704	0.6174809571498788	0.7467970115225814	1.2296446481197223	1.491055649715832	0.1809661315123203
ENSMUSG00000035953.15	ENSMUSG00000035953	Pip4p1	UP	0.7463924963924964	21	1	6	0	7	1	5	0	0.4269821997932698	0.40740914983145615	0.5454092919591763	0.7186135652391317	0.18234425105107954	0.26156169092369164	0.5045262422382655	0.6162844058754623	0.2330162071983689	0.3102920574246469	0.8495084001884696	0.8795779526274818	-0.2854315470036812	-0.1623849558245326	1.039139212471016	0.336056862317892	0.974973881710467	0.442213241518394	0.2869844658418261	0.170902044184328	0.3564860955964429	0.2150997019689075	0.6812401250389147	1.2312940274431594	0.1882365213063999	0.2462104817622853	0.5825158859794454	0.8059375872361109	0.8081752154236553	1.0371658712622382	0.2438605225013962	-0.1852503513580988	1.0462120709840268	0.5045262422382655	0.4661278082988587	0.7749702133445397	1.1917033058395516	0.7279673805385595	0.1961733310736667	1.1173477992596006	0.6162844058754623	0.4062981041085114	1.8634329147627449	0.1027910210553757	0.1815337218489442	0.3994657200253711	-0.2430278171295465	0.1058700509740138	0.2481015048709801	0.0566420141034327	0.2752786421804015	0.2687061081859583	0.1615256037609914	0.3186750055429594	0.2330162071983689	0.3992345564042948	0.5243932895232077	0.1981497962492943	0.4595433999439796	-0.0016868175028155	-0.0589944455767662	0.3102920574246469
ENSMUSG00000025794.10	ENSMUSG00000025794	Rpl14	UP	0.7463924963924964	21	1	5	0	7	0	6	0	0.40978618853675003	0.4724645969567545	0.4565543330046929	0.40252780371256464	0.20727321477972963	0.5727894026500129	0.5046006198011767	0.4403285741123324	0.1467677489134833	0.6045130605142474	0.1550673236881306	0.8780512758781381	0.6796515101617464	-0.1972965692897217	0.679396022397488	0.6765152782283407	0.8690158977583012	0.3800012455555185	0.7096805972905821	-0.0994940049603796	0.4283245983988851	-0.2986152102328442	0.2869222197759001	1.2129544365229024	0.4559578571687346	0.5046006198011767	0.2044004563527988	0.5688822320865169	0.3195110543666348	0.6399657648663573	0.5655871426314879	0.0205139726870371	0.3821915331432569	0.969918217755382	0.5591379832034695	0.2609564104538489	0.5151691254370194	0.8254414699155777	-0.0342030121371077	0.1589647436107513	0.4403285741123324	0.5765688373797865	0.4721829013761441	0.3784111117304682	0.1581300238049794	0.5743074624312418	-0.0238740110668654	0.1467677489134833	0.5037544976156262	-0.0459631681666676	0.1399760293959418	0.3398082043242298	0.3822239551046534	-0.0032353523733623	0.1081099725937654	0.6452060483489339	0.5798020467260728	0.4961888694755079	1.1548160337083195	0.6045130605142474	-0.3431277277411102	0.8721274875181193
ENSMUSG00000037490.6	ENSMUSG00000037490	Slc2a12	DOWN	0.7463924963924964	0	21	1	5	0	7	0	6	-0.8378045436368593	-0.930258768304961	-0.7402756855843878	-0.8291480788694968	-0.36873546465721374	-1.413058945436339	-0.7233908047860099	-1.137126731823912	-0.2698635165736406	-1.6781416451890456	-0.8379250636950749	-0.6753387750623883	-1.0470220841920403	-0.3766328262669342	-2.1299639110427244	-0.6772228690356826	-1.026594093170489	-0.4786956861244903	-0.9940930062557976	0.0750376778951638	-0.1998313805612429		-0.5990871166398047	-1.1164811329486355	-0.7695587405363372	-0.5424406757807472	-0.0750251732983766	-0.957609450484	0.1107448238676956	-0.811570441302163	-0.61253904519058	0.1249269449850935	-2.0239240239069947	-0.7769362463804488	-0.9556843246983034	-0.584946311204678	-1.2887548941641005	-1.1546355769155348	0.2770227617754069	-1.137126731823912	-0.5065275899072774	-0.7847337629063417	-1.283970663058255	-1.2140649892505633	-0.1495630544432054	-1.2402407712661865	-0.2698635165736406	-0.26132634413033	-1.284110194851474	0.1703315759324999	-0.4215043335478299	-0.4250570733726083	0.151447817629823	-0.329189410593915	0.0029851939875158	-1.0467309663682094	-1.6781416451890456	-1.249614148266578	-2.255994516727501	-1.707436160013155	-0.1316352202364731	-1.8218599612534117
ENSMUSG00000030098.16	ENSMUSG00000030098	Grip2	DOWN	0.7463924963924964	0	21	0	4	0	7	0	7	-1.1757109031202866	-1.1487630614790292	-1.1759915792109656	-1.2610284710773616	-0.5779187053966578	-1.687904856796161	-1.1165984196143905	-1.1809277033436676	-0.6597291339730466	-1.7318986418233884	-1.0573297204575776	-1.247618348090313	-0.8047270733514916	-0.2032097893625185	-2.9279039266915405	-0.4884931248562528	-1.902879553078387	-0.8036298633899192	-0.8976105983779065	-0.574477958102802	-1.1262139553327937		-0.4178268134369041	-2.028858081045427	-0.6320499189423968	-1.1069828838959872	-0.9459226030296704	-2.2630042686820624	-1.476774716180301	-1.3156040456139162	-0.2674152098015642	-0.0948684806973129	-1.5131720462084597	-1.2177687701935849	-2.501932988671763	-1.2645997237133886	-1.4949065982808707	-1.1830743968789112	-1.1809277033436676	-2.3608305698763563	0.2239958109674985	-1.0957792615722757	-2.0713064040846763	-1.159276772753142	-0.6597291339730466	-0.971692332946208	-1.0526247570569882	-0.4223491044758525	-1.3607227830020312	-0.0736340251294534	-0.7396257377093989	-0.833616900238081	-0.3707316184878423	0.3452010011044424	-0.2175803674487765	-0.9692719509174134	-2.122376926387482	-2.1104446674340758	-1.799124931053072	-1.7318986418233884	-1.4865200416667224	-1.5956968382909726
ENSMUSG00000030591.18	ENSMUSG00000030591	Psmd8	UP	0.7459114959114959	22	0	6	0	5	1	6	0	0.743454983261234	0.7168658798900809	0.9830555373677478	1.0766165539759773	0.35885808353627635	0.5552897581649352	0.8619104732535586	1.1579942070923006	0.263306782273051	0.571821286526603	0.4945562272661753	2.077292809416016	0.6940007379949049	0.603852310390858	2.4880633982667626	1.2141712668657003	1.4711550028674247	0.6991662181694112	1.4216360712898966	-0.1238525640508176	0.6427176717376094	0.0285323532317975	0.1783467045184938	2.00044990902923	0.1461759541083764	0.7751112161637896	0.8619104732535586	1.5937530821888035	0.6933570922985703	1.6621474380809775	1.0475808069858017	0.002368980642433	1.7791001573118317	1.6805118967207389	1.1620640977196173	0.2317729845758233	1.0165572118854052	1.9143690988999649	0.1301244116602161	0.735394619365856	0.2484028085790411	1.94226588203536	1.1579942070923006	1.4077648501991027	0.0614029262105579	1.058663816557335	0.685570015649691	0.0399325895942904	1.2271870183825375	-0.1103501811470404	0.263306782273051	0.7920947409233191	-0.3406123836923669	0.4592392954858567	-0.1889957013381907	1.0195116329478684	0.8062628987208554	0.1036539166403733	0.6506622544061983	0.571821286526603	0.3346999153016772	0.4004164026109708
ENSMUSG00000017221.15	ENSMUSG00000017221	Psmd3	UP	0.7459114959114959	22	1	5	0	5	0	7	0	0.6900740622558712	0.6650961387228362	0.8722045821868151	0.8828671938643868	0.24961578332281162	0.7556086896494713	0.7370086243159043	0.8409925984475929	0.0074256905370656	0.5931836531297683	0.5074610222635513	1.924272389421708	0.4780929038278005	0.7370086243159043	2.151735443023988	0.649335528279205	1.4455319832945088	0.6944579253613203	1.1503772972426032	0.071212192884158	0.346752459497087	-0.2714749536395947	0.0880155099566567	1.67090125730789	0.1465682183755274	0.6120155810042243	0.1875510073542335	1.4995564902181877	1.0715542714455624	1.723576554525621	0.8304303272356235	0.1436738421567308	1.8441469681176157	1.25308972661864	1.144445333408095	0.7433961259680715	0.7058396895790873	1.5569704969333271	-0.0078770214651322	0.528200682541364	0.14801264158161	1.754549500477245	0.8409925984475929	1.359221458534701	-0.020423801740364	0.7047390439299397	0.4079611003252386	0.0074256905370656	1.255916453051006	0.0048651936465368	0.3754249648717477	0.1469211208710035	-0.0549879876173104	-0.0226326397782162	-0.0594355215457193	0.7134420617905007	1.5521945191056448	0.4036513854751775	0.5931836531297683	1.1856166287090184	0.5018552111172527	0.3393173682189362
ENSMUSG00000036275.14	ENSMUSG00000036275	9530068E07Rik	UP	0.7459114959114959	22	1	5	0	5	2	7	0	0.6810649454731431	0.6616120325225243	0.6252654644349577	0.9626804769150762	0.14394533055665598	0.9923685099858826	0.5035744499005675	1.1566553018975718	-0.0035691176818169	0.8196496151444811	0.7677580362271333	0.9559472543691384	-0.0804972746672549	0.6896758335719478	2.000211667448412	0.3994971081668999	0.656342665433269	0.4132284252693051	0.5035744499005675	0.0431900820767757	0.2815267489309696	0.0056328953404933	0.5360128056190687	1.4530591280382068	-0.0946500278826494	0.1882013144794161	0.3592825535682575	1.3781789922354082	0.5841461481671402	1.349404488107311	0.2931831645097769	-0.0927464150179793	1.7043476464675231	0.4006660240385615	0.4882889032981425	0.7794836457802509	0.9192212762677658	1.1566553018975718	0.0543551004959492	0.8263874458645494	0.3057770690327284	1.3125762399870122	1.4818227969417452	1.6011893841859766	-0.1471075005928803	0.7030337861444982	0.4533208649879764	-0.0035691176818169	0.9814979794029576	-0.0593683613254988	0.2355468137910643	0.1635014345762532	-0.1285004593782235	-0.109582064499797	-0.5053747393013172	0.4800922076165121	1.5101354031189012	0.8196496151444811	1.4681707452313146	1.4523308426595538	0.5293361634030785	0.6868645927273364
ENSMUSG00000068749.10	ENSMUSG00000068749	Psma5	UP	0.7459114959114959	22	0	5	0	5	4	7	0	0.6502246151816767	0.6949005354950657	0.7052121349840321	0.8177378936831051	0.16360764375890544	0.9143407883006642	0.6272194362555779	1.1350080001324008	-0.0440560936244467	0.7625816347345536	0.4399825458033617	1.0855521495942309	0.0542998138458792	0.3149844265013976	2.118074416293085	0.5809174973684947	1.1786794780801926	0.6593699274750018	0.6927483287094225	0.2678389856061485	0.4624820938751612	0.1669520824905455	0.0204663990009006	1.3293822066718002	0.0299075644517711	0.6272194362555779	0.5024402835251117	1.4634091046184097	0.8993569026854132	1.4180885332604896	0.6971106306922795	0.1410128770656213	1.382775684686573	0.5582074767412668	0.7055948742380083	0.6628715993807789	0.5810023256519438	1.1350080001324008	0.0116648284001751	0.5438223917181364	0.3670345055151631	1.2535247574610675	1.199977525103867	1.2131332474509262	-0.3296365113877986	0.9533385232024996	0.5942372796220909	-0.2085938181105532	1.1025737563985785	-0.1960409617297448	0.400386754951086	0.2883225152189378	-0.3393713544060724	-0.0440560936244467	-0.4214760087866172	0.9523576045223634	1.6261278312032363	0.600653099691387	0.584994823337825	1.4498954623832645	0.4237750622320193	0.7625816347345536
ENSMUSG00000047879.18	ENSMUSG00000047879	Usp14	UP	0.7459114959114959	22	1	5	0	5	3	7	0	0.5466603657241998	0.5495819008175475	0.5792386054918741	0.6689989521361233	0.19301214431051442	0.7453917609582875	0.452680059221104	0.8468934757752401	0.069395299534342	0.646483742413991	0.396280540337467	1.1493343365507704	0.0309259503825071	0.4494583099625667	2.0467407693422155	0.5430733597517885	1.0884630726667237	0.5435543467987386	0.4089562932225606	0.1780498974542476	0.1732443051689609	-0.1265128588811705	0.0517629584775112	1.020039368703186	0.0242695528213141	0.3379418864324321	0.2864859288158964	1.2586250654426725	0.4569821589069612	1.1893194245078458	0.6268186465221793	-0.1466345227897067	1.3318810095297122	0.6936360994703507	0.737186143751028	0.4368802457107391	0.452680059221104	1.0701136951066388	0.0458350258846274	0.6321137454136425	-0.2501108925449126	1.367260917267073	0.8468934757752401	0.9708866980505532	-0.1001624583592645	0.5162586974717877	0.621139981677204	-0.1351224786404106	1.0177990291824903	0.0150848293314538	0.3861489727042183	0.1666818058593411	0.069395299534342	-0.1500748359520443	-0.2840152553934592	0.9522529769917646	1.2881442870900892	0.646483742413991	0.4033546504733867	1.0831933130333695	0.4936506562052414	0.3506627005001697
ENSMUSG00000022788.17	ENSMUSG00000022788	Fgd4	DOWN	0.7459114959114959	1	22	1	5	2	5	0	7	-0.6918481553260774	-0.6352989053115554	-0.7271888290837473	-0.8257624543276727	-0.16993651290988807	-1.0445048249830016	-0.6819877139918356	-0.5886100966312753	-0.0284144941084087	-1.0549107180160104	-0.5292998640103079	-1.6645076567075907	-0.1020107366978431	-0.3303445040568921	-1.5058496633645766	-0.7100134394480366	-1.1451197967112852	-0.2706149149958558	-1.3557533447477563	-0.3790330813793746	-0.3397712016826545	0.5799388333513269	-0.759945529561544	-1.5122796606359945	-0.6533034725681097	-0.6048898493634521	0.0194856989696794	-0.9505533856526188	-0.4808591926655314	-1.4927207936557738	-0.7977903012158567	-0.4877649923640511	-1.428550183694573	-0.8792784308283403	-0.6819877139918356	-0.3702060909361216	-0.8010751166462077	-1.1034906062094445	0.1499708371072027	-0.5644976085461016	-0.3855419001026243	-1.4983173576832352	-1.7898504482282314	-0.5886100966312753	-0.0262034127504524	-1.182119218914876	0.9196936365642976	-0.233803138232522	-1.0266598161162648	-0.0060176040163408	-0.6852801429257418	-0.2156495873867477	0.4533812664832236	-0.0284144941084087	0.1617708693950639	-0.4458257804217874	-1.0549107180160104	-1.2439570689337245	-0.7898587605039512	-1.3300566606502515	-0.8078766563971048	-1.6390481299581814
ENSMUSG00000026173.17	ENSMUSG00000026173	Plcd4	DOWN	0.7459114959114959	0	22	0	5	3	5	0	7	-1.8487851515358693	-1.577814808745841	-2.069247783237684	-1.8187821887101658	-0.30700342897819693	-3.2001072052174306	-1.7612468788075368	-1.3943827386841454	-0.3308243828915363	-3.42314864206823	-2.645553643924273	-5.416336816091913	-0.7303687652222982	-0.7508686163275472	-6.034506359715224	-1.6656943096597308	-2.7909848698392463	-0.4049810641829732	-2.9944778841707254	-0.2688721855804614	-0.5661968714127082		-1.420895742945205	-3.0852071777145613	-0.5882314535004273	-0.3963199600285719	-0.2202392760020709	-1.9322571104392672	-2.730568149256182	-3.46314844196712	-1.0904306355670592	-0.2904518916707438	-5.052382962804281	-2.205153070069091	-1.4590483800396177	-1.8567994479553431	-3.7404672780931336	-1.3943827386841454	-0.3889063521257941	-0.9933413460203712	-1.7480771164990188	-3.6044964027305	-3.3289024513569925	-1.2733689135543385	0.5938911022373624	-2.198854877149634	-0.8047423643890217	-0.554823355098836	-1.77516596476985	-0.0455097214157379	-0.3308243828915363	-0.3641564821047907	0.6462100205792385	0.1614832474053163	1.2954550588373233	-3.6505829942503247	-3.1076534945570224	-3.42314864206823	-3.2324210507124995	-3.5689565122289846	-0.8029685960617063	-4.615019146643248
ENSMUSG00000042404.17	ENSMUSG00000042404	Dennd4b	DOWN	0.7455507455507455	0	16	1	4	0	9	0	7	-0.6204600656797483	-0.40367909046276296	-0.2942002789900324	-0.4438110792819327	-0.44981318525900577	-1.2940157191880226	-0.2396809984757351	-0.4367072280771698	-0.3706509528483561	-1.2958331198601407	-0.2396809984757351	-0.1161966003908726	-0.1211642612098439	0.0605601014676993	-0.6434359393115414	-0.4460233133875486	-0.1574742421249737	-0.0782989945814573	-0.4707042784719139	-0.1184661235247914	-0.2394957804544762	-0.3736864597320049	-0.3630375618867058	-0.4381797816947138	-0.1125218334468164	-0.0753203881831551	-0.3857726265157536	-0.3474243646607167	-0.5318708160639531	-0.5089062007231335	-0.1750221696547878	-0.2100672118313749	-0.4795188946840636	-0.2021147517658271	-0.4343531239929641	-0.2388275882432144	-0.4964033291862364	-0.5426505358892153	0.0843636004427784	-0.3006121227176497	-0.4367072280771698	-0.3469872273968113	-0.8325163435760777	-0.731567697759383	-0.3398697861763793	-1.068051616530178	-0.6156076298316119	-0.2234398045724284	-0.7606717552678011	0.02710397887782	-0.3706509528483561	-0.1917984331278804	-0.7662162930471121	-0.1668408273456513	-0.4719019179794855	-1.2055389999510306	-1.2882146544431117	-1.4343896639754663	-1.5522180260494978	-1.2958331198601407	-0.26331484236629	-2.018600727670621
ENSMUSG00000029135.11	ENSMUSG00000029135	Fosl2	UP	0.7450697450697451	17	2	6	0	7	1	6	0	0.8127490530130065	0.794231631759075	0.7607241656612492	1.3589571411314687	0.23352163575376925	0.897793269505539	0.7163489202597938	1.5160571363945958	0.3934426461015999	0.8721143432583561	1.548171272744742	0.7712120486022142	0.0720816229937655	0.8371418684988889	1.1723628040647902	0.2917526660807303	0.8716705554004779	0.8185014919177558	1.2845103351817515	0.1840220752415772	-0.470967325483685	0.0391600482053088	0.7163489202597938	2.4136323923121865	1.461190714539524	-0.423529084296164	0.6624893491492203	0.3593525063142935	0.5056287459791119	0.7842327948441891	0.3806151616033116	0.6180130696298217	2.268331575028253	-0.5752553492906517	-0.3906701837618076	2.1388151488841505	2.20073724821018	1.5294229122571985	1.0162420620866373	1.9152901067233343	2.3610428756839914	1.0806209014397252	1.5160571363945958	0.0940239933347977	0.2208584350082884	0.3934426461015999	-0.7962401093667617	0.847192715216402	0.5979998502298668	-0.1193893586978784	0.4618627125264113	-0.1125957299570178	0.468272490360236	0.195573241132235	0.4117611007380801	-0.0738554534463406	0.8721143432583561	1.3766973317174538	1.1531433119414602	0.7858523367590817	0.5054413098672902	1.665159706441472
ENSMUSG00000041268.18	ENSMUSG00000041268	Dmxl2	UP	0.7450697450697451	17	0	5	0	7	0	7	0	0.8088792899342907	0.7280929743584794	0.8334350527418299	0.7372526859391918	0.4283094931128298	1.2365199279433112	0.7127147098604057	0.743471238856553	0.3650984052668548	1.1158090588345366	0.7748634278314531	2.16576952287251	0.1389717659700908	0.5371550662845287	1.2717037391047243	1.0285977617812023	1.564199934214208	0.1036810063993325	0.3901361847933943	0.142319823822014	0.1303459193629992	0.1605065515270017	0.9816970102126908	1.6727197011669277	0.0672756883132661	0.0150072995887492	0.2601846397783646	1.2442855617270838	0.6717939832560307	1.6054161697851823	0.5034090146050655	0.4171014196961528	1.950228729268333	0.7127147098604057	0.7904871708721007	1.256292764844467	1.9458818570911265	1.389534331053861	0.0224950999272622	0.4245592093548757	-0.1024454190739498	1.4559660486777306	1.2271882927780111	0.743471238856553	0.1851858483553994	0.5867663896942581	0.9295292351453298	0.1189166488907291	1.080011807490979	-0.1223546241759975	0.6336239885865028	0.3650984052668548	0.494612471414802	0.2579851507651776	0.182029102807092	1.176291523203742	1.04909826553337	1.1158090588345366	1.4343929038577097	0.9311873893669766	0.9290623566393515	2.0197979981674927
ENSMUSG00000029068.17	ENSMUSG00000029068	Ccnl2	UP	0.743987493987494	26	0	4	1	8	1	5	0	0.3380752972644861	0.39407997907466247	0.5303039927159573	0.3286655945342724	0.16177044149929484	0.3315611603084199	0.535145061221187	0.4012527099251583	0.288550225615501	0.3869072482241666	0.464721083152849	0.9649781547001084	0.4128241930044056	0.2069429335828643	0.6968650811634078	0.5555880584786278	0.570769345515512	0.3469749398309242	0.7376470122512367	0.2774792873212258	0.3978850978935435	0.446410677749564	0.637524604921866	0.7867775401478709	0.5143398348059566	0.3582212823516645	0.6428122104846636	0.587441479994282	1.1885163896099975	0.6232101201770711	0.5677327452914084	0.1394411234571228	0.4223267673231324	0.535145061221187	0.213527913054423	0.4506629693900769	0.5714418964558557	0.5642394737428357	-0.2857883771253902	0.3648434267177691	0.6746275398053478	0.0834010825965878	0.4980833060775982	0.4012527099251583	0.2303289524451785	-0.7426641523298282	0.0878340829500518	0.288550225615501	0.147837142919149	-0.0183855141715193	0.3631519119937548	0.3850179599227277	0.3188608463646351	0.3851037682268977	0.3338396325556957	0.3869072482241666	0.5521963804772678	0.2376626562959307	0.4864242938542338	-0.0812034604462659	0.0919916248760739	0.6469493788775323
ENSMUSG00000058638.15	ENSMUSG00000058638	Zfp110	UP	0.7435064935064936	27	0	5	0	6	0	5	0	0.5411891531399762	0.44307976992948384	0.785295151769386	0.8230251056613536	0.3225122608807716	0.23392409424839333	0.6645709181176167	0.6799101356045886	0.2197250446802092	0.2215886217413509	0.3920923681534418	2.056243417720637	0.4434322723924943	0.3165826877468527	1.0393720381697753	1.2026211945042562	1.495117771435865	0.6645709181176167	0.7711005248452127	0.2568463728451822	0.3275638383921677	0.2616421137851352	0.6366256530416485	1.2402967234332942	0.3507320141296639	0.4231028622312108	0.417986725121673	1.433082303887892	0.897609070770955	1.219878060636678	0.9496145709756924	0.3276282986129191	1.4815399679982444	0.843890518644652	0.8046788481764447	0.4096510711763781	0.5394668908274417	1.3020586242184795	0.1617803953337142	0.3051351338823452	0.1934688021588688	1.5639208426121065	0.6799101356045886	1.5549018058193722	0.3063074578877778	0.2197250446802092	0.6071565662043918	-0.0225301888130466	1.084633581511023	0.0542888455913621	0.3796886446872337	0.1227064609362417	0.4753075197396608	0.1161654283996835	0.2041855088639509	-0.0224707431147575	0.6556731896671327	0.4421143742113776	-0.2066969143249291	0.2215886217413509	0.354411735018972	0.1928483965396067
ENSMUSG00000041841.9	ENSMUSG00000041841	Rpl37	UP	0.7426647426647427	22	1	4	1	8	0	6	0	0.4022300075326867	0.48388719203012587	0.42750836102715534	0.3845610686635939	0.22168902038516958	0.5751615800548279	0.5347339607399108	0.433040423320341	0.1742828093696083	0.6922141186479752	0.2548985589188301	0.7089048809529176	0.5732988153511545	-0.4006249871659011	0.6019646132402434	0.3746680356103649	0.795793472648427	0.3920623561174055	0.8038882189043789	0.0505086288457823	0.3987730958463792	-0.3718185062048725	0.3509333869980527	0.9054900957863472	0.3846414424836054	0.5347339607399108	0.5487149228475512	0.2850767840442998	0.3086373914252756	0.5732293844131479	0.5846555132345853	0.2818352202459724	0.5632415172222114	0.7385675521003863	0.539648652263132	0.1595495921720589	0.6014531486915465	0.9528330070010106	-0.1637916494119092	0.1494687916099949	0.433040423320341	0.2177141391702913	0.6583159514035851	0.4443468175518437	0.1742828093696083	0.6683394720654322	-0.1004033603883964	0.2807836362522303	0.3317053062828085	-0.0243684538916232	0.0865411886716921	0.2966260609378198	0.4106897345157095	0.1696447119406047	0.1447381184809797	0.5093668589091409	0.6922141186479752	0.6180404066554681	0.9527819782943844	0.7909356097836565	-0.2692127662264315	0.732004854319602
ENSMUSG00000024601.10	ENSMUSG00000024601	Isoc1	DOWN	0.7426647426647427	0	22	0	4	0	8	0	6	-0.5924491372430536	-0.5745141589916043	-0.7442531605514665	-0.8479666804842665	-0.30157580717795457	-0.4760009007585268	-0.5912164410077383	-0.914665592806732	-0.2855526080045761	-0.5578118769754703	-0.583758609004335	-2.02105301672423	-0.3134577207659569	-0.4843760353865688	-1.893752738365507	-0.5569445961060076	-1.1053598421832092	-0.1524999412210034	-1.0794600723190828	-0.0424361877026833	-0.3941611057042623	-0.3489546434154289	-0.4327776506024667	-1.6235654359328282	-0.0842494913848913	-0.2792559186360341	-0.048486948931023	-0.9600868705323148	-1.018519997075632	-1.3941004546885842	-0.5912164410077383	-0.2425443430945318	-1.3698817955452098	-0.879586633235926	-0.7294862536213265	-0.640087221854965	-0.8247753698478449	-0.8617580100400482	-0.0666232847487236	-0.2264502260732163	-1.4970487559488024	-1.4361604411671038	-0.9330604526052392	-0.914665592806732	-0.1898193139229509	-0.5690703921180472	-0.0651533964185241	-0.2855656914130297	-0.7993547367375067	-0.0617352476716745	-0.2443140324726066	-0.4386916741553009	-0.0436925375793346	-0.3343842484639491	-0.2855526080045761	-0.0503080034875167	-0.7444531892524106	-0.2876090156301088	-0.6384687119436512	-0.7389205817316672	-0.3144349262888622	-0.5578118769754703
ENSMUSG00000001729.15	ENSMUSG00000001729	Akt1	UP	0.7421837421837422	23	1	5	1	6	2	6	0	0.8669925714967412	0.8153726424238008	1.3104608827808273	0.7355160516595681	0.3415581579377253	1.0804351936088443	1.2293546692313435	0.6990132081998086	0.2103885300419365	0.931732076647793	0.931816468914752	2.7155997792815216	1.3925337141709957	0.8598031428454442	2.82412568793789	1.2982501392642638	2.2067691449162115	0.4287474901676036	2.278665458228717	-0.0264723207539304	0.3894109190439291	-0.1157489402093685	0.9218257583545268	2.674756634529111	0.6025911546075455	0.529034069979727	0.4449063085293973	1.780666472563878	0.9284005287440784	1.729016223387443	1.104202711335181	0.1566175259014943	2.347324200097161	2.2671220876464755	1.7738860697909131	1.2293546692313435	1.7092387365760344	1.876043025337623	-0.0325470699609015	0.2849896967431289	-0.639555374079326	1.8961949061318049	0.6990132081998086	1.0644739692448395	-0.2408453468530674	1.0363150791932565	0.3915572087148492	0.2103885300419365	1.892637958690072	0.0767354896263707	0.538039472890985	0.1204374807866571	-0.3235834388477061	0.2171962594928855	-0.1617389564212609	-0.1451730032752182	1.9927290412626404	0.6673632541166507	1.3097963779087356	2.291669109618653	0.5149294989826552	0.931732076647793
ENSMUSG00000029028.15	ENSMUSG00000029028	Lrrc47	UP	0.7421837421837422	23	0	4	0	6	1	7	0	0.550260158039803	0.5844128320419142	0.7742922996039938	0.6311095153347467	0.15226039911730152	0.64337841810317	0.7189890841397661	0.656748114564574	0.1836673985535776	0.5120775495192542	0.8593948083795482	1.6937544431125875	0.1996134315505753	0.6220512214952136	1.760969441073254	0.7151772590904876	1.17388582268348	0.4834819975530389	0.8386893980892176	0.1720274673909188	0.275793963695359	0.0793218198048251	0.3442427510387598	1.362058784257152	0.1975559368894489	0.5276884554910306	0.5025272745142678	1.3402064014130952	0.64852524993125	1.059694665246746	0.7497163917469163	0.0808630257499938	1.718746900555275	1.0671640674943306	0.7189890841397661	0.8396896241668624	0.8740624027544328	1.1634572987663907	0.0541281418179685	0.5041119108060708	0.1646167157013658	1.1724343618164677	0.656748114564574	0.7022700638703894	0.2426341019462996	0.1836673985535776	0.3528209384148497	0.107922055731363	0.7941044229855969	0.0927668755134372	0.2120476277328287	0.2349760979026352	-0.6669394457399486	0.1557197214177701	-0.0348554041680924	0.5120775495192542	1.0127785144908754	0.4229990237223889	0.8866929082400418	0.8236747760786073	0.4072542172833303	0.4381719373876925
ENSMUSG00000040952.17	ENSMUSG00000040952	Rps19	UP	0.7421837421837422	23	1	5	0	6	0	6	0	0.5328044624941541	0.5571579853961162	0.5532066113661338	0.5232858774744373	0.26219275472373166	0.7925326064123139	0.5210378220604215	0.593278148731811	0.1772139762265838	0.8399942126848056	0.3319419902926551	0.8450862950311451	0.7095311127200218	-0.2093483787376825	0.7162888889994244	0.7231477194382054	0.8142600288275651	0.4401664627711698	0.7542418435132866	0.0619635229305936	0.4573363908936534	-0.2535014545811388	0.4580491395222765	1.1681543035564346	0.4939480533395168	0.5210378220604215	0.6330557847993927	0.4737004948596097	0.3337438386738851	0.7768432379669103	0.8023471117360234	0.2339198132026892	0.4961354850109161	1.2641332478897211	0.6665310055428669	0.4356667030328948	0.788198043593153	1.0570326216486174	-0.0282406139518689	0.3604945833310355	0.2750109993862639	0.6095995204425876	0.7958258827326149	0.593278148731811	0.1772139762265838	0.8429088988332246	-0.1133564967374074	0.2131475173108674	0.6818117020339053	0.0213872931102139	0.1257001036094508	0.2985696829443171	0.3052303954082885	0.1578990528719884	0.1736081763496151	0.8399942126848056	0.808386221911388	0.806511911511667	1.2648000448332877	0.8473413946213562	-0.32338712062382	1.3040815799475127
ENSMUSG00000020864.14	ENSMUSG00000020864	Ankrd40	DOWN	0.7421837421837422	1	23	0	5	0	6	0	6	-0.45674300392659983	-0.46750611284382604	-0.5361380327879268	-0.5734078303339464	-0.29256857155387034	-0.4248575810306556	-0.5313375546198676	-0.5840890497331132	-0.3097704080841449	-0.4036746710677844	-0.6705166065904618	-0.9628000396227072	0.2311928749204326	-0.2172649611720991	-1.148629611788346	-0.5313375546198676	-0.8289427418945907	-0.3140954872357737	-0.717740622410932	-0.121610233399167	-0.1793011073241366	-0.0500144294284951	-0.4997315679454727	-0.9155448504573976	-0.1781936555632829	-0.3356779021275111	-0.3676156383770057	-0.7028778441690379	-0.7740104943768823	-0.9007755684625754	-0.6503141719471827	-0.3087280416029572	-1.0762222087907654	-0.4243273830240061	-0.3906300574317988	-0.6548691504042161	-0.7851478300277851	-0.5840890497331132	0.029092987109451	-0.4809111089673377	-0.6699086735305877	-0.8383002881664434	-0.9713953244234202	-0.4983433546261736	-0.3909072670381254	-0.7883863096847712	-0.2618424027731414	-0.0138586671365438	-0.6193867585148458	0.00014664984131771555	-0.3097704080841449	-0.0948507904583105	-0.390084793108602	-0.0361445202544404	-0.3131690198809657	-0.4036746710677844	-0.3300566687457995	-0.6799127220236034	-0.5418621259042076	-0.2662096997046047	-0.2190198240267316	-0.533267355741858
ENSMUSG00000038195.7	ENSMUSG00000038195	Rilp	DOWN	0.7421837421837422	0	23	0	4	0	6	0	7	-0.6245399835774685	-0.5603242861953734	-0.5804974687299116	-0.4854554251268518	-0.403286288353773	-1.028920752099338	-0.6297183277031837	-0.4909302446875631	-0.1993692907521911	-0.9437882327461188	-0.8935105277133017	-0.1501043714964555	-0.3591988337670505	-0.7537034172456885	-0.8030525967460713	-0.645073754630936	-0.5273203465326076	-0.4803972744299888	-0.7503991254992862	-0.3464692009112176	-0.6297880589984802		-0.6894704933866896	-0.6296485964078872	-0.3535422700828981	-0.6539471332154817	-0.4274724510069221	-0.726696369309453	-0.6160295210054951	-0.6598849986318143	-0.7995070496038373	-0.2903612730912923	-0.8187839030379278	-0.445106481766579	-0.8324643080406406	-0.551094552841171	-0.2599072775785284	-0.2943009367737082	-0.0587835202299586	-0.4909302446875631	-0.7736278634434216	-0.8425074816672623	-0.6958870391038968	-0.2421508899821515	-0.0743352452771075	-1.106844930671984	-0.8812856435510015	-0.1993692907521911	-0.975318263940151	-0.0494258408628464	-0.4487886256598307	-0.1270946104870488	-0.1674492806417539	-0.2600821729271262	-0.1461552671204624	-0.7193794849969231	-1.4027438942943335	-0.9498977285655223	-0.9437882327461188	-1.6613370049131777	-0.8424414549306822	-0.6828574642486075
ENSMUSG00000032593.6	ENSMUSG00000032593	Amigo3	DOWN	0.7421837421837422	0	23	1	4	0	6	0	7	-1.1973404925881301	-1.1826234197158305	-1.6422524695967222	-1.0570830035792762	-0.7326015857878356	-1.3574249113886865	-1.6897030082493654	-1.1984121288746925	-0.7218538089136964	-1.1668347105569683	-2.175944189417917	-2.4825734840307554	-1.8714843338298812	-0.8329026180063763	-3.3582003778431546	-0.8533191690047328	-2.551273854095088	-1.5757724494251195	-1.801247190617819	-1.0215649026935654	-1.5028897937711585	-0.1158463028861971	-1.6951583708685865	-2.1950106556131264	-1.2098870840436469	-1.7638460210328906	-0.9972868065974202	-2.210968400044055	-1.4566506687883327	-3.0449386450876768	-1.0590753180270769	-0.7914883840558744		-1.6958656346761758	-1.021641086661596	-1.6842476456301445	-1.72948082276641	-0.7883110204490702	0.3422760301800387	-0.9783704339513092	-1.599514438689222	-1.900124334768019	-1.418453823798076		-0.5669025176525192	-2.3172676682280806	-0.3951980177725734	-0.8213843714561214	-1.1000049597029462	0.487967864120455	-0.5321495648987014	-1.083841232930591	-0.1781913925290384	-0.8297917737023767	-0.7218538089136964	-2.592514436198344	-1.023202565328409	-1.3190005121218906	-2.1783884294204183	-0.6938441154721114	-1.1668347105569683	-0.5281896106226632
ENSMUSG00000049588.14	ENSMUSG00000049588	Ccdc69	DOWN	0.7421837421837422	0	23	0	4	1	6	0	7	-1.2070733448346214	-1.2173130050774437	-1.4123027858348498	-1.7875811639918648	-0.3870456008308544	-1.241363828680916	-1.2854869992736373	-2.20342563595735	-0.465214131990608	-1.1491390108812498	-0.53426147072572	-2.4157080280868946	-0.577550543347426	-0.982337592327542	-2.3860086911731417	-1.3918700575672147	-1.5726410447328012	-0.5857557169908311	-0.9569293539229023	-0.7588674858508512	-0.7028401603971134		-0.7348788970955643	-2.736485502446119	-0.4219681302738378	-1.5709155201482383	-0.5259068083065038	-2.318944817846236	-1.6370503322517655	-1.9216470866862048	-1.17910394098006	-0.6827933346765447	-2.548396510583298	-2.0587212470726604	-1.7725101753950645	-2.826863701670862	-0.9189162811507006	-1.3294679795224318	-0.1223607931280889	-2.749255599297685	-2.3081451888098874	-2.731928182424434	-2.20342563595735	-1.0684847688031769	-0.646133558876057	0.3011350589040857	-0.5984404626379258	-0.8602843120326751	-1.357192802495485	-0.1796382091776961	-0.2015399904480769	-0.6193969473726014	-0.2116630392559402	-0.465214131990608	0.5808667862435829	-1.839732089665229	-1.5110457248073947	-0.4433406739357559	-1.9193509637839707	-0.8431559298784086	-0.983782407814404	-1.1491390108812498
ENSMUSG00000087408.11	ENSMUSG00000087408	Cers1	DOWN	0.7421837421837422	1	23	1	4	3	6	0	7	-1.5182021190609238	-1.6482948832897857	-1.3954476419896382	-1.9076789810233876	-0.32548940227014184	-2.4441924509605273	-1.2758250823977433	-2.020764684181828	-0.4514534644545713	-3.1296283742725675	-1.2758250823977433	-2.250493840825797	-0.0437822366770907	-0.5488563736952514	-3.9837971327732657	-1.307858146226234	-2.283400336956664	-0.4013145407948342	-1.530708073636848	-1.0565737632237642	-0.8282170854583327	0.5092179035024307	-0.6672977330814586	-2.179747267993227	-1.0555210893541909	-0.7432827296446014	-0.6771052220502547	-1.6413726702734486	-1.524863402072513	-2.953633824949533	-0.8003406310405896	-0.6559492547643654	-2.3354329653524424	-1.0853072715441456	-1.4007447564422255	-2.022455366476026	-2.9324234395178213	-1.2651597317865544	0.4118472624983103	-1.7474186552813589	-3.1507589795934634	-2.294110713082297	-3.400473068894962		1.0341131322012	-1.106032010736005	-1.047930779963106	-0.9011220934035724	-1.9412290208181888	-0.221838309879394	-0.4514534644545713	-0.5071863533622772	0.5645477567770402	-0.2626005394399068	1.2603482581072218	-1.6027286201177189	-3.328309216946717	-3.1296283742725675	-2.1160149294058344	-3.1635417224603866	-0.6171960862108353	-3.151928207309631
ENSMUSG00000025733.18	ENSMUSG00000025733	Rhot2	DOWN	0.7413419913419914	1	18	1	4	1	8	0	7	-0.5514468018117088	-0.5613116129731099	-0.37303081079862455	-0.4953392330605059	-0.4451884995318803	-0.8922286638558246	-0.3783010820381364	-0.557802209636977	-0.564821016309243	-0.9371661280213868	-0.3395029647074664	-0.5760604815146836	-0.303820103020728	-0.2989270271180576	-0.8469138032326079	-0.3783010820381364	-0.4588826738579853	-0.4581264264917813	-0.490133249693243	-0.1632365068673378	-0.5520644274599341	0.4600901164634895	-0.6207928955100145	-0.4996500644364555	-0.0086721154975804	-0.2040436949869633	-0.4584854783747237	-0.5013473829484001	-0.2382561633171583	-0.738396041739127	-0.4511302892161739	-0.1418743314274921	-0.8895231277028212	-0.2079934126026622	-0.3414322733586917	-0.169573369514987	-0.1947826213911396	-0.557802209636977	0.1441223320111199	-0.3650048613875088	-0.5904796875836914	-0.9649410782365024	-0.534396097014329	-0.5988730295756524	-0.6717311282025707	-1.024361687602973	-0.6502497573440499	-0.06077087787021	-0.564821016309243	0.1351990482025396	-0.5317398349325924	-0.2462166284509341	-0.6417730614753239	-0.0425497072468969	-0.5980588436184285	-1.0737124733568142	-0.6277887323610242	-1.1980009384408696	-0.9371661280213868	-1.0294209091041824	-0.5930416392516648	-0.7864698264548301
ENSMUSG00000061353.12	ENSMUSG00000061353	Cxcl12	DOWN	0.7413419913419913	1	18	0	5	1	8	0	6	-0.6600496706307897	-0.6833165304580471	-0.5724838563768949	-0.8600355569573287	-0.4639045313569357	-0.7437747378319993	-0.5981704613481424	-0.9455043389863652	-0.6354290066320254	-0.7312040542840689	-0.83787501921921	-0.6702932258224186	-0.1259392912499623	0.1999814241150846	-1.1523870488000156	-0.5650710176493015	-0.97898319676032	-0.6222293874529423	-1.12868870774169	0.2116237273531281	-0.5741115352433426		-0.3750755356949182	-0.7897519980032349	-0.3019422116701413	-0.6261760318883541	0.3556012522125417	-1.4455819492985589	0.0077657529778745	-0.6313446768983539	-0.4347359918591144	-0.527660651089664	-0.7787241287507006	-1.0372695641735163	-1.394410364575671	-0.5235142414528077	-0.1377866471636568	-1.104667082190263	-0.5140328446018713	-1.597553220035546	-0.3801288589510382	-0.9455043389863652	-1.2548526508377749	-0.2235099030984421	-0.8992282052054551	0.7632187524951859	-0.6354290066320254	-0.310226122879878	-0.6544706700781435	-0.0185244191479164	-0.1118878159713728	-0.6610572411502108	-0.9877830713583712	-0.3012035949216215	-1.2863584500764842	-0.5578659470405417	-0.4679721616600639	-0.8732715388684353	-0.7312040542840689	-1.1553565055383477	-0.2237113923098383	-1.1970415651226989
ENSMUSG00000025287.16	ENSMUSG00000025287	Acot9	UP	0.7408609908609909	19	1	6	0	6	1	6	0	0.5268932997199798	0.5067873176505865	0.42900690821365317	0.6203914430073773	0.28891020962743164	0.769264638031457	0.4250421949343463	0.5885324403668267	0.3103766257264888	0.8320575264844214	0.4035137436393198	0.5893140600495047	0.3535727889819105	-0.072589900676733	0.4431418535104175	0.7506102879073996	0.7023641568325067	0.0657055972476649	1.0692222257745596	0.0958537432771215	0.3941111442953277	-0.7068262464668993	0.3633782855847463	0.5681207049178502	0.3673418788117679	0.186373445736698	0.5249092784164942	0.4250421949343463	0.2290289944606938	0.8782528973204865	0.3332946261941382	0.1783082460702745	0.5210886863164317	0.9933610419427032	0.5218004296471613	0.6005135539973319	0.8043788030454089	0.7994795317843464	0.3228133603567373	0.5106000475601892	0.5885324403668267	1.0434115402677269	0.4568893961966867	0.6210137845191274	-0.0030445999473324	0.951132734638948	0.5667173090500979	0.1330472017955368	0.6256954602815681	-0.0263578873710135	0.0717907191009634	0.3389227276670802	0.4658472385954743	0.3103766257264888	-0.2561152236360633	0.7987527673818285	0.7218906232658806	0.8320575264844214	0.871803422184994	0.9443475969151476	0.2036588715529178	1.0123416584350091
ENSMUSG00000004044.10	ENSMUSG00000004044	Cavin1	DOWN	0.7395382395382395	5	15	0	6	1	6	0	7	-0.431483463854304	-0.45278919135799545	-0.317709856470388	-0.6175337012901972	-0.18122393135262127	-0.6094663663040094	-0.3078804026748608	-0.6989591506273779	-0.1838317540349524	-0.5976979800411302	-0.4552863861980406	-0.5143743978309389	-0.1566886120487837	-0.1002291041432242	-1.6385720300432571	-0.4962529520578194	-0.7845217107192338	-0.2017066973525737	-0.0549462071274715	-0.1335039928604829	-0.2229230199317302	0.6134494741663284	-0.0768939620029724	-0.7056659523344871	0.1536598739168845	-0.3078804026748608	0.2686579854597302	-0.5834022028653855	0.222504567191371	-0.5277425266420431	-0.4584094110233729	0.4728465395592668	-1.1634771453762116	-0.6450371026369615	-0.5275751008202444	-0.045951883144524	-0.5082437651594384	-0.8150423838462667	-0.4697807663956163	-0.7746383555817544	-0.7720791448748794	-0.5595411560142698	-0.6989591506273779	-0.2326949516912163	-0.36993830158608	0.5152047712449801	-0.0568497595285324	-0.0340840245171883	-0.7310593229540031	-0.0068479596971202	-0.2015582090875323	-0.1838317540349524	-0.5840437733691582	-0.1335973558384798	-0.2068575555107674	-1.0471432949265245	-0.3513726990821273	-0.5976979800411302	-0.2385792779502525	-1.021752038267303	-0.2528659335578735	-0.7568533403028549
ENSMUSG00000041130.11	ENSMUSG00000041130	Zfp598	UP	0.738936988936989	23	1	4	0	9	1	5	0	0.5126463758199709	0.5220316522831882	0.6411035901150194	0.5651366872186127	0.3654355843451879	0.47890964160106364	0.6563627509511608	0.523420867431203	0.3906149167985823	0.5206424371351733	0.3741720498886292	1.4695779258963162	0.6563627509511608	0.5812913772282075	1.0497049191630528	0.4901889185584805	1.0563864260091147	0.3649586158027679	0.9916962823690528	0.0642224646615665	0.2285219825771276	-0.0953685481326771	0.4003223007696649	0.943745051369554	0.2743116652054036	0.4202917156838613	0.3761654288196218	1.0737698500699029	0.6770786506369616	0.9211021172945056	0.5345136012481831	0.2077884291841388	0.9856567083947718	0.9345237258814992	0.9387006300716764	0.683356124836128	0.7067557686668505	0.9147947179991888	-0.0133544808287391	0.4175840842001674	0.523420867431203	1.0756558458806296	0.3795341115919812	0.6583216642558575	0.4375139353101674	0.3353447469884318	0.4206433759090114	0.4286358728173766	0.8626711857815421	-0.1670610090922096	0.3103588679978813	0.3906149167985823	0.1789944527665848	0.3222845199535279	0.4997905625661696	0.0521457424429332	1.1171786261376877	0.3802713727829573	0.6316018505851055	0.7236902415559867	0.5206424371351733	-0.0731627794323987
ENSMUSG00000035354.10	ENSMUSG00000035354	Uvrag	UP	0.7384559884559885	24	1	5	0	7	0	5	0	0.537180599513613	0.40192613823826634	0.7809182873891193	0.746740204764457	0.26445641643465617	0.35660748946621945	0.7296766265033391	0.4060719959213417	0.1941881508038297	0.397780280555191	0.9374331044414006	1.6651662369818034	0.624627253158697	0.4410179263640628	1.6978743571743864	0.836707082439801	1.0882654360758557	0.3632289343692947	0.944914268385308	0.242470489527134	0.4620777256139893	-0.3384991786378069	0.5850054717207236	1.6914309377461294	0.1892227437690808	0.2779839365741953	0.2956715561334728	1.1733253048946304	0.7296766265033391	0.9412960175778796	0.5932548205045727	0.1543430884948951	1.443478342864204	1.0838391360821282	0.7208372483404378	0.7731840329797632	1.466960859426841	1.796775072092592	-0.0543455222964887	0.3338088459390779	0.4060719959213417	1.3436857246344702	0.2867656426596809	1.1144196744005257	0.1047936726815115	0.533967254437902	0.4648894026966193	0.1941881508038297	0.8676085004932145	-0.0521935806802982	0.2032663189221928	0.2056758653654	0.1360412062763132	0.1830131456873386	0.0677706440971949	-0.025495086078137	0.4722687066830961	0.397780280555191	0.1511579899547356	0.5610578164383859	0.3919588396033538	0.5475238791069107
ENSMUSG00000036825.13	ENSMUSG00000036825	Ssx2ip	DOWN	0.7384559884559885	1	24	0	4	0	7	0	6	-0.6217696261669656	-0.6197108371374168	-0.8571447223351306	-0.8567771554301576	-0.33914570718678233	-0.43401091971579187	-0.7570565893706594	-0.9953785973447132	-0.1792070571151594	-0.4823650849041742	-0.4353790566716604	-2.4678473372581515	-0.1188824164033047	-0.4767579267641057	-1.6146858043949266	-0.7570565893706594	-1.163905008224693	-0.27978196972565	-1.1951842251620726	-0.204678673231475	-0.2439153938022588	0.4277071500302909	-0.6518556096327299	-1.688169024849092	-0.5209813295022429	-0.518448082854084	-0.4848667374598568	-1.0825863357070644	-1.057626948438781	-1.4479256881432054	-0.9136355776919808	-0.5026547982764302	-1.6209019907279691	-1.2045505763224862	-0.7491014041628064	-0.8732121507162335	-1.2960239975848975	-1.2669133103229078	-0.0927957189879335	-0.2473829700359514	-0.531201799513209	-1.6949145477085916	-1.168853144097797	-0.9953785973447132	-0.7873250638581932	-0.6433869944174979	0.1411297807066412	-0.1792070571151594	-0.759202272671263	-0.1245905473824525	-0.1629598285560394	0.020484725972401	-0.6543735205725834	-0.0943516474681614	-0.4868203536922981	0.0433572058804283	-0.5184621115086465	-0.4823650849041742	-0.7617164634446577	-0.2455311605905677	-0.325464208546362	-0.7478946148965631
ENSMUSG00000057113.14	ENSMUSG00000057113	Npm1	UP	0.737974987974988	25	1	6	0	5	0	5	0	0.6011176731141641	0.5292010029824388	0.8638461202570019	0.7117974089194471	0.358990373182259	0.4698367900979484	0.7831574593548467	0.7650815397023505	0.0407734891122788	0.293320466262527	0.7370000112208833	1.6152578613718245	0.4156463019080464	0.3285717076935365	1.726749783455911	1.2209150147794026	1.5475327722208028	0.7254139698066285	1.0879717866856125	0.3057910242060406	0.702338262129908	-0.2746012612180261	0.5317981011015677	1.533331956954054	0.3277299987721905	0.9527113406913276	0.4773739044662574	1.2751090066491264	0.7656619674645266	1.4403780345389392	0.939059628567084	0.0759033213846469	1.6863121201077669	0.928646923112304	0.7831574593548467	0.6595035366315679	0.8085807128822703	1.3648930182106644	-0.0395590460283162	0.4181725645316448	0.7650815397023505	1.0849263839329866	0.5165309427332047	0.8725364593535941	-0.0302095577294084	0.9682099905944468	1.2806154066073792	0.0370879613960753	1.0415720492236862	-0.1021710092272088	0.3602906075272363	0.3389657715350348	0.0406517515993942	-0.0268923556340648	0.0407734891122788	0.8654039030518235	0.7435577027715002	0.248127535171345	0.1848531652933467	0.7338682778203016	0.2197264803147945	0.293320466262527
ENSMUSG00000038777.20	ENSMUSG00000038777	Sema6c	DOWN	0.737974987974988	1	25	0	4	2	5	0	7	-1.562414314851232	-1.412003693366539	-1.6941086088468371	-1.4517001620761238	-0.45184753818355233	-2.6520009502984148	-1.5227340580022362	-1.3012733287308418	-0.2194928000529774	-2.8850202815007644	-1.4193570183116933	-2.7713555334352176	-0.5898665999314132	-0.7967898105487113	-4.622970461435121	-1.5227340580022362	-2.7297060605343346	-0.7730596974657267	-2.0908888927533624	-0.5432282301593641	-1.00762266791404	1.0886249043857918	-0.9145362189379238	-2.51787805444139	-1.0151800843856993	-0.965797131964764	-1.1258559288117964	-2.062249492332543	-2.5554406076416325	-2.8255906324000883	-1.6641778749461118	-0.7230800727232813	-3.080514481762136	-1.4888007569224728	-1.9871061328227977	-2.2468640232562507	-2.788906819410295	-1.3845588127997757	-0.0654727717749933	-1.2632888425285635	-1.3012733287308418	-2.754754811574232	-2.282645451547584	-1.1099071155768765	0.2276253478845288	-2.0521662231274385	-0.7058217985588271	-0.2194928000529774	-1.6332092392141748	-0.0014523672484692	-0.6788905277914399	-0.3690142087530058	-0.0782929573854908	0.0634125358722496	0.476979318355971	-1.9651642591142684	-2.8850202815007644	-3.2048285081423487	-2.2007160014999254	-3.626942276115413	-1.4870477779337656	-3.194287547782419
ENSMUSG00000028992.14	ENSMUSG00000028992	Nmnat1	DOWN	0.7376142376142376	1	19	1	4	0	9	0	6	-0.4700592430351317	-0.46682613558398595	-0.3278334670065774	-0.37913807251074744	-0.3895204478066132	-0.7837449848165888	-0.3285441882002833	-0.479115461048504	-0.4545368101194679	-0.7477422125390764	-0.2662841750401317	-0.6995017827336806	-0.4714389584730717	0.0090715127572609	-0.4470059577112674	-0.3271064506656657	-0.6131355255385996	-0.4062483649085903	-0.3972304001117751	-0.0100678143056328	-0.3387438834652639	0.0814891438102723	-0.6498677961828181	-0.5328628938636576	-0.2940244876978447	-0.1700685636881625	-0.1895250583086136	-0.1051595463702359	-0.4892968941774377	-0.834571920163735	-0.4953787581932336	0.5830351145330339	-0.6605937267698352	-0.2614550910993937	-0.2093590285638734	-0.3285441882002833	-0.3276281140453535	-0.277066975926797	0.2795584528078031	-0.3011526498641648	-0.604959254263757	-0.7059826645419476	-0.5652479547378648	-0.479115461048504	-0.6774742175554506	-0.4628889279775517	-0.2680474943254278	-0.2076704560890369	-0.4088895586440748	-0.0412772504157359	-0.4654186127461166	-0.0798344212238864	-0.674407972724402	-0.4545368101194679	-0.5442792040515947	-0.7690461837288546	-0.6021012927328077	-1.1129864504556362	-1.481598039586668	-0.7477422125390764	-0.4651420218729136	-0.3075986928001654
ENSMUSG00000037035.6	ENSMUSG00000037035	Inhbb	UP	0.7371332371332371	20	0	5	1	7	1	6	0	1.761164804125541	1.3188447932100376	1.655080773850206	3.253298976969654	0.6210347104056045	1.5152447552766997	1.640154772603399	4.349064054888383	0.581329591292262	0.9975348138166762	3.866799731161833	2.8737634707871296	0.2234358788670007	1.032753706199854	3.154676763439973	2.4911939155982163	1.3239887234180487	2.886517242681382	0.6995598410675964	1.034415599332897	0.1046638152477871	-0.372641638167676	0.8020363962947601	3.3798425856905725	1.6115345120638822	0.839043235330888	1.7391662411252338	3.181053082491623	-0.132330908825434	2.181659515313056	0.6889695374263624	2.1384812293640816	2.414503472464332	1.640154772603399	-0.025292665851508	2.7718708949865203	2.1373619438437474	5.15723757759272	-0.716967562854141	4.144996844317779	1.5670754044840287	4.814320332818552	4.553131265458987		0.3242058383416887	1.4552293348311367	0.984024983738116	0.4878708610022242	0.7771749428904525	-0.606689427945936	1.5521085520617148	1.0145762704557135	0.0578972856627	0.2036535821315777	0.581329591292262	2.4145358755597144	0.9975348138166762	0.5639831003168777	2.5170228492025486	0.5319814481280742	0.0271140598724585	3.5545411400405498
ENSMUSG00000021768.17	ENSMUSG00000021768	Dusp13b	UP	0.7371332371332371	20	0	4	1	7	1	7	0	0.8249417972203097	0.5571248077571076	0.46895648571196874	0.34842682387800666	0.5371896714079665	1.9451942078832969	0.5075618778767527	0.4409986703946913	0.6066877376374624	1.663978174469983	0.3587306077071539	-0.2956496196323215	0.6358231248400777	0.1885958632712445	1.2673276601748305	-0.1398864026476886	0.6403859344261404	0.6867522598183157	0.7877679389645497	0.1915012513990506	0.4921733501167351		0.1637407610120323	0.422064825975262	0.2401726003602497	0.6423012630311382	0.4946571079416184	0.766424833327918	0.6607369414766738	0.7648287796546209	0.8692044767465611	0.1270491224139258	0.5795835869794737	0.452405176718021	0.1105631836075149	0.5204666478118869	0.5651473530162021	1.265260059828935	-0.5100399032424957	0.6246562057986212	-0.0786412629548746	0.4409986703946913	0.465323915418651	0.2314300819025184	0.095143593696438	0.6897821667139423	1.4110854168695754	0.6066877376374624	1.08014266902012	-0.3461943717760901	0.7020585625378426	0.2210458578267999	0.21384676162145	0.0470973349269933	1.1883906564130975	3.841864750697996	2.313185284765312	1.380125927748267	1.9112587359006243	1.1727687487289182	1.3331778328719772	1.663978174469983
ENSMUSG00000007817.16	ENSMUSG00000007817	Zmiz1	UP	0.7371332371332371	20	2	4	1	7	0	7	0	0.5611882959721155	0.530113983522031	0.6400128131133315	0.5399830631106649	0.3505826600420828	0.7141746476223825	0.6352232490070114	0.4929976340853065	0.4180443721839592	0.5672303329587555	0.9069206113975358	1.6989652351175468	0.6318450281374887	0.6352232490070114	0.963108872434614	0.3680736667109832	1.0295902538439146	0.2598230483445642	0.9357429652837754	0.102830594526806	0.3548557466151694	-0.2245013100701119	0.4971390073802798	0.9926711383080566	0.775464330889352	0.1722654620729528	-0.5578640250667368	0.7160060008624498	0.8489540440109493	0.8934796995052035	0.3853796595440087	0.2110285674390871	1.1090559212149411	0.5031068014274546	0.5400104077275407	1.1972516401146922	1.333919337280422	1.4939969376513604	-0.318047397185369	0.4589071053675229	0.2384821238708169	0.7743311384050579	0.6392138995799592	0.4929976340853065	0.4826822795562512	-0.1143977611678391	-0.0251421165618581	0.21306678979329	0.4999947081608686	-0.0376734290175148	0.4184239659890327	0.078631215642131	0.8665453505399946	0.4180443721839592	1.0562338853445958	0.2960245753801317	1.0153478346021318	0.6314384563645993	0.5573112052660708	0.5405839832064648	1.3912861455785237	0.5672303329587555
ENSMUSG00000024194.17	ENSMUSG00000024194	Cuta	DOWN	0.7371332371332371	0	20	0	4	0	7	0	7	-0.3951113556597278	-0.3630801821597551	-0.35729073764177244	-0.5091722708413521	-0.24618693896314572	-0.46779547519264103	-0.3348169729148641	-0.3913433914046462	-0.2059037297539581	-0.5058659714577285	-0.6340233566848793	-0.7158864175124207	0.0646201890655484	-0.6464129435897232	-0.7400546178107356	-0.422068943976409	-0.3482669050212403	-0.2065024213159962	-0.4083237226753748	-0.2118298279268632	-0.1332675858957587	-0.4614491851590948	-0.3348169729148641	-0.3390810263179929	-0.153817784868976	-0.0022021092364548	-0.330389454190027	-0.4716824724618227	-0.4153584644374574	-0.5713902307969944	-0.1374189863450326	-0.28934880214645	-0.6114894591037343	-0.168457084372142	-0.312121546916123	-0.3164121455091829	-0.3293976382076546	-0.3913433914046462	-0.1624275154657249	-0.3212726185885995	-0.5075683747051782	-1.435901050063649	-0.1660069381048188	-0.5796860075568472	-0.1194360334955698	-0.2585915729742069	-0.4641565086951796	-0.2424868026042666	-0.4847309012162529	-0.1793760513427085	-0.2059037297539581	0.0516115662952244	-0.5532973871282979	-0.0729620764562032	-0.1787268312231842	-0.534487505077776	-0.3950268024281896	-0.4369020736278537	-0.5080804476148957	-0.6086031305902676	-0.2856023955517761	-0.5058659714577285
ENSMUSG00000024803.10	ENSMUSG00000024803	Ankrd1	UP	0.7366522366522367	21	1	5	0	5	4	7	0	2.792656343361461	2.526232655881966	1.811114300533461	2.4839598775738447	0.47256582255372703	6.402985372784813	1.6031203064778998	3.4493450052860317	0.4700087305762995	6.535803015085651	1.454195659556499	4.4257010066735	1.6031203064778998	2.4258690843266937	1.8190816485488897	0.9664011563554096	2.500007635490808	0.8560310778296251	3.928226435920213	-0.9677370639660088	0.8715977466159703	-0.002777409182102	0.9389671259992056	2.8017851761416	3.4514819105101795	1.0224979042485016	1.2375387873784578	0.9384778197240596	-0.4617624400365103	2.9482012149882357	0.56025294561715	1.0440369910363128	2.5515014332354737	4.325443248239224	3.5297643517007677	1.8792113671853556	2.252970993788028	3.4493450052860317	0.3695398108792142	-1.1005615557539066	4.985219423930885	4.3830564489106445	1.4532723211668803	3.847847688597164	-1.201543457757513	2.5125029143809523	2.0373591779124625	0.7186510004078904	4.207259285236441	0.4700087305762995	0.2179348760821463	-0.8522733706482808	-1.7767242342899645	0.6692407799556018	-1.8041916537650369	7.320665297835923	6.535803015085651	6.530652304898656	6.687957112732931	6.201025330789715	4.040135379640716	7.504659168510092
ENSMUSG00000023087.17	ENSMUSG00000023087	Noct	UP	0.7366522366522367	21	0	7	0	5	1	5	0	0.6404421615070248	0.7732976178387834	0.8266024733884421	0.8658896865582391	0.18323239455650242	0.6860440915249156	0.8160201576373904	0.7305750780401763	0.179293341495442	0.8373221047001007	-0.0848831627166185	1.4463121356536683	0.4376788780028952	0.3345567841886786	0.2602570680990947	1.4442221168410891	1.1326344575842722	0.2586064557043966	1.163368139633401	0.4651300825450482	0.712667468378434	0.7080336322226309	1.196876957458725	1.5243912768878534	1.0344593007347227	0.2921430655073138	0.7049258143592728	0.8425407344390191	0.868553265034422	1.389975980149165	-0.356434725160868	0.0289001319798734	0.8160201576373904	1.3731389651613135	0.7350069864257487	1.7367738096791483	1.852411005057844	0.9070059222487208	0.373069966217116	0.559972986897375	2.145623132056177	0.7878642519136071	0.7305750780401763	0.5571164685345014	0.179293341495442	-0.6138576934309197	0.4757877345921618	0.6435177872261161	0.6493710947091221	0.1386909022099335	-0.0900940809493496	-0.0009191806560216676	0.3076713342178034	0.2397824745890482	0.0863126261181902	1.2443538856327627	1.068293313359694	0.8921468468090532	0.8373221047001007	0.6723821794865288	0.1555944049369408	-0.0677840942506699
ENSMUSG00000015839.7	ENSMUSG00000015839	Nfe2l2	UP	0.7366522366522367	21	1	6	0	5	1	6	0	0.6335980243942008	0.6434940301254803	0.7207181273956169	1.0647388082870177	0.18311301771245478	0.5658221441817135	0.727102634542506	1.1209842698961523	0.1789883131504662	0.5598854257084547	0.3070699888300758	0.7368705957869884	0.0202977233275571	0.8212020510074989	1.365309916986397	0.2693441277677239	1.2895249184044826	0.7074132941001264	1.156630649751934	0.5171419208558741	0.5919019701750965	-0.1936579174877868	0.5746703356242014	1.2845265780628243	0.702334254366322	0.7271372778641645	0.6341780238751603	1.326486626611433	0.727102634542506	0.906811352505222	0.858957939989188	0.1671077371841341	1.4203116178622073	0.2968626026431886	0.7657284486771627	1.1405437772363594	0.3375809931316155	1.1209842698961523	0.1931570308135922	0.8794985027512819	1.3642553634885526	1.3864291227604018	1.684849603451616	0.823997764847529	-0.1033399476403704	0.3217630345387515	0.5002619675301325	0.4435274488872432	0.5009566415065149	0.0130805189057732	0.4722511475004928	0.1789883131504662	-0.0883494638047669	0.0781130457838757	-0.3030095115211104	0.4708800710789073	1.378466305496249	0.6112264634919897	0.1731538725900599	0.049070889294659	0.5598854257084547	0.7180719816116752
ENSMUSG00000053289.9	ENSMUSG00000053289	Ddx10	UP	0.7366522366522367	21	1	6	0	5	1	6	0	0.5230484361857768	0.47801378626677177	0.5770518226302926	0.6888457954990221	0.309627258122866	0.5166688684909263	0.6131255278140296	0.6135623802450522	0.1357496455064603	0.3429020447195139	0.6812255595481905	0.9247468738336874	0.0607812489568786	0.3565450939206572	1.2759029962716435	0.5957126748844142	1.168239046868865	0.5621120948552722	0.7303763524562927	0.2167152875581384	0.177604644688847	-0.1506299790279899	0.0959558313993841	0.8175014691688437	0.1583384891517065	0.6131255278140296	0.2267644167143626	1.169629733758641	0.6250436255944204	0.838040592389028	0.6566798255720231	0.0381142519154487	1.3316367561101334	0.6301532446055788	0.9486994310423844	0.5521238793351855	0.279260241631834	1.0675520252430084	0.0804438184570523	0.5065997722028993	0.7990642230747479	1.303736384218634	0.4509619650517606	0.6135623802450522	0.0375637442927344	0.6520865674649854	1.3662230874503047	0.0406976395371732	0.8850595360147364	-0.0660103268253933	0.3969697803796121	0.2711185505522652	0.1357496455064603	-0.147606440375686	-0.1659519446456662	0.7979072209422626	0.8073689439955757	0.3429020447195139	0.267775160379985	0.7991255883027504	0.2653458564553391	0.3362572646410572
ENSMUSG00000000184.13	ENSMUSG00000000184	Ccnd2	DOWN	0.7334054834054835	1	21	0	5	0	8	0	5	-0.6766587068403723	-0.6933254558459322	-0.8130274121580697	-0.8347705056908465	-0.5273233240685703	-0.5315135854440031	-0.9612300527201578	-0.8843876578033918	-0.5022632538884726	-0.3626800477589855	-1.1783685094674454	-0.9797778178324008	-0.5760879515204533	0.0907436897548861	-1.7630803051061126	-0.4830032678420193	-0.5787499879630574	-0.5646998628968896	-0.9612300527201578	0.0225743054520724	-0.7295158119637116	0.26118734797841	-0.0415864588557043	-1.6516322415429805	-0.2294532771648014	-1.0746014657156266	-0.5698803452789919	-1.228447607084768	-1.0699478000141251	-1.2315675646262192	-0.7233052763174979	0.0314080101145434	-1.200410322435469	-1.8241219997441689	-0.9949180112629468	-1.1255496512104366	-1.5777178930018116	-1.0472622835146308	-0.615165454900967	-0.3567588668786284	-1.1581773281616772	-0.8843876578033918	-1.4654821436733028	-0.3161598049033289	-0.743864928874591	0.2350827947011149	-0.2812376326429971	-0.4938137579429491	-0.7821810416486787	-0.1523333896727486	-0.7269669242021336	-0.8803667765362875	-1.13810162092378	-0.3345100331227505	-0.5022632538884726	-1.2194058576888271	-0.1675388791291555	-0.2547981243001719	-0.3053038082689902	-0.9336426382153176	-0.477225742746574	-0.3626800477589855
ENSMUSG00000032239.11	ENSMUSG00000032239	Rp9	DOWN	0.7334054834054834	0	21	0	4	0	8	0	6	-0.37054795288651443	-0.40526934641806817	-0.3710162623788728	-0.37357389287053266	-0.33170638880330233	-0.4058952674933501	-0.3589105325925791	-0.4003031750061931	-0.4306223811210117	-0.4102355178299432	-0.5288756545735619	-0.6688481994839149	-0.1662503937766229	-0.6335529556824402	-0.8416000651644789	-0.2724344344584445	-0.3712434781035592	-0.2040727657296036	-0.33578755317319	-0.1927777342314224	-0.2214072446035295	-0.5172605259638811	-0.2869180844810706	-0.4974366167325069	-0.1481814071222303	-0.0075941380086637	-0.4650931821727231	-0.3589105325925791	-0.0376987054244269	-0.5739151975619952	-0.4191967045291877	-0.1180246665583341	-0.8583622123851959	-0.3761191676898334	-0.2780677915502189	-0.3632695382573878	-0.274540134218562	-0.478161081105524	-0.1343944905909329	-0.4003031750061931	0.3186616883065029	-1.1055790287543328	-0.3992525113150976	-0.4159886516281513	-0.2801750062779712	-0.0625591873006866	-0.650710649425627	-0.4327674248660169	-0.4440551426826198	-0.1185540863253294	-0.1799056152351655	-0.157901398084712	-0.4521613141145561	-0.4393580714026296	-0.4306223811210117	-0.4431038197105683	-0.4102355178299432	-0.4872342939807989	-0.608221995557537	-0.357225980091258	-0.2686265069079977	-0.2666187583753477
ENSMUSG00000037493.7	ENSMUSG00000037493	Cib2	DOWN	0.7334054834054834	0	21	0	4	1	8	0	6	-0.9461904215099879	-0.9633671584759403	-0.8449734177403444	-0.9522065187288674	-0.39758989598193056	-1.5899918535888093	-0.8084390748178092	-1.1182952421340715	-0.3751966223645672	-1.5810940056638412	-0.5903376704584333	-2.066714608272433	-0.4647852648096386	-0.6103583839774929	-1.3378766283837973	-0.9428079953453832	-0.9678619196288332	-0.1269015462609947	-1.6727444641698177	-0.2632438117944167	-0.1502370018836514		-0.8107356273850176	-1.411711956840076	-0.2032084905683393	-0.1921053086373289	0.1187324790439716	-0.6149909893228541	-0.8783141869346381	-1.4480098254929592	-1.0753952321051483	-0.2625922055806138	-1.774892698896321	-1.7049014093847423	-0.9803116824759742	-0.7308599094334194	-0.8061425222506009	-1.2084096574964298	-0.4070849687710707	-0.1667653715183408	-1.360846021304892	-2.1961487152368235	-0.2078956546404425	-1.1182952421340715	-0.1500053354346095	-1.0046585807235042	-0.4590596122929156	-0.3911001911742048	-1.611902137804958	-0.1808977814306284	-0.4812636659177999	-0.2414913972367038	-0.2211497801740677	-0.3751966223645672	0.7432362487527227	-1.670137687490097	-1.5760061112096626	-1.5810940056638412	-1.453744697508791	-1.7569569041790936	-0.6269911288002235	-2.4650124402699545
ENSMUSG00000050335.18	ENSMUSG00000050335	Lgals3	UP	0.7329244829244829	22	1	5	0	6	0	6	0	1.6133831010385922	1.4407998567067908	1.2128055467390786	1.4151481473631426	0.8681054587030869	2.9574732513490605	1.5080039224812376	1.373595790932344	0.4543629150110759	3.1359950277368265	1.6608065964000198	2.045120683391545	1.5093003345181162	-0.655336228968008	1.5419971752539146	0.9372921860475798	0.7634788174638361	1.5969388598655174	3.741591616184528	-0.1490196593390324	1.6550969181611526	-0.3863393640164406	1.2960771380146774	2.780220794149488	1.0769605327434912	1.2463753431025415	1.7885812530161975	0.710517885852303	-1.5795415890025208	1.1196355396179318	0.9160955218903912	0.4038351681848129	1.613059941557397	1.6627702511527445	1.9365927230426652	1.5080039224812376	2.0056374011890417	2.5938928513487864	1.373595790932344	1.3189902921910417	-0.0391533973023206	0.4754886647423645	1.5345812933840282	2.648641536245753	-0.2033761428841394	3.3363957891640106	0.4488581091664147	0.586310826683049	3.518835559098241	-0.3764416327968796	0.4706644879196434	0.6834673227365464	0.2986096201314933	0.4543629150110759	0.3314731915044991	1.9835471421006967	3.1359950277368265	3.1564141786682525	3.9798375728019937	1.8185349932382116	0.1536658206189686	6.474318024278473
ENSMUSG00000014776.8	ENSMUSG00000014776	Nol3	UP	0.7329244829244829	22	0	4	0	6	1	7	0	0.9220328334564243	0.7385537450829103	0.9738607572925995	0.9548869816500714	0.4081735671332639	1.3512100277497627	0.8710168076051695	0.6060906825606511	0.1020318656013878	1.196807147901592	0.3087463566081706	1.9239559970987004	0.8605576166038936	0.203576065823744	1.978298040684684	0.8710168076051695	2.337224900611686	0.574158328255396	1.662739258231918	-0.1546122026739167	0.173992484171632	1.2976808155756083	0.6543321366962147	1.4233493490849252	0.4443480266406371	0.5847953966052853	0.0009460909437003666	1.4483424745472515	0.8782047851039576	2.0873406248769126	1.2081946729315491	0.3180907379904201	1.571606210624256	1.3362114302947845	1.3508701338229778	0.5886143855647182	0.3616595225759119	2.528358501130866	-0.0197641529907748	0.0905762303255991	0.2415188775733292	2.393236294396654	0.6060906825606511	0.8441924385541737	0.1020318656013878	1.391594577460994	0.3567045225968885	-0.0253448757286992	2.02631450240016	0.0912414417452418	0.8777133556746916	0.4918627564443584	-0.2766360430042837	-0.0453346053007679	-0.5002382594240677	1.123184487078988	2.047239819260368	1.196807147901592	1.1556264846725348	2.1451878474785158	0.5633500566811718	1.2270743511751698
ENSMUSG00000025142.19	ENSMUSG00000025142	Aspscr1	UP	0.7329244829244829	22	1	4	1	6	0	7	0	0.7756292770300192	0.782370788120186	0.9512585871607918	1.0136716219326114	0.3252573330825071	0.8123295659441663	0.8672455756760603	0.9419269379088688	0.2611441190693362	0.6974960005643116	0.5292372313544512	1.8430496799433624	0.5033417784287169	0.594975510321385	2.316018464603748	0.6364185936844955	1.5466684395572996	0.9229574546998814	1.5086056805844152	0.2751535080631393	0.3871091758988071	-0.1761427909592824	0.2144233969517852	2.123464892417762	0.0677461486343405	0.8177714406519339	-0.0208926944993014	1.638448085113896	0.9647674478070966	1.7708629694322258	0.87781915102393	-0.1353753471629567	2.145657226084049	1.412689468563301	1.3068772326727718	0.8672455756760603	0.7450841337940644	2.1674974526487576	-0.2286265439713051	0.5576384330277876	0.2324275374989861	2.093476443756712	0.9419269379088688	1.3313610926584722	0.2611441190693362	1.2226937916838565	0.4159322805379141	0.0089919689732742	1.2748614384748416	-0.1251620234934673	0.5485647166982541	0.2948088807370647	-0.2507557657426058	0.007973594186972	-0.0812223372178618	0.6974960005643116	1.5330742454726989	0.3084915171802461	0.8383463066605179	1.228712164665877	0.6885499797841156	0.3916367472813972
ENSMUSG00000014769.11	ENSMUSG00000014769	Psmb1	UP	0.7329244829244829	22	1	5	0	6	1	6	0	0.6020149125238575	0.6990890850885793	0.6400280161538283	0.7664185223470765	0.2342608759427889	0.7673522356517365	0.6228291093914363	0.9499555793359704	0.152708563156833	0.7753490607857222	0.4038055611353451	1.1341304684835969	0.4084234224532437	0.1497699757636749	1.5610308854146586	0.7455003866445769	1.1044136096161152	0.533557619249323	0.6838598579734652	0.1249138233655331	0.4531095176942663	-0.3283132912989708	0.114174562270384	1.200922307882909	0.1482440305957187	0.4631069061754403	0.6399385495342247	1.0433216012868076	0.8146644012255958	1.2590992855241705	0.8135217621990954	0.1303096378650867	1.1872013650592153	0.694437465760536	0.6096146920874406	0.5651689228004786	0.6228291093914363	1.3984294214585602	0.0181138587334523	0.393068445823741	0.2932636802282236	1.290046824180629	0.9499555793359704	1.0220518466689594	0.1126513114892246	0.8500230829159567	0.2455319737634075	-0.1111757007390405	0.9471120338163072	-0.0808528356164467	0.4055720510580451	0.2398577716427885	0.152708563156833	-0.0386625566278773	-0.1458960594885198	0.894375502831217	1.3221716297029102	0.5935576932017049	0.5740721992667726	1.1866779232442883	0.0252616405295397	0.7753490607857222
ENSMUSG00000029922.16	ENSMUSG00000029922	Mkrn1	UP	0.7329244829244829	22	0	5	0	6	1	6	0	0.5021518679693693	0.620122427289653	0.5059005611747693	0.6829929322132415	0.25382321694251586	0.5658907615469505	0.5900025969167214	0.8224879777976086	0.1719669920585871	0.6502422576625848	0.5900025969167214	1.0359615001748224	-0.1026711564577156	1.0614465981976196	1.2395348913801785	0.6205866349929408	0.7610409879351184	0.2660934501203184	0.5903185720043237	0.3651893669257043	0.0420870585621244	0.1720471814322514	0.2256620836934968	0.9665693703531112	0.0768661740551078	0.2362207311823857	0.9347364110673192	0.6101261970430369	0.4475980328404268	0.8243126269689866	0.2854217467899986	-1.1710484229095124	0.923951325483932	0.5326124369853664	0.2890944183932498	0.7041978508939972	1.1313564866934636	0.9239537243120618	-0.0412899769589147	0.1374709438428884	0.7466950324438474	0.8919294327706656	0.8224879777976086	1.2997033912845335	0.0409534720937017	0.4939792125168615	0.1467015827967771	0.6077419706491506	0.7770891213684015	-0.0797597710424192	0.3316140683470823	0.257485700287498	0.1560376006611502	0.1719669920585871	-0.1117545633691157	0.6565832883459968	0.6862818278948125	0.4108492277471406	0.856695595275044	0.6502422576625848	0.1202974601753687	0.5802856737277067
ENSMUSG00000006333.15	ENSMUSG00000006333	Rps9	UP	0.7329244829244829	22	1	5	1	6	0	6	0	0.4493530855848499	0.48080525322386214	0.5248873461218606	0.4955677178335422	0.18612659199583667	0.5908306863881599	0.4766584861376747	0.4849520203100496	0.1473843724482297	0.6455417545924287	0.2892794041301627	0.8996104760408712	0.4859696890518374	0.0326134406843232	0.8615948771593173	0.70306547428282	0.8902982100659329	0.3481520230692424	0.8333754253873726	0.0887058290935344	0.3388892892906958	-0.3589160610403954	0.4528647389535076	1.0589541654021266	0.446222793751273	0.4766584861376747	0.3743534545844165	0.6334887632185453	0.4166675192030177	0.8120258921504597	0.6904094568300085	0.0920499601601318	0.7049410827480496	0.8912191095217445	0.4475270990903333	0.4089098032696056	0.8530279430536276	0.9929268149741886	-0.1106352361867848	0.2853584452639902	0.5951574445261597	0.4673087434841758	0.7539057924630166	0.4849520203100496	0.0980967782394768	0.5290500051400242	-0.0021575019242808	0.1003365183745175	0.5517779119011952	-0.0157807148021415	0.2409161094939255	0.29136208367688	-0.0828987865656335	0.1473843724482297	0.1893057359720102	0.5480651023262527	0.7027872991636285	0.610303970259646	0.9255537578321232	0.6455417545924287	-0.1910255019576107	0.8945884225006506
ENSMUSG00000031730.19	ENSMUSG00000031730	Dhodh	DOWN	0.7329244829244829	0	22	0	4	0	6	0	7	-0.5294581950833528	-0.6012085499187301	-0.6361743221291768	-0.5229093743948486	-0.3383117203517465	-0.6204373634576392	-0.6100508396285482	-0.5923662602089119	-0.2605941937058132	-0.7130786268999786	-0.7247101428860796	-1.2038969871071918	-0.3962534719510237	-0.4600933456733814	-1.5608158160723868	-0.5281299808585318	-0.8283284625988879	-0.4075998682222084	-0.966767555214126	-0.1075651215931448	-0.4628851381216436	-0.7173419477508793	-0.5394164784975728	-1.0843665918790149	-0.1168628626676302	-0.1911815495193886	-0.1941018425447242	-0.7044299204652698	-0.4992141931119566	-1.1520746728280191	-0.6250568628903551	0.0154144733511746	-1.1579119796119126	-0.6100508396285482	-0.6283449168669257	-0.5281296514604149	-0.7965909708177283	-0.5923662602089119	-0.0804925035734187	-0.3521769606535251	-0.7785274644892957	-0.9227818505567454	-0.6632193006638827	-0.270801280618161	-0.1835430873908155	-0.986007590264133	-0.1562893873948641	-0.2605941937058132	-0.8111688345175285	0.1465742859174148	-0.4366459843476283	-0.4089334517387144	-0.4037226352886023	-0.0059690779449057	-0.2151289671936211	-0.3422375117513946	-0.8325186040690005	-0.7130786268999786	-0.8589861965822203	-0.8422431324458058	-0.2897559125009021	-0.4642415599541736
ENSMUSG00000040430.19	ENSMUSG00000040430	Pitpnc1	DOWN	0.7329244829244829	0	22	1	5	0	6	0	6	-1.148729542669011	-1.0500248157592353	-0.9307623349404415	-1.0232331188236032	-0.46640915323207915	-2.1745135636799193	-0.8670236545366489	-1.2330259769818217	-0.167054788564744	-2.449076275413709	-0.7497366720656069	-1.9991421059743768	-0.4923348246514288	-0.3012957465836952	-2.4045282722555523	-0.9143232430408692	-1.3125349769850363	-0.5418729073864406	-1.2363671121904525	0.1356162132035523	-0.6276120440316372	-0.1555665743935395	-0.4502494688562137	-1.5681209131676972	-0.1388591656999573	-0.6338753754665267	-0.516148591067009	-1.502388361493662	-1.0094804619497657	-1.8721799278752855	-0.8670236545366489	-0.2904453734259781	-1.1988416644582212	-1.125637541663937	-1.5638497113124512	-0.7695306944940501	-1.0242538715694327	-1.3288378041726787	-0.2393204882041536	-1.114839856049269	0.5960398156055629	-2.0049307344059693	-1.8377167875568945	-1.2330259769818217	-0.2259043462581024	-1.2903060513963407	-0.0936595197851271	-0.0036180806853584	-1.7737338834752443	-0.023279571890426	-0.9860879332949803	-0.54348355386181	-0.167054788564744	0.0809266543532136	-0.1042996106939507	-1.7645074235532132	-1.9069331434922032	-2.449076275413709	-2.821587018667648	-2.5592278271751057	-0.7297437684211154	-2.990519489036441
ENSMUSG00000046822.15	ENSMUSG00000046822	Slc39a3	DOWN	0.7320827320827321	2	17	0	5	0	8	0	6	-0.40989038981566506	-0.4013280928178921	-0.38054296411781113	-0.4723466608413472	-0.387197578854957	-0.3994743554485449	-0.3172963299610609	-0.4488260694724118	-0.4017914456127835	-0.4008647400230007	-0.7346081641221005	-0.5431024167785559	0.1724640954389749	-0.1545701641287755	-1.1024283972933924	-0.7631939931207657	-0.3172963299610609	-0.1888672314242979	-0.1941697938652764	-0.2521556702309672	-0.4263320539946529	0.1690802137264544	-0.275127161337479	-0.7765989877582079	-0.3984255805443081	-0.1844517785248778	-0.2124719478505566	-0.4223110695068679	-0.2598391225629791	-0.4036488018530154	-0.3524660965635485	-0.0349096353660346	-1.0992038008161444	-0.6560965326738273	-0.5322019283842476	-0.0301756775509073	-0.3015520041334824	-0.4542971498445516	-0.1807660992794097	-0.4488260694724118	-0.410223766851273	-0.9121400483087048	-0.5507823844046139	-0.3493911077284657	-0.5558783755993436	-0.4823394959358834	-0.628499323939769	-0.2809103185505967	-0.3255239448398139	-0.0170070887026934	-0.4017914456127835	-0.3356248967894302	-0.6595865633914865	-0.0938640428811054	-0.478147871161621	-0.4455280307092983	-0.3302410608910512	-0.4008647400230007	-0.2187190217179081	-0.5332347826361614	-0.1421591443015728	-0.725573707860822
ENSMUSG00000030110.14	ENSMUSG00000030110	Ret	DOWN	0.7320827320827321	0	17	0	4	0	8	0	7	-1.112707700410037	-1.2960728968205024	-0.7920105150108193	-1.218483390179604	-0.9110475640970357	-1.5292893323526893	-0.7236651607458994	-1.5335190853943828	-1.058626708246622	-1.6980902082788836	0.1426437277342279	-0.6936237558517292	0.3627892100051031	0.2952438442850015	-2.131087976059098	-0.9390096887261562	-1.452978176394419	-0.0983132969307331	-1.2803062186732024	-0.3817882638773077	-0.91159377240406		-0.0431854489950206	-1.557195829304577	0.149757828721427	-1.4798695823858077	-0.6159920427716734	-1.5437210191234458	-0.8412947442477032	-0.711654932298154	-1.5613383269123136	-0.0394851973421588	-0.7356753891936447	-2.188653837212163	-2.179002885395908	0.0634599105217323	-0.2203975274495202	-1.6472198822972306	-0.0769796433460551	-1.419818288491535	0.19918666276833	-2.357106455035483	-2.00896273467565		-1.1832052235302724	0.015041060534519	-1.6153814231791073	-0.4149251637667121	-1.283936478093222	-0.7462727023413824	-0.585700256141147	-1.1231744557329142	-1.2081705723243858	-1.058626708246622	-0.8171712822461457	-1.9367227723742464	-1.4222440292052787	-1.6980902082788836	-1.968057407511123	-2.0306847156397687	-0.90847503535772	-0.740751158101805
ENSMUSG00000025228.6	ENSMUSG00000025228	Actr1a	UP	0.7316017316017316	18	0	5	0	6	0	7	0	0.418237574434528	0.2881237175084074	0.38780997776254145	0.4370273671808274	0.22034998818725499	0.6277629646074884	0.3449123306762593	0.2313351043405554	0.1600201235439185	0.6296840810961598	-0.0869864764441939	1.01110522330535	0.6132764852224099	0.3445136666114528	0.909921350306546	0.4780811599016173	0.6060990883545495	0.2086095232764853	0.5651309335702074	0.0159577640499219	0.3449123306762593	-0.0370617435735144	0.0793210554146789	0.5895357380006087	0.1540269476362448	-0.1914223469963061	0.2447501012403288	0.6845926398051011	0.012702157279271	0.8872339103519619	0.2566964476300441	-0.0096984975082704	0.7236733133172641	0.9213778037614794	0.5257084477546261	0.1912258394766994	0.4275865371677955	0.854937693127236	0.1310758165642109	0.2313351043405554	-0.0831476173565693	0.9214113157925886	0.1562190539379333	0.8473602038598368	0.3964206896382092	0.3353630913962723	-0.047473039568989	0.1402369586450802	0.8182523028794025	0.0588587545106909	0.2496204545610344	0.1788391909222122	-0.0052966858641736	0.1600201235439185	0.1390080293961468	0.3334785267315666	0.9577410679036128	0.5811960178469614	0.8350892337129984	0.8057696189071912	0.2513822060539286	0.6296840810961598
ENSMUSG00000030122.14	ENSMUSG00000030122	Ptms	DOWN	0.7316017316017316	1	18	0	6	1	6	0	6	-0.4508929557063405	-0.41988800540393834	-0.44043349994311937	-0.6145344266507096	-0.25072019410150126	-0.4978837021300319	-0.3883028625217454	-0.6320511499813428	-0.2438283576021654	-0.4514731482861312	-0.4709784177408124	-0.5590255911557052	-0.226754575290515	-0.0621177827966427	-1.5919678515185165	-0.5846035627951108	-1.082404637938192	-0.1596877957464703	-0.24260535298646	-0.1316297535200656	-0.2918064552089902	0.3053896656748973	-0.0166468724266889	-0.6058026597578412	-0.4095719151688252	-0.3529111387804721	-0.0937132647555109	-0.7814029376418851	-0.3438661192557118	-0.4641688917545061	-0.8175982771067157	-0.016032925657477	-0.928694529771535	-0.7468272475029196	-0.6961443214895293	-0.1318284238502775	-0.3883028625217454	-0.7405130567629054	-0.2004458445410341	-0.6320511499813428	-0.8455747625690546	-1.2744910794518922	-0.5029733107889173	-0.1056917824598208	-0.0843228675158965	0.8247421446824668	-0.777719874641762	-0.2438283576021654	-0.5651132306662763	-0.1199003452955459	-0.1758079876278774	-0.2820562541980769	-0.9458687624384252	-0.3982542948489854	0.0102076950360302	-0.852800242084418	-0.4977774798907771	-0.4514731482861312	0.0530626679506006	-0.9182063571085772	-0.3869585309395499	-0.4310328245513705
ENSMUSG00000005262.14	ENSMUSG00000005262	Ufd1	UP	0.7302789802789802	14	1	6	0	6	0	7	0	0.39944938490855375	0.3261848430035021	0.3702274268846964	0.5052781313829483	0.24112442361679512	0.48116755774977504	0.2861212542045708	0.5453467038354979	0.2027789155449182	0.3662484318024334	0.4817071088936532	0.5440567414676439	0.3205843739706799	0.2861212542045708	1.6557882722969024	-0.0189013826996964	0.4144510708275618	0.235653266540058	0.0043104823521746	0.0891526550146135	0.3749790361507004	-0.3352837215167002	-0.1435070113967609	0.8805523884331633	0.0300026704503531	0.1301827372740264	0.193158073714718	0.926740902976092	0.3364653383175522	0.7639408295939801	0.1858451444607434	-0.0590750164455189	1.4472555926950392	0.1351632004882188	0.4303374221374205	0.2216038491038752	0.4648552465817401	0.7091286391026164	0.0962050571749528	0.5453467038354979	0.1644482156179031	0.5026885961492275	0.8058006095735152	0.7133290982269251	0.0570198980560275	0.3538138478779229	0.5511581416912672	0.1337864615795654	0.5606583909282638	-0.0532652599269196	0.490437663919444	0.3719688037791215	0.01689845520519	0.2027789155449182	-0.0328866588700539	0.5664705906932407	1.0633967722858284	0.3662484318024334	0.2229734660501783	0.5292781794168862	0.2886082762149204	0.3311971877849388
ENSMUSG00000074405.9	ENSMUSG00000074405	Zfp865	UP	0.7291967291967292	23	0	4	0	7	0	6	0	0.5243916936983166	0.5601604903585493	0.6388731495920378	0.4841842533505041	0.31104135034215213	0.6634680215085728	0.5783356396957878	0.602265451754529	0.2037419838170026	0.5419853410213108	0.5719868973785537	0.9404849177424556	0.4664077607889968	0.503130434078866	1.0108877980027309	0.2321844326670857	1.0412802975118975	0.436186940571541	1.0436091049125549	-0.0089091490341335	0.3313278908912132	0.5490952790353502	0.3876230164408714	1.157072073087118	0.3141340749387363	0.5783356396957878	-0.063767956804533	1.0737806151663454	0.8763792118238346	0.8823195283373079	0.5957734421297317	0.0239074102475505	1.1954160183970386	0.7975171516703582	1.1276625839376964	0.608450756186288	0.5772988691837827	0.7012419413630864	-0.0311915142847915	0.3204489197398254	0.4310872830077235	0.6512858433611214	0.602265451754529	0.7141518485120346	0.145344258608831	0.5853904931428593	0.365441406766157	0.1925552180670316	1.0712918731270025	0.0665340002704726	0.3636333837970679	0.3309738090261975	-0.0080871874442436	0.1046356145852951	0.2037419838170026	0.2038698742541645	1.3553304910932191	0.5202595155823113	0.7069270460373442	0.77502142904105	0.5419853410213108	0.5408824535306095
ENSMUSG00000025410.11	ENSMUSG00000025410	Dctn2	UP	0.7291967291967292	23	0	4	0	7	0	6	0	0.5030731785040718	0.30470459510039016	0.42601123675631797	0.4846675688536902	0.23352775986914506	0.8680861485371345	0.3087163342336596	0.3006928559671207	0.146256833039098	0.8207058016327036	0.1308139054508873	0.7081778829460575	0.2453286615797822	0.0906485507376081	1.1246286253698363	0.2947426587417521	0.6876632775395419	0.3104432541929428	0.6507720083709823	0.0530219992309547	0.2049478959571608	0.2008653929244864	0.1918398417284793	0.9025453889129204	0.1153354504290596	0.4485731556930913	0.3087163342336596	0.6868647689695169	0.2877757168380009	0.8129189224455378	0.3487075988237359	0.1553611326643791	0.804280085740835	0.6432423875011368	0.5747219533052569	0.22577571480456	0.2935908272884229	0.99139232742598	-0.0374838608159404	0.1751083636661422	0.2616395432892721	0.8250486272109692	0.3006928559671207	0.8762751252322872	0.146256833039098	0.6429764691080291	0.2415719920621227	-0.0443302633406789	0.8851191583235333	0.0091851239019357	0.4042330656986495	0.2798277079869364	-0.116786822215731	0.0547072622112577	0.0660448317854434	0.8207058016327036	1.4430366695743733	0.7597139767688109	0.7776801426308038	1.154299318121944	0.1778115555988134	0.9433555754324934
ENSMUSG00000074129.15	ENSMUSG00000074129	Rpl13a	UP	0.7291967291967292	23	2	4	1	7	0	6	0	0.4630689604520656	0.37205990731501437	0.46618278976458655	0.33774229404403816	0.2832733712057531	0.7650773867938844	0.4832093816664924	0.2458281923454079	0.2609104329635363	0.8249388744686155	0.2883908894042127	0.5806771226835821	0.7318308518248473	-0.3179231636074519	0.5182149073997014	0.4726975366348601	0.7521701917579546	0.3847091934572126	0.9215557408422572	0.0609185289578221	0.4508804131550554	-0.2726490796743738	0.4946072951874638	0.920241922335602	0.4021774666796566	0.46794917246248	0.502520833852261	0.4115334502123358	0.2333869324049354	0.5768321041478329	0.6057869440620797	0.0788432434970772	0.4832093816664924	1.1780313495877026	0.6616048174019225	0.3048873158996388	0.6938499614106763	0.8377037559787794	-0.1212789431358751	0.2124601655681794	0.2458281923454079	-0.0015084526619489	0.6579325786802753	0.5330587615334492	0.2919095598014907	0.774866014789183	-0.0346150907327791	0.3064001343917462	0.5299858035805627	-0.0073150107448086	0.1892765123749323	0.3386948160275429	0.2452130943313278	0.2206808164805501	0.2609104329635363	0.8249388744686155	0.7836181391576965	0.8365279407884707	1.22534544746771	0.8120100574274346	-0.4505597393097627	1.3236609875570269
ENSMUSG00000098274.8	ENSMUSG00000098274	Rpl24	UP	0.7291967291967292	23	1	4	0	7	0	6	0	0.35533427010906726	0.39982793110889026	0.4154514979787058	0.38071360883796995	0.22820796845544108	0.3969640051641524	0.4808652258206547	0.3349211923175657	0.2356487837487282	0.4647346699002148	0.2093716992068061	0.5730554492819242	0.6967664660655584	-0.5810448019942702	0.5585982386621655	0.4877423209919175	0.686852729385309	0.301330594290825	0.6436759070131436	0.0135114725182726	0.512426605500999	-0.0306959818831232	0.2456085791489554	0.8715126133686784	0.36655700873602	0.4334307878451571	0.6131779863668366	0.3445244972834632	0.3223815365405756	0.5208624622941489	0.638129487295878	0.253207617579552	0.4432093365796083	0.9029968839578958	0.5011276791839137	0.2080080443841924	0.4808652258206547	0.845632438624775	-0.0236490223316668	0.1404449241948827	0.3349211923175657	0.2912461529764036	0.6312560151879499	0.4451435608958795	0.1757033914048912	0.4398598998828094	-0.099606124534032	0.2818775137615699	0.3177011006304401	0.075794960151849	0.1616737452799365	0.3614740975174954	0.3728364490220475	0.1873238361441167	0.2356487837487282	0.4204539151028744	0.5911634846790563	0.4647346699002148	0.464842200873898	0.66558295927757	-0.2422945890232773	0.4142653953387309
ENSMUSG00000024038.18	ENSMUSG00000024038	Ndufv3	DOWN	0.7291967291967292	1	23	0	4	0	7	0	6	-0.5457815923104168	-0.5060717386453241	-0.5590241202085434	-0.569733156538672	-0.4001017167535512	-0.6542673757409007	-0.6034998041404607	-0.3980313672062414	-0.4086436731501875	-0.6769651642868585	-0.5170438631263946	-1.1738224411744032	-0.366260452732033	-0.7746481595060583	-0.8821757749035068	-0.6034998041404607	-0.8629972128165722	-0.3393685765979362	-0.8500675341830289	-0.272105800362265	-0.3461150382150353	0.638626845753814	-0.6284364536113055	-0.6963611399105448	-0.207492898322624	-0.2087994620853576	-0.5882679378666836	-0.7069963278782557	-0.6301763640296745	-1.185135295812206	-0.477045009254268	0.0221468049337501	-0.8221103311910556	-0.9086421614375506	-0.8741617584648338	-0.4853180997532874	-0.3473769989428946	-0.5082458063734244	-0.1245087174223504	-0.3231808441303639	-0.3980313672062414	-1.966894853819715	0.0639889709016053	-0.7312594777202147	-0.6183598190840697	-0.347338354821761	-0.6687091673437585	-0.1829692733827756	-0.9621654786982275	-0.0655393669217804	-0.5033281523173874	-0.0444923856418451	-0.4086436731501875	-0.1084046801173786	-0.4911685328098922	-0.6769651642868585	-0.7158731660317339	-0.6018629843470197	-0.752815305258442	-0.8634319426258561	-0.6541114722838316	-0.3148115953525627
ENSMUSG00000040488.20	ENSMUSG00000040488	Ltbp4	DOWN	0.7291967291967292	1	23	0	5	0	7	0	5	-0.7422313856595074	-0.6332696759152405	-0.9976990587804927	-0.9928078103384853	-0.4700860206190629	-0.5083326528999891	-0.949064133839304	-0.7693676589952452	-0.3827522651621867	-0.4971716928352359	-0.4460365117538376	-1.491286414037411	-0.5197997808723493	-0.0740715971562149	-2.133719429872639	-1.5331812971419254	-1.8943195420003809	-1.4897694005222075	-1.4087653545706438	-0.582793113515509	-0.7620502711148528	0.2153685048469885	-0.795673527453476	-0.6723435625194373	-0.8589275261032299	-0.949064133839304	-1.555108007236574	-1.768457080327419	-0.6530824605266609	-1.2959164381604635	-1.410206459418896	0.028541510558267	-1.1397114132514656	-1.568439691724822	-1.1917775074585573	-0.447865956475824	-0.5394181254244579	-1.5328861476720104	-0.4351583278108848	-0.709692989698896	0.0247087695231928	-2.675189586457233	-0.7693676589952452	-0.8520687312583204	-0.3765240697846235	-0.2688664663182839	-0.8534170473699672	-0.0209716213421485	-0.960644389539284	-0.0538244670326824	-0.3827522651621867	-0.2356491127265043	-0.6851514261533693	-0.5378569471267595	-0.7952884142538834	-0.748560371320777	-0.1668766795037346	-0.4828783606741116	-0.4971716928352359	-1.0268920208302503	-0.5995685903633183	-0.0363808547724954
ENSMUSG00000003226.8	ENSMUSG00000003226	Ranbp2	UP	0.7287157287157288	24	0	6	0	5	0	5	0	0.5829958399505113	0.5149452821926817	0.7292724134029042	0.7594109613004854	0.3841788494416915	0.459121135656964	0.6241882355111731	0.7836811328007358	0.1223556081340372	0.4057023288741903	0.6241882355111731	1.29710798815659	0.0351937181669832	0.7728099195103163	1.870603819240472	0.6745995206847519	1.4605320130433186	0.584604439525811	0.6225734626970857	0.2015292292421293	0.4191574293088713	0.2023653258249831	0.2564535010124854	1.0371785809569032	0.149161289490848	0.3096590012298895	0.3105787243243788	1.2770168244990747	0.7387130453749845	1.164096696811012	0.4997560074843243	0.0429689209167534	1.8935630875055212	0.5723898330906781	0.6896257142878169	0.9357991413102202	1.048129692671033	0.744645115121836	0.4026538237819902	0.7836811328007358	0.3211193494683048	0.958394369869172	1.0897170140586392	1.01566592400272	0.0609469556264746	-0.0091084962003168	1.8297117255732176	0.1223556081340372	1.169918405270105	0.0154438878006616	0.4288757760841997	0.223721625388416	0.2863997451615095	0.0151688114557935	0.0825332995645085	0.7464996043244007	0.8205596491115722	0.4057023288741903	0.137822396986038	0.7759128306870925	0.2399024208441976	0.0874487187712569
ENSMUSG00000037415.8	ENSMUSG00000037415	Ranbp10	UP	0.7287157287157288	24	1	6	1	5	0	5	0	0.42730410468537666	0.5506179214097222	0.6123878147165546	0.5435226767968655	0.176306708098876	0.37699921912921047	0.6256237161557643	0.69408662551553	0.0994046743901339	0.4756121266636802	0.6996296652412598	1.1704330295693428	0.1525386157621236	0.4267817600693061	1.5001331549545251	0.3648704019987713	0.9210850447350812	0.3532978981089737	0.7351582801625309	0.0687783679770468	0.2574321917831824	0.2551969488251477	0.5360091298396157	1.2847646448925762	0.0922117108907298	0.457556507513144	0.1564199356887665	0.9884975795423242	0.844150660701985	0.890549739160672	0.6256237161557643	-0.8464640761287205	1.6459796357246357	0.6806084392329532	0.4453374263332095	0.8634278547405214	0.9644627338715024	0.8318868110737152	-0.187762745727556	0.3230875324635867	0.69408662551553	0.912101091385328	0.5152258185664751	0.7160336043009795	0.0370673456592606	-0.1644622436831019	0.3885436243377295	0.0994046743901339	0.8797406681427123	-0.0826902595536407	0.2977750891587339	0.3614746554653345	-0.1807290075022408	0.2488534760498472	0.0543957666228673	0.4990129015962213	0.7796229887527686	0.1153492846376606	0.5214269092996019	0.4756121266636802	0.378476230916192	-0.1305059079616515
ENSMUSG00000055865.9	ENSMUSG00000055865	Tafa3	DOWN	0.7287157287157287	0	24	0	4	0	5	0	7	-1.0920688622078445	-1.0324546141286173	-1.5439144807977532	-1.1924110805122812	-0.5042064963073819	-1.127743391213962	-1.2215957710803829	-1.1454049322621072	-0.2221336431824877	-0.9195042959951276	-1.200029418377042	-3.949611526749184	-0.927702876426606	-0.5074576778947666	-3.784693158668404	-1.4066026484327283	-1.687964906858488	-0.4243654786231139	-1.6992826979335898	-0.4560057191135648	-0.8040956830848743		-1.1297557123362183	-2.84297382299698	-0.7264950729214855	-0.9553683413328908	-0.5340337919700846	-1.3126038181374855	-1.0703865707662032	-3.0229208277766757	-1.3701414326689727	-0.1528804134335505	-3.0078857385289446	-2.106535117809188	-1.1393830928653317	-1.243162123783724	-2.679438831251485	-1.1090788222357248	-0.3358803169320665	-1.160190192090481	0.1281835492957333	-2.6381701013626824	-2.08633674799864	-1.1454049322621072	-0.1487475421741893	-1.8814307774197236	-0.3243322828368279	-0.0448105832171642	-1.4287807057920143	-0.2188255963763932	-0.1869651275586897	-0.5766055870604275	-0.2221336431824877	-0.3643112489222023	-0.1493283648410807	-1.3317988367377651	-0.3310809506896207	-0.9195042959951276	-1.9421715314019732	-0.6970396210592805	-0.7587015634573454	-1.913906939156623
ENSMUSG00000025175.13	ENSMUSG00000025175	Fn3k	DOWN	0.7287157287157287	0	24	0	4	2	5	0	7	-1.2717088773129968	-0.941255160681563	-1.106643489423548	-0.9868326397196258	-0.46095820641531904	-2.532401173693494	-0.7895822186062664	-1.0929281027568596	-0.2732574324301386	-2.716550060217477	-0.895695467055607	-1.46068185344855	-0.5682193817708971	-1.2522546613405414	-2.7049714623620496	-0.7039659445335377	-1.810384456683744	-0.4305283929330856	-1.1887618011676306	-0.3480942120065575	-0.543879108799507		-0.7336639415692664	-1.874572819301757	-0.4278122548141922	-0.5523941344750549	-0.1707117529403481	-1.3951782037675764	-0.379915046322028	-3.193660091785293	-0.4529988334847429	-1.129542198015966	-2.990960463565583	-0.6665404102995292	-1.3181793953566654	-0.7677211123242361	-0.8114433248882966	-0.93367872200402	0.0568271542601593	-0.3715821538240296	-1.0929281027568596	-2.236180865923375	-1.1073615331819682	-1.2229242546072885	-0.2152705640610691	-1.546252495052267	-0.6990582548251317	-0.3246279044776093	-1.7455734298814043	0.0722420779416589	-0.6014527795164007	-0.2732574324301386	-0.1631806785235866	0.1943770581074764	0.2315141321499625	-2.218435526728963	-3.0504412849961398	-2.716550060217477	-2.6342057491789284	-3.3261734162690244	-0.7874686104577108	-2.993533568006214
ENSMUSG00000078970.6	ENSMUSG00000078970	Dnaaf10	DOWN	0.7278739778739779	0	19	0	5	0	7	0	6	-0.5360753102422973	-0.508653866495845	-0.5440937340595036	-0.7213116475988246	-0.3161831450885077	-0.5627127142223534	-0.4448345183088489	-0.734954132199157	-0.3436629847583383	-0.5724732146828411	-0.770923331484223	-1.0786952417099178	-0.4448345183088489	-0.4830095416999859	-1.6142987626894658	-0.1831205963223168	-0.4445117163088798	-0.2926307448162817	-0.4641938500977187	-0.0042324774171315	-0.2954807453099849	-0.0972497651575972	-0.306792778708651	-1.1395691032806992	-0.4719239605936247	-0.2918550411129902	-0.0560874398317412	-0.6167995561145551	-0.0607735407799407	-0.8479743720612877	-0.1457642942231319	-0.1728994340256838	-1.5637652889406537	-0.6390875412056407	-0.4098073490738743	-0.7855041661460741	-1.008745662185694	-0.6721578876074153	0.1839465132839393	-0.9540962154995944	-0.734954132199157	-0.8518572738758113	-1.9314664770090515	-0.088596060284682	-0.4394630491113888	-0.3436629847583383	-0.4222549055324952	-0.3215849318907047	-0.4155696750562376	-0.0366284344247061	-0.2536918393173902	-0.2320349326102186	-0.3560903682698263	-0.2687954978612554	-0.388237977141024	-0.3561444276493304	-0.4534257817046609	-0.9123118229853308	-0.6914679992157261	-0.7423341581698552	-0.210831595148729	-0.5724732146828411
ENSMUSG00000000056.8	ENSMUSG00000000056	Narf	DOWN	0.7278739778739779	2	19	0	4	1	7	0	7	-0.6078028895288524	-0.6831872888179642	-0.5501028014216496	-0.6918105458932614	-0.23458490763639955	-0.9547133031640994	-0.5351615834017078	-0.8312129942342205	-0.2214559625592461	-1.0119329440720268	-0.4971563853823541	-1.7706279225552952	-0.2119101185141666	-0.4852861431663958	-1.528278229378465	-0.8387800486085484	-0.8140362568806083	-0.2321519667059444	-1.0073288899468391	0.0994214589107527	-0.0758605024806117	1.2159544215171492	-0.7134281461576842	-1.13213623363882	-0.2785648106624299	-0.0787993751637098	0.2634432363717884	-0.6281569130155407	-0.4780105661718878	-0.91489490012224	-0.7886987189697224	-0.0095648965843361	-1.359756115268291	-0.8984976919713956	-0.3294478337884557	-0.5351615834017078	-0.8250605066487797	-1.0406008033729186	-0.0069990899641961	-0.2714542962361292	-0.1698007391686085	-1.2463978853032784	-1.2762080129734787	-0.8312129942342205	-0.2229671158964923	-0.678882101534094	0.2993005641994944	-0.1460712471891063	-0.4703427540662817	0.07710725650631	-0.1949366574463492	-0.2214559625592461	-0.4820776565577249	0.0501908770012904	-0.5902991864581953	-0.291336980871054	-0.7053644632295114	-1.2812457159295387	-1.3417435546989986	-1.0119329440720268	-0.4655799856528477	-1.5857894776947192
ENSMUSG00000052253.7	ENSMUSG00000052253	Zfp622	UP	0.7273929773929774	20	2	6	0	5	2	6	0	0.3854505635587402	0.4254690482522596	0.5145379197129382	0.5433471298218483	0.08545653140699999	0.39846067329317447	0.4764205772201815	0.5653559922873921	0.0406182036958998	0.3745175192843377	0.7748318575115665	1.045825379122094	0.1942041687587375	-0.2558637755232927	1.415607889426522	0.1837374311138485	0.864385525488909	0.41596369583604	0.4769236656518844	-0.0931060512638007	0.3374285743664243	-0.3686421083368811	0.2853731539957921	1.161866007983544	0.2129887705929326	0.5212719446287977	0.3380307416426542	0.8775699970124213	0.2348706052805816	0.7966360450158122	0.4764205772201815	0.2482660093313384	1.3788390768410344	0.3099688831586304	0.5643134225751582	0.5610863185582526	0.9337260262601502	0.7543585626502328	-0.0235862690074875	0.4598875607743533	0.3952321089833305	0.5653559922873921	0.9672833407015284	0.6848986123635883	0.1535621234938855	0.0406182036958998	0.288541754704527	0.0232600012366292	0.569124474802738	-0.1251610363228778	0.3668713802330958	0.3100406634619829	-0.3956286843338659	-0.1983921392648787	-0.0928148962301361	0.5304141674319047	0.3368291432134485	0.4384707740611227	0.8201654204158688	0.2737190309710763	0.0151086576744627	0.3745175192843377
ENSMUSG00000049764.9	ENSMUSG00000049764	Zfp280b	DOWN	0.7273929773929774	1	20	0	6	0	5	0	6	-0.5049540452738028	-0.6031273466567264	-0.6055390033799933	-0.7521165145214871	-0.1334547875710173	-0.5287058756227137	-0.6361331212383776	-0.7235253174165495	-0.0325952593468627	-0.5701215720750752	-0.4345999573789522	-1.0520225422363247	0.1013488245390572	-0.2766098419435315	-1.437346664281651	-0.8679545513700455	-0.996870567494533	-0.1253466033947268	-0.7561050095715609	-0.2717366767414386	-0.0970306299553011	0.3262936221911681	-0.2650821413296505	-1.478439834280782	-0.2572614643004428	-0.4094553915566777	-0.1172973565293473	-0.970942994169852	-1.0739497080479932	-1.1548385276696769	-0.2578564853410269	-0.2328566826305559	-1.0869197217470288	-0.6500972279358106	-0.6361331212383776	-0.905840523768086	-0.964601313076674	-0.75976239440287	-0.3669377553003202	-0.996576770350048	-0.7235253174165495	-0.6742361485746516	-1.2300233081756051	-0.5137539074303649	-0.242922197741325	-0.7859630879553312	0.1407979076312953	-0.2274568014238253	-0.3656063953321906	0.0307101667372158	-0.0325952593468627	-0.3703335808529297	0.2222161074198715	0.1639710149700179	-0.0008205373871267093	-0.2811397960805437	-0.3916898787756956	-0.5852589932441539	-0.5791513333744392	-0.5701215720750752	0.0109171233013575	-1.3044966791104455
ENSMUSG00000066235.8	ENSMUSG00000066235	Pomgnt2	DOWN	0.7273929773929774	1	20	0	6	0	5	0	6	-0.5674410213948528	-0.5584676912889239	-0.6474008514301551	-0.8716592111373288	-0.24707100021066475	-0.5036330228012623	-0.5904848199635822	-0.9084594685336682	-0.2247581087396595	-0.5264505626142658	-0.7663931689099994	-1.1385251971802333	-0.2460526613298804	-0.3758460013015128	-2.1367881410918157	-0.6833703509321609	-0.9458964574805452	-0.2645613527778864	-0.680883516927061	-0.2436563441073822	-0.291333198976814	0.4191341690581999	-0.5904848199635822	-1.143898599338485	-0.4094434863682309	-0.1089852583955411	-0.0737338612547416	-0.7763433084680649	-0.1713966822385211	-1.0970158519691395	-0.3767447312534984	-0.1863543478748353	-1.730751447211999	-0.7884352128572879	-0.756741479174982	-0.4429430238035481	-1.4723786564846388	-1.0134134964094097	-0.1920512874281251	-0.6874405732123186	-0.9081081515525056	-1.2552469182321466	-1.1368945825931274	-0.9084594685336682	-0.0205474200194024	-0.8158190655912457	-0.4395370763636331	-0.4100658364483115	-0.5392385528705748	-0.1246582865846181	-0.2247581087396595	-0.0955502002810248	0.1020553593077856	-0.2548965765812169	0.1052347618545889	-0.3526850853796325	-0.5264505626142658	-0.4217169586176228	-0.5499134006084755	-0.6196562514659921	-0.195762634818896	-0.8592462661039517
ENSMUSG00000034714.10	ENSMUSG00000034714	Ttyh2	DOWN	0.7273929773929774	1	20	0	6	1	5	0	6	-0.900373751527531	-0.8306649446697784	-0.8603578899901722	-1.5214604694963214	-0.23413490419731942	-0.9855417424263112	-0.7062521609500549	-1.236776366140996	-0.2418313584605829	-0.9550777283895018	-1.3283323778816	-1.087988920008517	-0.1418202982726391	-0.3031869692334297	-2.377743148634149	-0.646424569220713	-0.5378818892660439	-0.7962015641425441	-0.4654302030561309	-0.5248292146910634	-0.7062521609500549	0.6357386203586951	-0.5473552315089301	-1.657357834741657	-0.8906669510387422	-0.5838936303554227	0.0053830490520771	-1.2287070523202104	-1.2118405513365271	-1.5834211350464218	-0.2243108909681441	-0.6116753962181299	-1.4414810488106824	-0.5205404359036123	-0.7879628769528526	-1.8874899927560145	-1.7779903558311896	-1.236776366140996	-0.3470852688104273	-2.1950409154787023	-1.9812939256165991	-0.7452631427409376	-3.2551298551486454	-0.8896338125379404	0.1665178192469748	-0.4380611169944707	-0.7322325688504077	-0.2722355853880099	-0.2022893021927363	-0.2418313584605829	-0.2818543291526141	-0.6397816779167048	-0.1539386883429794	-0.2323125078633832	0.4525353697444	-1.3555903428845708	-0.9550777283895018	-0.8005404959781748	-0.2673632234421529	-1.4253343760357893	-0.2508016166189184	-1.8440844136350705
ENSMUSG00000058975.8	ENSMUSG00000058975	Kcnc1	DOWN	0.7273929773929774	1	20	0	5	1	5	0	7	-1.1845408050663642	-0.9373796979219318	-0.8887200833644149	-0.8278035234396495	-0.42053608439004025	-2.6011035290713522	-0.8936903814781468	-0.9810690143657168	-0.2644639468683544	-2.7122298429735485	-0.5282036125287478	-1.4265390868231498	0.387159851766448	-0.4282016985575494	-2.02626090661626	-1.6409818101776092	-1.0716981314561331	-1.1211374273894965	-0.9919678988961051	-0.5488632419116127	-0.2925504594316863		-0.6656212436067823	-1.0907824085485551	-0.025604851684037	-0.7946665940780032	-1.046097215036651	-1.3271351823969908	-1.1716126909426738	-0.7954128640601885	-1.7363240115789549	-0.7119730534989289	-1.266548284151056	-0.6974119969025795	-1.302834359168142	-0.6178061964747942	-0.167646793324546	-1.316445356819639	0.0677709634336798	-0.6571005189097713	-0.5582527319312567	-1.3017351480472878	-0.9810690143657168	-1.0477928574375543	-0.2644639468683544	-1.7491013910065618	-0.2234600603005536	0.4988832536277903	-1.1042323106581176	0.0251475134629882	-0.3801701600443335	-0.089273227206552	-0.6384114091748823	-0.0196284383464143	-0.6811867517754523	-1.937019293962697	-2.544563300699729	-3.502160901388874	-2.7122298429735485	-2.94159480229951	-1.381885366369068	-3.18827119580604
ENSMUSG00000037977.7	ENSMUSG00000037977	6430571L13Rik	DOWN	0.7273929773929774	0	20	0	5	3	5	0	7	-1.6775800131556677	-1.687161934689322	-2.042221950958154	-2.5903298180421745	-0.30024175795754515	-1.777526525664797	-1.5199019940121357	-3.178665547093848	0.0104380991327089	-1.8544218753665087	-2.6904998211243307	-4.224089530505267	-0.4862579948753801	-0.6215921271655118	-5.276151509315072	-1.3109161460258516	-3.11905585475483	-0.4416163087710817	-1.401556400790677	-0.1904297325151988	-0.5034559669076888		-1.2672318620762777	-3.2488623793138918	-0.4271570291306955	-1.1176244201428107	-0.2426892155686969	-2.2694937638882893	-2.585316853023476	-3.9238112422646583	-1.6382475872335944	-0.4207352833209929	-4.223931211655453	-2.207089793400089	-1.116509004367385	-3.243177635482121	-4.900272051292683	-1.2421394475556362	-0.2737750225523905	-3.387800421850206	-3.4382535656269004	-3.178665547093848	-5.373543079516162	-1.23813164210008	0.1171461669659678	-1.2258295770911471	-0.4913271383051258	0.0104380991327089	-1.6920282053387572	0.1337190081271494	-0.6712159953438889	-0.8581029541904693	0.1288899294400052	0.24424303590937	1.0014082931611907	-1.6237616480810708	-2.112232159079585	-1.9783630410258493	-1.8544218753665087	-1.733923674750387	-0.89153882141612	-2.2484444599340576
ENSMUSG00000026083.13	ENSMUSG00000026083	Eif5b	UP	0.7254689754689755	24	0	4	1	8	0	5	0	0.5533478433700549	0.41979002360204815	0.6521002746193105	0.5213341680997768	0.43598080588124444	0.6039761248798877	0.5917720871079145	0.3719097847553851	0.3030427371411726	0.4676702624487112	0.2979319432085219	1.3060667850530463	0.5356498279872346	0.03876515437949	1.1564056316476212	0.7174458293738394	1.1342405650391123	0.5917720871079145	0.9383295466795928	0.2215856957168799	0.4426401120942293	0.3351750712626161	0.2457631058805063	0.920438941805084	0.3079055141809703	0.62340425418052	0.155205974410419	0.940943134140936	0.424881484873462	0.892625114156986	0.7586810808031278	0.2579866153393385	1.595379013856772	0.899255195116706	1.0802103956839797	0.3293700377640187	0.4586493029784588	1.036201185914063	-0.0856341098534315	0.2186507380019517	0.3719097847553851	1.2335288950261802	0.2143056704019615	0.6603770124523276	0.3030427371411726	0.3575643971879102	1.6842550252550823	0.1868880812220525	0.7624292036157222	-0.0304757766588981	0.5387228327580599	0.2539150238273805	0.2329189464273502	0.1842101589799585	0.3223182349378976	0.8520769003251353	1.141190873352835	0.4676702624487112	0.1318908439052988	1.062971317425334	0.3405553996561344	0.2314772770457648
ENSMUSG00000050608.12	ENSMUSG00000050608	Micos10	DOWN	0.7254689754689755	0	24	0	4	0	8	0	5	-0.5944334445457291	-0.5964344757199732	-0.6086304972796586	-0.5582496807125856	-0.48453432232591087	-0.7263192778647616	-0.5851592835996544	-0.4882696905185486	-0.607709667840292	-0.6375327732018041	-0.5851592835996544	-1.183045674717344	-0.449199718994165	-0.9272991857810554	-0.821874666426478	-0.4710691037863636	-0.898852903857955	-0.348478744249882	-0.8728712729938487	-0.1154666828671897	-0.4847004724115275	-0.1708052888373831	-0.6482962381576771	-0.8167956139440483	-0.1602920085757377	-0.4009272460584865	-0.5774239909121541	-0.702036044726014	-0.5717527724014212	-1.127765033745109	-0.6092800168689418	-0.1747066560799932	-1.1865909140607769	-0.6885045406426712	-0.7296383182235562	-0.4352055106814507	-0.2749855229498998	-0.5694795754540792	-0.0284440032924587	-0.2814391843945712	-0.4882696905185486	-1.7351919589627711	-0.0063032240962747	-0.7986201282693958	-0.9111111828149754	-0.607709667840292	-0.5110917920122675	-0.2687404018775984	-0.7811855806920328	-0.0248666029198827	-0.646117514900628	-0.1781522321444173	-0.6231119990233475	-0.0558617727434899	-0.7219287986160877	-0.870312839553668	-0.2960304014787179	-0.9709994608511048	-1.1472540474784076	-0.5847669817924246	-0.5773384406972043	-0.6375327732018041
ENSMUSG00000049323.9	ENSMUSG00000049323	Smcr8	UP	0.7249879749879751	25	0	5	0	6	1	5	0	0.538606616275811	0.49660630500335035	0.881137459522502	0.7269959484058474	0.15762364347635283	0.3886694136985417	0.7300009624939711	0.794499249525646	0.1656706158863276	0.2632116475127297	1.1614073276935195	1.229019308949075	0.3684642165122396	0.7300009624939711	1.9751266108194077	0.552856506070449	1.0480840714006945	0.5977719465810385	0.9389322841156568	0.3431834100753966	0.7899438543692019	0.3318990762564834	0.4246488330405404	1.2180038615577833	0.7706662266944827	0.4763410069925625	0.5152194524755552	1.1863228198275315	0.7074741529254571	0.8023308982596662	0.218893922837061	0.3126219109569574	1.6667351202925924	0.6814823668183976	0.5439225425672598	1.860132564867688	2.339226151656887	0.8292072134668964	0.00031717749265137675	0.8902102802440762	0.7046569012663778	0.794499249525646	1.345799715132954	0.5242811017123296	-0.2399900066154389	-0.1571756923448088	0.4125261998781467	0.1656706158863276	0.5537020710438774	0.1055301367829144	0.4054397870390143	0.2694620504728269	-0.0106042192984248	0.3442312350958305	-0.1149320997003845	0.2632116475127297	1.007971461494614	0.2338518003031358	0.3146223488755995	0.1611670127926052	0.7855046789614446	-0.0456430540503372
ENSMUSG00000017421.19	ENSMUSG00000017421	Zfp207	UP	0.7241462241462241	20	1	4	0	8	0	6	0	0.32126515146664053	0.3101358415593843	0.35544389178666363	0.4275952708556048	0.24805748477118142	0.2539639584531124	0.3590238038481381	0.4923017789730357	0.2612478792706305	0.2210612366424831	0.3590238038481381	0.2953685149724384	0.0298150429214505	0.2655029822689524	1.1984959066094911	0.2603713740454204	0.3912513723621412	0.4128506997998553	0.4990606869269757	0.3825967954300186	0.4469783623683835	-0.3350356763049546	0.1540931619156741	0.6593390709626109	0.1457865207426628	0.270325533862939	0.4348911217074767	0.6250080602829886	0.559748642481603	0.4358629097850166	0.0811855573827212	-0.0490710449053863	0.966651935211918	0.2213303571311426	0.1141110976506668	0.4375223172213065	0.3339199715582674	0.4923017789730357	-0.0714354988615284	0.5657202331587797	0.2065177419811953	0.0937327822209262	1.1073490889977324	0.5989807695190923	0.1885063987528717	0.2612478792706305	0.1996980475684826	0.1390406625724561	0.2889788024626739	0.0784267749197282	0.2958634535301284	0.2393932433316234	0.455373391932346	0.3089261646716481	0.2731775134704065	0.2530677364698971	0.6529065958170744	0.2338091491342	0.0429793075985607	0.1798752281316981	0.2210612366424831	0.1940484553778731
ENSMUSG00000070699.6	ENSMUSG00000070699	Sars2	DOWN	0.7241462241462241	1	20	0	4	0	8	0	6	-0.4497524427170236	-0.4353360316265696	-0.40209538130703965	-0.548854029155858	-0.38634218880988863	-0.46171817159530804	-0.4033987704194584	-0.5788586875232314	-0.3956174513187084	-0.4672732928336808	-0.2959456200106178	-0.681872218028839	-0.3397947577380266	0.1365465094838449	-0.6070273239748117	-0.7077004379205658	-0.7889453620671815	-0.3287033106432025	-0.6058780787506443	-0.2015094406386768	-0.3368935336726555	0.9056054211052488	-0.8307951829121367	-0.6317311007286098	-0.2185482512294368	-0.5266011002548423	-0.4005379773681671	-0.1505560377298907	-0.6867583551291544	-0.817973758670944	-0.5209803760558797	-0.1955012216631663	-0.4033987704194584	-0.5612162583895142	-0.5452049138392064	-0.2657015271233289	-0.2489523109202072	-0.4770089751521588	0.0443842804114938	-0.1730025497620927	-0.6585832918248496	-1.1838663398105007	-0.5788586875232314	-0.8150426404296662	-0.2976870208685154	-0.5478485664395796	-0.692613569932311	-0.1501861680745828	-0.4803345686596688	0.0854100568648831	-0.437978622765816	-0.1376956471309663	-0.8111126872260116	-0.3956174513187084	-0.3840998313574987	-0.7493824872633702	-0.236042528834106	-0.3262250119170887	-0.3286572343449472	-0.6033322078468086	-0.5211144381271543	-0.4672732928336808
ENSMUSG00000028795.16	ENSMUSG00000028795	Ccdc28b	DOWN	0.7241462241462241	0	20	0	4	0	8	0	6	-0.6113383953797842	-0.5377390370164543	-0.5576424441836989	-0.6388121383946637	-0.4116610355810684	-0.8372379633597057	-0.532664620631228	-0.5428134534016807	-0.4222609793315023	-0.8542414087206553	-0.438434001094964	-0.9056980239653556	-0.5872733451395384	-0.3447701584810944	-0.9086920097851936	-0.4565257437013974	-0.9863708074457715	-0.2450223350239635	-0.7030358287596732	-0.0867836297247823	-0.3301573533233225	0.2827925598386613	-0.816974769556962	-0.7527858392885591	-0.532664620631228	-0.1735932940948497	-0.4719135979981301	-0.8119764437203779	-0.2070120761053014	-0.7313441236113684	-0.853118941783997	-0.2111427178996857	-1.2672700362751197	-1.145657998161399	-0.4715673441209098	-0.324756437139772	-0.5745970759658141	-0.7404393596020559	-0.1104870588631032	-0.3199238544261425	-0.3308867464566427	-1.6647677997112131	-0.5428134534016807	-0.7623666963018079	-0.7747692339394637	0.2268633458441969	-0.4222609793315023	-0.3277388961971794	-0.7273158626710002	-0.0606374397776314	-0.509714550285274	-0.224998100020144	-0.8706336721768722	-0.2138932301740579	-0.6231727726628248	-0.8542414087206553	-0.6431975501354369	-1.132543842062089	-0.9831543641811812	-0.7483013398384641	-0.4691889169836505	-1.0300383215964628
ENSMUSG00000025351.15	ENSMUSG00000025351	Cd63	UP	0.7236652236652237	21	1	4	1	6	3	7	0	0.6337844112419531	0.6066453762582162	0.6531012794233563	0.5471400336862882	0.35387303552634713	0.9810232963318207	0.5950153398958188	0.6182754126206136	0.1665244939766368	0.9051470154565364	0.1433803625447069	1.109612550927067	0.7461320792019058	0.2516799585411975	1.163417162817666	0.6813970226889751	1.3088065893324892	0.5202933084325152	1.3409871012225472	0.1070873370056635	0.3541356061985668	-0.2558576456029454	0.7281461082107982	1.0741053231059932	0.5600485324642096	0.3767025521077435	0.2827521951051365	0.5854870421415934	0.164638891528397	1.6197597644474102	0.8293379670531348	0.173344636585585	0.6534411651834594	1.3534666849422117	0.8273863217881031	0.3390305865606682	0.5950153398958188	1.2517895677660105	-0.1456637653460039	0.0635313318617887	0.6182754126206136	1.3408473638220086	0.023800999146192	0.6773993259334078	-0.1376166855659922	1.902738418768792	0.2625454211144591	-0.0382949848159921	1.2369286867689293	-0.1585936224781648	0.7410882229516983	0.2897933094743571	-0.2846070895432965	0.1665244939766368	-0.0879027798616083	0.9051470154565364	1.674892514824037	0.6110139951343058	1.1011309846800583	1.435695245359711	0.4487219122251898	0.6905614066429068
ENSMUSG00000040287.10	ENSMUSG00000040287	Stac3	DOWN	0.7236652236652237	0	21	0	4	0	6	0	7	-0.6802950258555698	-0.7308428844901059	-0.8361425256754225	-0.8502092488897838	-0.308631931889738	-0.726196396967335	-0.8685623848126658	-0.778319686493134	-0.2351131568083478	-0.6833660824870779	-0.7434243258086769	-2.024106865993268	-0.1552453171133775	-0.5747747519185014	-1.5264605983114312	-0.9815757477651584	-1.5377986131160022	-0.0149655831327178	-1.302772954253465	-0.0168312296574672	-0.2164895583383101	0.2777102174922624	-0.8685623848126658	-1.578681564540938	-0.4959598148155654	-0.4588590459024871	-0.0507989243071269	-0.9606916817593288	-1.324847050155401	-1.634530890235678	-1.2522986124345326	-0.0327868458322706	-0.93227716925297	-1.3000255770444982	-0.7851569444420553	-0.8287378998705338	-1.2548984599142432	-1.1513060530157946	-0.017694307209317	-0.5941744944854314	-0.4948418447486019	-1.819456564897184	-1.0956717913790228	-0.778319686493134	-0.2864510471007193	-0.7599086105364045	-0.2200995675606129	-0.2245569624028111	-0.8269444738548709	-0.0556060214417081	-0.2351131568083478	-0.126733134578034	-0.2811720191371574	-0.0489447045386507	-0.3294215528278011	-0.4830025524590349	-0.5311833761426273	-0.9207172689695032	-0.6833660824870779	-0.9435141246337644	-0.292202673633009	-1.2293887004463275
ENSMUSG00000037887.12	ENSMUSG00000037887	Dusp8	DOWN	0.7233044733044733	2	15	0	4	0	10	0	6	-0.7660360832583615	-0.9109064793396668	-0.36139925741598283	-0.762653427081184	-0.9330401492278809	-1.007051499308398	-0.4686243034046834	-0.7796284948509585	-1.0421844638283753	-1.1430431539918149	0.0700260560127511	0.2630602547208461	0.1716277357436077	-0.0506369745627399	-0.9876083368850784	-0.1426232275794325	0.262444731647049	-0.5583596672229328	0.043749891542247	-0.7370514294160544	-0.5291890332516795	-1.1109617929712976	-0.1891246337576511	-0.6144237575942587	-0.6186848597392107	-0.6056036965708473	-0.8305728573528711	-0.8802200285320562	-0.4686243034046834	-0.4347418206880399	-0.0596920976878097	-0.5506896236506105	-0.7315988306179163	-0.2432096787895476	-0.9856634789662984	0.53657013498711	0.2240213743558675	-1.0885891813749602	-0.021609383377521	-0.653231666045721	-1.5181918077062222	-0.282826513776788	-0.994496942436117	-0.7796284948509585	-1.0421844638283753	-1.1256607012446678	-1.3129294674030274	-0.2177531118635036	-1.1305763951347854	-0.3798653636649399	-1.231018889266227	-0.5588420722525964	-1.529677096170282	-0.8003849606169594	-0.9345491200613256	-1.1430431539918149	-1.165035721268154	-1.4879407857857143	-0.5825253414142816	-1.0190879411376423	-0.310136824356201	-1.3415907272049783
ENSMUSG00000024726.11	ENSMUSG00000024726	Carnmt1	DOWN	0.7223424723424724	0	17	0	6	2	6	0	6	-0.6077502127975566	-0.6215566873147158	-0.44656754429518497	-0.7348110594096325	-0.04244886372777923	-1.2071733837576297	-0.3577942334374853	-0.8853191411919464	-0.145498105361211	-1.330107498346189	-0.7078858824222154	-1.056177442861386	-0.1298782527661394	-0.053804379978781	-0.3442025349218213	-0.4533773357981335	-0.3149201658385744	0.0037485698485257	-0.5305543649148622	0.063905396572888	-0.2978439508783961	-0.3167596725054137	-0.5353360302842519	-0.8941207266801636	-0.5844396061079068	-0.0266064683814206	-0.1036445997600327	-0.2837440998500161	-0.8927028690643289	-0.8875903674518865	-0.3351300596374902	-0.3577942334374853	-0.6366434251711701	-0.5522429199325702	-0.1455925106353293	-0.7121364417733272	-0.971849321338306	-0.8853191411919464	-0.2320384528352427	-0.3512571365084075	-0.9882950512189688	-0.618677079990567	-1.1375359612956593	-0.9305545928266362	0.0962376646670264	-0.6657196831772947	0.8540246691224835	-0.3254708433516041	-0.5232285347564868	-0.145498105361211	0.055438698386111	-0.2901322840192471	0.2775583311220843	-0.4822103062250559	0.6820628925876228	-1.330107498346189	-0.7363350453636357	-1.5832417667184011	-2.103823639458963	-0.5570587531333178	-0.0777524862665388	-2.061894497016364
ENSMUSG00000027858.14	ENSMUSG00000027858	Tspan2	DOWN	0.7223424723424724	0	17	0	6	1	6	0	6	-0.7373611100848207	-0.6991124905309498	-0.6528224567278391	-1.231863970719769	-0.2627617937790535	-0.8019962191126214	-0.6269127775473412	-1.0493410310016331	-0.300868437232279	-0.7713122035145585	-1.1160075285356406	-1.0726385444567297	-0.5419424460086926	0.1674385225065776	-2.1783549623164817	-0.3743098809649932	-1.100308161665153	-0.267793527769074	-0.7764420430683973	0.1305634478395266	-0.6179884066500928	0.7777949449449268	-0.19246362966793	-1.4326571740971188	-0.9495177171908082	-0.8926930448812587	-0.0976855429589615	-1.246848966779716	0.1839837683388807	-0.9649548418831996	-0.6269127775473412	0.1867071933347222	-1.4349484408475826	-1.3724992449841389	-0.8895503636226096	-0.4132725786252931	-0.512904384095077	-1.101102374307789	-0.7846560941468614	-2.1184942432634406	-0.932054198017752	-0.9975796876954772	-1.4572972268872924		-0.3076603712212265	0.4749908775323128	0.3683430190024344	-0.1712875372962294	-0.918918366299658	-0.5448480428979173	-0.0594396801864036	-0.5493535989304211	-0.7170516596147384	-0.1642859344254625	-0.300868437232279	-1.285621074010808	-0.4999692002475999	-0.7485453215794007	-0.7713122035145585	-1.1644019311169225	-0.0215279255496477	-1.1225958777694127
ENSMUSG00000032192.10	ENSMUSG00000032192	Gnb5	DOWN	0.7212602212602213	0	26	1	4	0	7	1	5	-0.5935505857909212	-0.5540726103228828	-1.0190349674899588	-0.7932235735678634	-0.35877534693096175	-0.20316845517490115	-0.9837885721678972	-0.7482084148392765	-0.359936805806489	-0.3453090315375424	-1.251905780673831	-1.1332043711117796	-0.3530669962596358	-0.724749665738448	-1.896280874979077	-0.9911267003367306	-1.4726541119696923	-0.6915332068742674	-0.9837885721678972	-0.3164081367725753	-0.8600567511393502	-0.0133382362993059	-0.7597038362534881	-1.2981928344249818	-0.5899339670794214	-1.0593405128730775	-0.6684430560825305	-1.6842855697052808	-1.2120850318683434	-1.6985084441128455	-0.998574342872023	-0.3786413204039147	-2.6333578263430115	-1.2813264129794266	-0.8370845904351681	-0.9383061184330348	-0.7880468540397503	-0.7482084148392765	0.2260294284770746	-0.5107034458751093	-0.8291629226543835	-1.4058360493075963	-1.6583256511699294	-0.6263579596058236	-0.3885946665718031	-0.5324695667518161	-0.947384884491941	-0.359936805806489	-0.580107248822219	-0.015218804320703	-0.4530798033726085	-0.2712944098343886	-0.1531521702145444	-0.2178731918181506	-0.0274172642359156	-0.3453090315375424	-0.0841437139903714	-0.1722498894709421	-0.472481750184446	-0.434531126918413	-0.494242693852855	0.5807790197302618
ENSMUSG00000027597.16	ENSMUSG00000027597	Ahcy	UP	0.721019721019721	13	2	7	0	6	0	6	0	0.921993652106647	0.7911022764940421	0.7940091656421348	1.6227971664042873	0.40295864238223866	0.8682096339979272	0.7230256609613954	1.9787655922044485	0.4015154664637402	0.8591788920266887	-0.0272497865462159	2.2492808562139883	0.2856372409112657	0.0209998057607464	2.2409467664261364	1.3188424641940752	2.481232441703896	0.8070945920999861	1.7872742531526622	0.0962494615098535	0.1984149926809582	-0.5127220533401267	1.7674585429447025	1.6699642409746194	-0.1826706395656727	3.6427104612564127	0.7230256609613954	1.5679918044517314	1.401672374446886	-0.1524439718846698	0.0964720962978427	-0.0613744588310443	1.5002872747571316	-0.5826686750921264	1.1175468421214163	-1.274309618247938	-0.7414154970202752	2.6338798330206785	0.1444200560981472	0.8951591499120791	2.0829623916094326	2.6633145361787847	0.96107860580644	1.9787655922044485	0.5662950955594924	0.2448708921890789	0.4015154664637402	-0.0754854742492851	0.916765547678936	-0.102154147483581	0.4459634701462651	0.5232133922449668	0.2919355387493014	0.1151012608629786	1.1045240240427328	0.6444257539484876	1.16162713578687	0.8591788920266887	0.8055894537922969	1.0845747794043934	0.57934806530816	0.9427233577185932
ENSMUSG00000012848.16	ENSMUSG00000012848	Rps5	UP	0.7199374699374699	22	1	4	1	7	1	6	0	0.39295939321316964	0.45295806780657955	0.4611889955422357	0.3829847424914269	0.20112258476128744	0.5265412500577284	0.5157199343865934	0.3901962012265657	0.2437090506273709	0.6613683542000003	0.2919863136896854	0.6390526628992477	0.6253165869385604	-0.2086448548955881	0.596157645326236	0.7100137532710491	0.8451338241867804	0.3188110879428377	0.8395962344702613	0.00010297134082139438	0.3785344765302555	-0.4570974926875343	0.4118039344114351	0.939941861018596	0.3792299028378079	0.5157199343865934	0.5323298972788832	0.4733497949137315	0.3122223994892533	0.5999690867814118	0.656291720961796	-0.0075855860085601	0.3356256319263532	1.132542759873054	0.5821826515566826	0.3696010898858033	0.6399145913149104	0.8942017466129498	-0.140022963017886	0.188884318037777	0.3901962012265657	0.4341334250374538	0.6086486960351294	0.3048517735079984	0.1352293341951082	0.4901241664773205	-0.2733863637759077	0.2535462516512674	0.5267614355694736	0.0394016788268389	0.1115065119408724	0.2908624051961083	0.3094594415298889	0.2437090506273709	0.0851345201358206	0.6029667328521364	0.6613683542000003	0.559481513428766	0.959252135884212	0.6964986942686564	-0.4662475822162548	0.6724689019865828
ENSMUSG00000068686.14	ENSMUSG00000068686	Cd59b	DOWN	0.7199374699374699	1	22	0	4	0	7	0	6	-0.98074418709084	-0.8169490912918524	-1.1346951976225543	-0.6518293061957167	-0.6451728858295479	-1.4912793587155408	-1.1502415059068887	-0.4836566766768161	-0.4751049385550809	-1.5749637636732958	-0.4093502593197957	-1.8229361685419043	-1.49221060989936	-0.626618313744768	-1.8230273528953944	-0.9067939699477264	-1.6459914612602848	-0.5952400483531199	-1.6716648532959295	-0.2732668323182844	-1.085041197466924		0.9187685752269744	-1.7530286419137189	-0.3544935366578777	-0.8201632384447907	-0.6151498686673232	-1.265335908968103	-0.3606670013788355	-2.107897778903918	-1.314326340645541	-0.7213835204648827	-1.9030059267877388	-2.904367392006406	-1.6484004797169782	-1.132236398336228	-1.168246613477549	-1.1708896222099507	-0.2872110703115719	-0.1950853551806358	-1.011712543137786	-1.5162971246383885	0.1020472487851327	-0.4836566766768161	-0.4284216524580964	-1.0981562971480836	-1.2026834193040636	-0.8088152661182575	-1.533315975631092	-0.433013931103306	-1.0671009801387572	-0.1343491189166338	-0.0884561293980385	-0.4751049385550809	0.172515964646383	-0.9006550249090085	-1.4658035116451358	-1.8881976310200468	-1.5749637636732958	-2.170930816321743	-0.5946111682934868	-1.84379359514607
ENSMUSG00000028124.17	ENSMUSG00000028124	Gclm	UP	0.7194564694564695	23	0	6	0	5	0	5	1	0.7081064295904133	0.6223523870776615	0.8913327135524166	1.260125538408548	0.3819720005035807	0.29899546589710774	0.8615274576052736	1.314262828429864	0.3360509072379634	0.3831773165500494	0.705117660246314	1.664487497729353	0.193877959336945	0.3312020598713956	2.3788511542341784	0.9675069216341824	1.462427999207121	1.1700585640776688	0.9366029460174924	0.2628702283850898	0.4128557164450054	0.0836556867436094	0.8615274576052736	1.7731999125651774	0.5952430488350613	0.4486824524616873	0.4178028704306469	1.6218131086910483	1.3181905070645423	1.529437343470896	0.7592735526811573	-0.5736953198371725	1.6947360580981248	0.5514435215059562	0.7061966460545832	0.8865035405499838	0.9061141718099333	1.314262828429864	0.0205253943510051	1.1613064238270343	0.6347250727941491	1.9604042258079128	1.9976455576495065	1.7320092660003634	0.5256604563728697	0.886158260090838	0.3830848086304909	0.0200266668503349	0.3314078104571515	-0.196503362683264	0.3360509072379634	0.1967663235861644	1.043516193553521	-0.1173070156203423	0.79283095706366	0.5026297383647874	0.7056033313847402	0.2160409743591931	0.4440008117852597	0.1006470380650942	0.3831773165500494	-0.2591309492293697
ENSMUSG00000024065.9	ENSMUSG00000024065	Ehd3	UP	0.7194564694564695	23	0	5	0	5	2	6	0	0.6691839755349005	0.587215401769601	0.9398377053815637	0.8332645320315945	0.29249972550898734	0.6111339392174562	0.8709120969826487	0.6810098618512884	0.2600308155387589	0.4934209416879134	-0.0751826030490577	1.9794700423866511	0.2745429005899556	0.7125495377487329	0.7329635113541259	1.508720664405399	1.6243243628633597	0.3396127769147804	1.2558829470161572	0.5172056002370072	0.5358654453469641	1.0338656352245403	1.370253571423477	1.4225355600490466	0.8610120946305221	0.7055236049290347	0.7388296041860877	1.5997356085835095	1.0816859808406696	1.750586723718507	1.100344770366082	0.1193598323909858	1.2265514956268184	1.1427554413663294	0.2744501586106095	0.6712606805592797	0.8709120969826487	1.5879281338825282	0.2134538093692013	0.4086913403100286	0.6810098618512884	1.6311948163836694	0.5784595638035379	0.7321141986209071	0.8218952103607864	-0.5122230240870795	-0.3323522403600796	0.3137917292542133	0.5782304779747578	-0.0143192089277123	0.2600308155387589	-0.0965271996384812	0.9854002704729852	0.0106548933512016	1.2029152566595105	0.679056871068139	0.4934209416879134	0.3801212638879538	0.9344657607936268	0.2461194675348942	1.2452237051113606	0.2995295644383051
ENSMUSG00000021832.9	ENSMUSG00000021832	Psmc6	UP	0.7194564694564695	23	0	6	0	5	2	5	0	0.5784809540017105	0.5853108521562003	0.5756967277476135	0.6392282446497408	0.358919661022857	0.7400791825866307	0.5181001816149557	0.804774536052285	0.1409305876077001	0.6525215226974447	0.3450703683102917	0.744377248197918	0.1658998846568549	0.6443021240344682	1.904118279535456	0.6192568734085138	0.8843080150237492	0.5785229398845264	0.5181001816149557	0.1948674652759011	0.4401303854658389	-0.0517339566846515	-0.0822228616918511	1.0254429927426811	0.0110051626035774	0.3546317870593166	0.3992951087683011	1.1643852676724835	0.4970164882418893	1.0792897534745154	0.3970328097359289	0.0299772396197883	1.3974114823343902	0.5347907774071672	0.7707073377626192	0.4489150388264915	0.5289134559044426	0.9013976704495924	0.2122717919129184	0.3749289576897094	-0.0104815224259105	1.0343094826147712	0.804774536052285	1.1573967962548202	-0.139827940745069	0.9629970369730196	1.6237578348467816	0.0840039535302105	0.8016332482884115	0.019839079868483	0.407519111436635	0.2713043079721937	0.1409305876077001	-0.0149364610071881	-0.2091044875197512	1.100391471960818	1.3918720786907193	0.6525215226974447	0.1661872546724236	1.1917573886900978	0.0700838423323927	0.6077407190625197
ENSMUSG00000040463.17	ENSMUSG00000040463	Mybbp1a	UP	0.7194564694564695	23	1	6	0	5	0	5	0	0.5700720811825992	0.500504477004474	0.7909362030147148	0.7296574425019992	0.2235161898897015	0.5361784893239814	0.7593980629727882	0.6528204747154639	0.140783773708391	0.3481884792934842	0.6141428675507559	1.6996672104934116	0.2804411629502481	0.7560273690860022	1.8008126168266587	0.6220452495794028	1.5670804722373757	0.4605045809335538	0.9250017888920512	0.1357922153258535	0.3920768239907571	-0.0688436952393197	0.2009375623844549	1.3145734495235994	0.2249033728206878	0.8480051740658517	0.0123883907441572	1.3536156686704333	0.7703791541319569	1.107391411298639	0.8826467536732234	0.3177867291922122	1.6512766220963475	0.9972432525626752	0.9899769107319758	0.7593980629727882	0.7400063039015459	1.1449359022904717	0.1445170786052321	0.4991370410518913	0.7226955337894749	1.514690676061877	0.6528204747154639	0.428805390999584	0.2402605980643849	0.0147183813832271	0.140783773708391	0.1230436310020353	1.3207984999770537	-0.0490033398430314	0.3752225499917299	0.2356587879936448	0.1033805853033936	-0.2715689926375016	0.2253836138433894	0.2558263408595363	1.2153570918718846	0.3481884792934842	0.2459105438381639	0.8445127511108208	0.7631479566738665	0.0803062616201138
ENSMUSG00000026615.15	ENSMUSG00000026615	Eprs1	UP	0.7194564694564695	23	1	5	0	5	0	6	0	0.5115892978538026	0.4154176825478121	0.7335932014998209	0.4991313630208643	0.3058008149033799	0.5078318119911452	0.6868610167719709	0.3600521629021819	0.0917006024697738	0.4707832021934422	0.5648523780514749	1.5809577981793057	0.318183715929183	0.4538807361775899	1.305148579574958	0.8122091180896305	1.6532176522226951	0.5180534713290034	0.8708306558816963	0.0995239172169021	0.4547850967165404	-0.3433579884222948	0.204431892001381	0.9303545470752286	0.2788780173468205	0.5866411445627208	0.4314098700152788	1.1258741818710458	0.5155534649252278	1.2324825907671304	0.6868610167719709	0.1482572373615586	1.384276380116594	1.1242458059407174	1.03534233875134	0.7446432822784786	1.089479539762987	0.6377132290318642	0.2537841969484993	0.3600521629021819	0.0990287683930186	1.430283969331143	0.3510994140935856	0.3619578004457575	-0.0402221959049322	0.7024607523926671	0.9440453253033572	-0.0692501184085878	1.2599483078347344	-0.0672962753990147	0.2403977560398319	0.1991386281466715	0.0719293547910217	0.0309568266716564	0.0917006024697738	0.5213134851527788	0.8706014683228527	0.4244719480081574	0.207788706567848	0.971955338883824	0.4707832021934422	0.087908534809114
ENSMUSG00000034243.18	ENSMUSG00000034243	Golgb1	UP	0.7194564694564695	23	0	6	0	5	0	5	0	0.4797945131896426	0.5022399602442005	0.6412223751596996	0.658500279064404	0.20492261823444896	0.41453278030001794	0.5177133662585759	0.7244462287588724	0.1022521104524114	0.4867665542298252	0.5716155179306311	1.1812730915715244	0.0871805368919627	0.4803624876028572	1.260240039247801	0.3888185658814544	1.5281183596514	0.458542789122795	0.3845048981615778	0.2036382632266691	0.3186123462207578	0.5491594403757116	0.3962334908955581	0.9660547601998128	0.1737054773686407	0.3949587585439367	0.0452551447063232	1.1272485712993747	0.484768155514609	1.1212196193882735	0.6398836792799548	0.2415574018303311	1.838608926573985	0.5702097437419479	0.6545135994817851	0.5177133662585759	0.7290070983436374	0.950218431584546	0.2300028449687493	0.7279042192690629	0.4962156990809204	0.7244462287588724	1.3687772971924783	0.1119372325961986	0.1533346144199104	-0.2448658748348542	0.5477896563654728	-0.0732719693475028	1.0385230215334482	0.0365356336847052	0.5141142706046556	0.1923592780180209	-0.1008667374320321	0.1022521104524114	0.0882447971147034	0.357545189770086	0.7804730462044552	0.4867665542298252	0.1748998384534243	0.5202193245872483	0.5488004310423816	0.0330250778127051
ENSMUSG00000033544.7	ENSMUSG00000033544	Angptl1	DOWN	0.7194564694564695	0	23	0	5	0	5	1	6	-0.9788332153783363	-0.9612468432091728	-1.4019214614117377	-1.6903600071177112	-0.2706892414210575	-0.552362151562839	-1.2226336342302788	-2.1399438989450146	-0.3428339707800805	-0.6998600521880668	-0.5714425525421881	-1.3016881063150167	-0.9666952970026264	-0.6569555519478557	-4.464396954809574	-0.5703272428180189	-1.2201917195156056	-1.9516067618347503	-1.4432111485433854	-1.0532638160723038	-0.704990815523714		0.1179402264086675	-2.557035873777477	-1.958992208806272	-1.3696532514598925	-1.0612410144068036	-2.7821117569532583	-1.0653680345261247	-0.3398726647232557	-2.394617215347264	-0.356257017037829	-2.5505161924893818	-1.569533845427877	-1.225075548944952	-0.8534735880465437	-1.5793800442418833	-2.1399438989450146	0.2305265514988022	-2.5109697583109813	-2.4039563041083905	-2.431104232998694	-1.8928552383954775	-0.6842171685642223	-0.5435602174606906	0.5922370524687517	0.077115322353618	-0.3428339707800805	-0.8649838045926246	-0.4890146734918941	-0.5580165978033365	-0.2166030742064611	0.0533431268736818	-0.0005366646758809162	-0.6847281543167157	-0.8755474478616011	-0.4538471710154788	-0.6193835345830091	-1.313203376275467	-0.8263794694041579	-0.6998600521880668	0.9216859903879072
ENSMUSG00000025425.19	ENSMUSG00000025425	St8sia5	DOWN	0.7194564694564695	1	23	0	4	0	5	0	7	-1.1416706287828817	-0.9410429009653755	-0.8221748461453797	-1.2602207231684177	-0.36555216043344224	-2.118734785384287	-0.6990201153763853	-1.1830656865543656	-0.4433456483274797	-2.152391907583081	-0.8006490911262191	-1.178537632114825	0.598471657431092	-0.577457192148003	-2.41345613450598	-0.777552626943475	-1.5960278131300143	-0.7435758809849484	-1.008688581515651	-0.4832544252876397	-0.4572187379524765		-0.8443387496285026	-1.2973129209273488	-0.3172183926299134	-0.44500336548926	-0.4569628596599538	-0.8472145922104515	-1.019291793333078	-2.0124884854868954	-0.4248119256298412	-0.3724141573941725	-1.7869792020095765	-0.2896114784706889	-0.5411237568479873	-0.6544643497678223	-0.6293635120162401	-1.1830656865543656	0.0856061433137116	-1.011965019044479	-2.227300699745184	-1.498925684461366	-1.9551686946995293	-1.0307254209877108	-0.7846106707089033	-0.4434125007518643	-0.5371072940062074	-0.0308350648642543	-0.7592696620462996	0.1063133732873979	-0.1035141654021239	-0.077008517041923	-0.4433456483274797	-0.1146808005948516	-0.833602814311355	-2.195593086378396	-1.781748383329152	-2.6706288173783705	-2.152391907583081	-2.126034378420264	-0.6556829872835027	-3.2490639373172416
ENSMUSG00000051373.6	ENSMUSG00000051373	Plpp7	DOWN	0.7194564694564695	0	23	0	4	1	5	0	7	-1.1763477499045707	-1.1922045141484792	-1.1503709280516108	-1.2450854801714892	-0.37619623657963946	-1.9337383548155433	-1.1856191318835023	-1.1987898964134562	-0.3182303616720575	-1.955189432274002	-1.3155487897539364	-2.1293598370505435	-0.0765549452950441	-0.7434504397906275	-2.094816773262623	-1.1654114599756615	-1.4916745510492233	-0.3738185428978893	-1.3661945855066904	-0.3075771800679435	-0.5640258196659107	-0.515191493920896	-0.6457576051662847	-1.775994804918579	-0.862883237691756	-0.6038034466547921	-0.536238425401329	-1.1695559891144458	-2.0513201116611324	-1.4550761326351345	-1.2155060827693185	-0.4196711778280065	-1.8482944165681567	-1.458117975670838	-1.1856191318835023	-1.4114427205158369	-2.27710938067739	-1.1987898964134562	0.0465157182575248	-0.9564131806291436	-1.5860770897956509	-1.6524930837735794	-2.411233639314521	-0.9571071895315988	-0.3182303616720575	-1.1526923420523512	-0.4891229104773503	-0.4310711894444465	-1.2964086397366936	-0.0445831916653701	-0.2811702867075719	-0.1436319799827297	-0.363848579195605	-0.0072933141021823	0.3898941926603242	-1.8161539988357775	-2.23042628041221	-2.23792966839145	-1.955189432274002	-1.8225699394205213	-0.8759561034144702	-2.597943060960372
ENSMUSG00000024168.9	ENSMUSG00000024168	Tmem204	DOWN	0.7190957190957191	0	17	0	5	0	9	0	5	-0.690062668605407	-0.7602719888381784	-0.6703355680830412	-0.7249988811717587	-0.7127284069524659	-0.652187818214362	-0.5944791241072972	-0.7781755742375567	-0.8920379629150252	-0.7423684034388001	-1.3756262038597096	-0.528138230399772	-0.1927599118396904	-0.2128310202830469	-1.7288474634555513	-0.814974400218661	-0.950919275012093	-0.7195444057646259	-0.5767833424654907	-0.0107722807904319	-0.4027582164881078		-0.2953421504013809	-1.0024222027292768	-0.125445749559782	-0.8770265911502144	-0.2908446028894916	-1.5702635508924652	0.2509574561963482	-0.7293020127930906	-0.2347853621301126	-0.1161913388638121	-1.396827027955985	-0.6121749057491037	-1.6286733937452906	-0.0560330920229159	-1.230395494895318	-1.1186369365714786	-0.381274835741186	-1.5972528872017775	-0.3162278817399054	-0.7781755742375567	-0.8898055504576486	0.0063814977472416	-0.9231252421419672	-0.1739379893408734	-1.1383065838009845	0.1059965879613072	-1.098079630515158	-0.392028299564753	-1.1085699475579656	-0.74263569612606	-0.8920379629150252	-0.3712080890091213	-1.1060796234665238	-0.8048419224912301	-0.7423684034388001	-0.5022885444198405	-0.8807705854609938	-1.0864998293105317	-0.1408317528967144	-0.4077136894824235
ENSMUSG00000029683.8	ENSMUSG00000029683	Lmod2	UP	0.7181337181337182	19	0	6	0	5	3	6	0	1.292892281757676	1.5682737979286356	1.3447480390662068	1.6573634657566634	0.19741386639112415	1.9720437558167103	1.3129706158886192	1.8235769799686523	0.1484095625609609	2.086325355938012	1.5267460318691186	1.5048106310164509	0.6353101616672462	0.6388721966378673	2.11129087925433	1.2389295311137802	2.4701642249103606	1.1481583715190182	2.186442368007477	0.7131403261058396	0.9511008682162474		0.617061548488981	2.021215022363592	0.2993546418448699	0.9150103765098944	0.2618708471131298	1.3982960095835852	1.3929525776813998	1.6431601987733142	0.9075177076341824	1.3870117006634584	2.318859443119378	2.352341157892302	1.096507603251134	2.268590252705368	0.958734337779047	2.4878627907068704	1.0618835190775375	0.4337060981242384	1.8753521635295496	1.8235769799686523	1.685630775686643	2.2335319332031527	0.1837547375917431	1.5925306437068325	0.1484095625609609	0.8855916965302262	0.8688691015605915	0.7440151470937225	-0.8068059824508241	-0.1486784845926689	-0.7083749075602155	-0.0231806541512614	-0.5645783299867404	2.443239466492202	2.352456414224237	1.4252481320252977	1.240846071201415	2.086325355938012	0.1371871096477439	4.119003741188068
ENSMUSG00000038403.11	ENSMUSG00000038403	Hjv	DOWN	0.7181337181337182	0	19	0	5	1	5	0	7	-0.6145437478928124	-0.5984278192343084	-0.7479344402664321	-0.8056411150067929	-0.26014831739180105	-0.6444511189062234	-0.6840472950669423	-0.6459335609902328	-0.1944981248078091	-0.5509220774783842	-0.7363626578251965	-2.04683588371482	-0.4194161653701977	-0.2548273104194701	-1.494417622206947	-0.7252444095744587	-0.942794777363932	-0.0359689605863748	-0.9804236587434348	-0.0858298354478928	-0.2957494528200137		-0.5653687095732886	-1.2290355523029224	-0.2511673646270162	-0.0958957576908021	-0.1010166921891963	-0.5212914779162119	-0.9804485932327162	-1.749619335014437	-0.4077923768522523	-0.1562973447312991	-1.5077048071846284	-1.379764264435788	-0.642850180559426	-0.7920096146469496	-1.0481626418975614	-0.6459335609902328	-0.1462292263093462	-0.4929124690188954	-0.4741689022124498	-1.4565708707697371	-1.2634951797035427	-1.1601775960433462	-0.4474023041165856	-0.5341739723591878	-0.5791400241561183	-0.2678038391983795	-0.7371848341826682	-0.0529711212768609	-0.0869844884788894	-0.0458520348349545	-0.1944981248078091	-0.0018368773761522	0.086216129477794	-1.0619845363301688	-0.5333346203100603	-0.5509220774783842	-0.2677204511312152	-0.5680991471821335	-0.3154032297064137	-1.213693770205188
ENSMUSG00000033174.18	ENSMUSG00000033174	Mgll	DOWN	0.7177729677729678	3	13	0	5	0	9	0	6	-0.5119882883139444	-0.45118249327022	-0.296007147614843	-0.7244707499547788	-0.5275417743716883	-0.49993348131446735	-0.3815560339254851	-0.4288063134411276	-0.4735586730993123	-0.5277347830964422	-0.0738639792433457	-0.4798488669300059	-0.4482719423388076	0.1448186878990313	-1.3125810144502867	-0.1721620548329072	-0.8567551253068751	-0.1553216367861048	-0.7722843552440373	0.187813888974396	-0.2703544242752116		-0.4702128586627606	-0.4789658689678339	0.1475792065112621	-0.7346180001731203	0.5422755303728403	-0.3148401255121626	0.556944722185002	-0.5666731823954257	-0.5821043897395474	0.8579126976372562	-0.511172588280885	-0.6253896506557854	-1.0802560845090323	-0.0255534495754487	-0.2023009736861224	-0.3802600626002101	-0.4288063134411276	-1.2037009956202722	-1.823123826124847	-0.3451966488741825	-0.7152025631404101	-0.1750048398824009	-1.012602508948942	0.303011812104962	-0.4591337587772096	-0.2726354169791654	-0.73198380469562	0.146120425686162	-0.6151467838712219	-0.4735586730993123	-1.0848344735626998	-0.3801500060891709	-1.2220463298563535	-0.7894173055687201	-0.3465063685724324	-0.7923045811189857	-0.048979875205843	-0.7263290533977279	-0.5277347830964422	-0.2682624022411206
ENSMUSG00000023909.5	ENSMUSG00000023909	Paqr4	DOWN	0.7172919672919673	1	14	0	5	1	7	0	7	-0.6384082806102729	-0.6267942170411462	-0.5112033658593615	-0.8110728470674172	-0.3959160823064119	-0.8354408272079009	-0.4783484298349746	-0.9023791425961613	-0.3873894093777213	-0.775240004247318	-0.762701740271434	-0.4783484298349746	-0.2610351620639152	-0.3224902037064784	-2.152941752708422	-0.2792326910977829	-0.9874135393417438	-0.5083037322734651	-0.5241715412904794	-0.0200448814631448	-0.5364902834632704	0.6771518989681865	-0.2645269647574703	-0.882249094711465	-0.0342571763489441	-0.2888039364385114	-0.2202401639609655	-0.9023406972086244	-0.375202273793043	-0.5779982683348274	-0.328715538131191	0.0628988175212502	-1.351537501916296	-0.8009687215901719	-0.8988625615122465	-0.0169600878008814	-0.7667046506724498	-0.9023791425961613	0.043394708776831	-0.9080632465821388	-1.91408146054464	-1.3182484526928673	-0.708352540035104	0.0302202042021602	-0.5943751587017653	0.5904422984413918	-0.9142907117351322	0.2073634555126615	-1.284773634005103	0.230857621815079	-0.8606023425492917	-0.3873894093777213	-1.0173439727492757	-0.0810027052349082	-0.2439623467864663	-1.1603826033674027	-0.599757117579065	-0.9437966747355948	-0.3928867389733902	-1.2709414453813792	-0.7050812061711562	-0.775240004247318
ENSMUSG00000000826.17	ENSMUSG00000000826	Dnajc5	UP	0.7168109668109668	15	0	6	0	5	1	7	0	0.2974152612558226	0.2763830268220148	0.26358147952977046	0.3284478926417548	0.06902311787189078	0.5286085549798744	0.2454780921107977	0.3072879615332319	0.0737650567511957	0.4762803279359056	0.2816122675108219	0.5335696702975078	0.3040758660369049	0.1029587283584044	0.7850699513936622	0.2454780921107977	0.13808897401957	0.0246840672090256	0.4169842602273292	-0.0370568289904886	0.1718295881809921	0.4076463115385323	0.1589320734666157	0.516395263093188	0.335455043244482	-0.0869815464255011	0.1293310004754125	0.1696225927896973	-0.1609725397356761	0.3638665486107542	0.1188858979109036	-0.0443264512089886	0.5369200336708468	0.6033702585211144	0.4123100360356723	0.0461556601500659	0.6427951288121573	0.7252863250980479	0.1094566101732316	0.3072879615332319	0.0445695753641191	0.4113798494277331	0.2708967878656354	0.4302581390302846	-0.1159333584500222	-0.0276991425444137	-0.1210415069626617	0.0737650567511957	0.3887806463114991	0.1004365467333861	0.0141188227149275	0.1114707237615566	0.1033672943211264	0.1628449864490753	0.0691442275051294	0.3601410554553003	0.9468110380647686	0.4174582480225462	0.5899252125073163	0.6569271115374747	0.2527168913358089	0.4762803279359056
ENSMUSG00000034853.17	ENSMUSG00000034853	Acot11	DOWN	0.7162097162097163	0	23	1	4	1	8	1	5	-0.7526888470947009	-0.8134249181639065	-0.9788544943434544	-0.8961747419727925	-0.54723528117825	-0.5884908708843065	-0.9191099229082882	-1.0041881550859106	-0.5462750455416212	-0.7077399134195248	-0.9195439726583718	-0.9186758731582044	-0.4551756287973614	-0.3302300665467779	-1.786266940097165	-0.4043296804754567	-2.7399871460266785	-0.9874066496153372	-1.0279853593533066	-0.1182816355962389	-0.8189978294256618		-0.5961504598807486	-1.0067017797402222	-0.2848897751541145	-1.0880779698799816	-0.5791969035359917	-1.2250933901716323	-1.716706874278113	-1.610452627783529	-0.5429670219754174	-0.6229361645308606	-0.9805559688647266	-0.7120504821486918	-1.6293206501582074	-0.7861953404432976	-1.562040662633722	-0.4828497586124378	0.3251347905740542	-1.0056961808622855	-1.0026801293095358	-1.1070816697329735	-2.103875503893576		-0.3603058423139194	-0.7786540653491515	-0.7623074156418944	-0.2405095018683609	-0.9584825080575956	0.2745362351746022	-0.5238457037364741	-0.9491143616765444	-0.8349052461746246	-0.3397246377751671	-0.5462750455416212	-0.6486472415552911	-0.1768569329468815	-0.7718816306630366	-0.7077399134195248	-1.2527345065779765	-1.1064324114853652	0.5448565404579299
ENSMUSG00000028251.6	ENSMUSG00000028251	Tstd3	DOWN	0.7157287157287158	1	24	1	5	1	6	0	5	-0.5170464660948164	-0.5182709500668717	-0.8051516021164332	-0.6287042069406598	-0.17700491015366912	-0.4573251451685037	-0.7236159485065757	-0.6591947692208678	-0.3008204960635104	-0.3773471309128757	-0.6268521616460278	-1.666005112514828	-0.4627538846236265	-0.840037111765122	-0.7236159485065757	-0.5831800477076773	-1.549398492920849	-0.5803567038435453	-1.253149940064323	-0.1174334552827437	-0.7307803967673998	0.2037280347995819	-0.6701984934427628	-1.146539718114599	-0.193843587680121	-0.7110298058498057	-0.3752924285080002	-0.9248901127176622	-1.4852644944677602	-1.6387098971966234	-0.9609440351562571	-0.592195687237699	-0.9076798115750944	-0.6784639166081299	-1.167144374325732	-0.8615222442009343	-0.4955394292193768	-0.6591947692208678	0.41660310582425	-0.3454020092638053	-0.8550857199173675	-1.5232638365381233	-0.432459297385488	-1.0021269220832163	-0.3953834452055389	0.0471154951196683	0.6216982243411291	-0.3008204960635104	-0.4942632848608137	0.0263353583025979	-0.5128937646790985	-0.3053689090648547	0.0272234376057603	-0.0262236707729229	-0.6344729564127766	-0.3353240527069281	-0.1796493475577224	-0.6711095928195587	-0.8451879728502865	-0.2525742551620768	-0.5400836641700774	-0.3773471309128757
ENSMUSG00000029185.15	ENSMUSG00000029185	Fam114a1	DOWN	0.7157287157287158	1	24	0	5	1	6	1	5	-0.6713758625722438	-0.7654587361470095	-1.0926795824563849	-1.0669976117792437	-0.22744886888049348	-0.29837738717285267	-1.0941208554586062	-1.0089060286085028	-0.3559959961720124	-0.5220114436855163	-1.2959010733475778	-1.454474992544012	-0.7997114527858924	-0.3867676177878226	-3.0086402860131427	-0.7128705985000704	-1.5758653809399386	-1.046541806252488	-0.9527546674358708	-0.6685806206593985	-0.8149201967487277	0.8468890456947121	-0.0521420370593446	-2.0822090354647416	-1.4591612292429172	-1.0941208554586062	-0.5583308837054021	-1.8752622269550057	-1.472872135713438	-1.256180787259655	-1.336953925411232	-0.4562604783738165	-1.9159189111049275	-1.2936067377502276	-0.586153941298942	-1.017009008686758	-1.1760268855171452	-1.3102254556783557	-0.0727540884063735	-1.0089060286085028	-0.7586091945773401	-1.5582728543552642	-2.107996731990639	-0.6522189288382312	-0.2490032324947126	0.8933171430458523	-0.5447252529053901	-0.3559959961720124	-0.3539373913393926	0.0124368292955175	-0.360396296521964	-0.3621379864421875	-0.3475595036675684	-0.3905236365725187	-0.443412233911052	-0.9719181092246304	0.0227941323285833	-0.26623096976445	-0.5240584810920733	-0.541871338844665	-0.5220114436855163	0.7146545000727834
ENSMUSG00000070733.14	ENSMUSG00000070733	Fryl	UP	0.7157287157287157	24	0	4	1	6	0	6	0	0.500633750401897	0.6176293420305112	0.4948270461193228	0.5339219842662538	0.3603892248356743	0.6133967463863368	0.5212246338204761	0.8261560865362686	0.4392914335149906	0.7140340502405462	0.6692847018619184	0.7909757929295711	0.027763112891441	0.8651538914501956	0.4648359799312606	0.5806610454506634	0.2705360391376302	0.5715454224966979	0.4808836883605471	0.4160706367543631	0.2998107299673281	0.2773855674063614	0.5218749593438419	0.8577669614458883	0.1620147151375984	0.2872066710916222	0.3971168524548646	0.5212246338204761	1.0850356367874383	0.5266270566979463	0.7235951589456755	0.0600478862815328	0.7430264206404834	0.1985988844776579	0.3686079642095622	0.5930720570046816	0.5996077782444689	0.8543674307630453	-0.3607233373470686	0.3053270458769307	0.8261560865362686	0.9080163196596766	1.133215104329308	0.071095240045616	0.5622946624488466	0.0842695194015592	0.1140204040146991	0.1243114739769359	0.4392914335149906	0.1076911531041947	0.6533985794345846	0.0531368920851842	0.4826878000566341	0.6452358850495798	0.697943670105208	-0.0112539580508318	0.7140340502405462	0.6122191138679651	0.7435164591787804	0.5488821820106555	0.9430531942517562	0.743326183205486
ENSMUSG00000040451.19	ENSMUSG00000040451	Sgms1	UP	0.7157287157287157	24	1	4	0	6	0	6	0	0.45360253972927567	0.4616318009249232	0.5828330289133075	0.427590148414717	0.20600234479353444	0.5979846367955437	0.5646977458841457	0.3585658559657007	0.2480160382086589	0.5943483181318362	0.5861226035073719	0.554502828703575	0.4850031908575025	0.4803039277940364	1.0761546932175052	0.3627738140743526	1.3717407651437308	0.189769600210611	0.3949300683627192	0.0185754287037004	0.6152793196503236	-0.7215895786366603	0.5646977458841457	0.6042430815595468	0.6118711519355549	0.4972890547305637	0.4148077690413728	0.6616876627894498	1.1987651114075288	1.1047539047574644	0.3814475697920826	0.2846979682011911	0.3811977283596279	0.7669396983686118	0.6950895069156822	1.150310194669019	1.0051269706586918	0.3585658559657007	0.3035011928783926	0.4533967540048634	0.90653198840968	0.9396587955502336	0.1259278335355858	-0.0944513814414371	0.0193783466253495	-0.0018083698740907	0.6123157122008794	0.3425142594804123	0.2612315974962105	-0.0500375068065646	0.2480160382086589	0.2004942138663143	0.2506826978605009	-0.0560319798460622	0.4392707835172706	0.648754344598171	0.9441917008309528	0.9687731327321468	0.4503130847872933	0.431768526714781	0.5943483181318362	0.1477433497736242
ENSMUSG00000027001.11	ENSMUSG00000027001	Dusp19	DOWN	0.7148869648869649	1	19	0	4	0	8	0	6	-0.5242330308530588	-0.5302603529247649	-0.6179827819562346	-0.5180029451379414	-0.3951355619537939	-0.5658108343642653	-0.5138718665470821	-0.7195498613819574	-0.344754140051085	-0.5466488393024477	-1.1388831412423388	-1.1160730494690303	-0.384456268312199	-0.4651138958210875	-1.1571140657854957	-0.2133200378561502	-0.5138718665470821	-0.1180591765731299	-0.693898445223447	-0.0323547604711193	-0.2983084431637985	0.234896251193579	-0.3105944560663984	-0.9893816579666074	-0.7192869620340865	-0.3730878821930861	-0.0897233696225202	-1.0011038191543462	-0.4933606215225806	-0.7131188709819667	-0.076650123096363	-0.2773279233154533	-1.8402903840697813	-1.129746198836289	-0.5387505121574561	-0.858283502566719	-1.378271929963378	-0.7522938983899204	0.1423621010960393	-0.7195498613819574	-0.893527938180174	-0.4940869598953416	-0.7718544438760225	-0.1370696153382126	-0.6438107793929156	-0.2124285114654506	-0.292331595466216	-0.617642645369322	-0.6713055181724327	-0.1621600133196374	-0.441842053550237	-0.344754140051085	-0.178693088063233	-0.2688456380720312	-0.5126771985691727	-0.5466488393024477	-0.3822067377281066	-0.6672694773418371	-0.760601038643078	-0.5407905803257235	-0.30486844440444	-0.7582907228042246
ENSMUSG00000038855.11	ENSMUSG00000038855	Itpkb	DOWN	0.7148869648869649	2	19	0	4	0	8	0	6	-0.5991153717734655	-0.5696139350969609	-0.5712174630757759	-0.5204245472142597	-0.5380670272074058	-0.7667524495964203	-0.5851501252660763	-0.4038195653655745	-0.5540777449278455	-0.6683373788747234	-0.7916559006759731	-0.9293811147214248	-0.2199816332618634	0.2512572230921298	-1.675317256093372	-0.7228644883593548	-0.8599456083669521	-0.5851501252660763	-0.532051514750287	0.2067366964187698	-0.4639955705494928	0.1704628650090173	-0.4173787267982268	-0.6100097853595161	-0.0974816473070896	-0.7468350014300493	-0.8061176028852955	-1.2015480674061394	0.3089659750899296	-0.9666511072895518	-0.2101253206359288	0.0601776583355966	-1.036543888635536	-1.420831990067276	-1.5068148951613385	-0.1759322774122523	-0.4438583985583954	-0.786537254757511	-0.0153428606654123	-0.4038195653655745	-0.2180404606424561	-0.431701925776614	-1.4085072162373835	-0.3790225470548662	-0.5540777449278455	-0.090502788600469	-1.0953700983713348	-0.2903097832200861	-0.94735535323537	-0.0929542282612788	-0.6198708118023543	-0.7053692486379743	-0.9248939566812148	-0.1251101713133858	-0.4729231142301512	-1.1448314660198449	-0.4849904545296932	-0.6683373788747234	-0.6400730033588924	-1.1220704643041646	-0.1506290849968441	-1.1563352950907808
ENSMUSG00000049482.17	ENSMUSG00000049482	Ctu2	UP	0.7144059644059644	20	1	5	0	6	0	6	0	0.593406495902297	0.6676927923740921	0.6818411994476166	0.7494431187413223	0.26500106417620356	0.6773406012440456	0.565164838701484	0.9453537541254882	0.2334952985360467	0.7702207460467002	0.7118848836201346	1.3453511636006878	0.2732603641099695	0.2021806198502442	1.9860097939671773	0.5594791144877181	1.277740699020004	0.2997329152849434	0.7690473726328345	0.0145012784245591	0.2984851018119986	-0.8415693105713395	0.3403905509380784	1.7948176584603577	0.4038068212341439	0.554304233545195	0.1864747162885721	1.2727900323614985	0.565164838701484	1.074788742638614	0.795829788764988	0.0563274442053423	1.7009825896495896	1.05458851886754	0.611669542000891	0.4450701267689208	0.6566027844215028	1.3654085765463788	-0.0073262919464355	0.6020517248126032	0.2204175497281568	0.9453537541254882	0.9533224947040106	1.166874023219054	0.2334952985360467	0.8023640728334602	0.4130804874526815	-0.034458771022092	0.8598812751314651	-0.021739425751695	0.3928104475348031	0.3137749694189275	-0.1249089616351467	0.013588189929306	0.0671241235104826	0.5459146169754471	1.178527770762689	0.4767725135519115	0.797526490932863	0.901199954169272	0.0712221162694359	0.7702207460467002
ENSMUSG00000074247.11	ENSMUSG00000074247	Dda1	UP	0.7144059644059644	20	1	5	0	6	0	6	0	0.4825118729929758	0.5057785957734158	0.620281107888404	0.5290344427199527	0.2930429548091888	0.4876889865543576	0.5768396640129868	0.8091954432242203	0.1877678745255368	0.4347175275338447	0.503492493431384	1.163618302113119	0.5768396640129868	0.1549113901081157	1.573538226039424	0.4694387256267439	1.0511555572556464	0.3260606879678303	0.7425528617254192	-0.1206962594645552	0.2224277665170758	-0.3249526600047038	0.2847257852949371	1.2155759661474217	0.2987085380908819	0.6447413053694137	0.0961533625157533	1.1855725405229882	0.419408833154488	0.951886720069314	0.6399930950029632	-0.1310328150747085	1.4848896124590123	1.052611845138396	0.9818849655680324	0.5197866467460582	0.7642967566534689	1.17491596934457	-0.010340915470406	0.350267474417673	-0.3525505313488007	0.8420163382564313	0.8091954432242203	0.8897373206159811	0.3161218591304724	0.4408589857554867	0.6175699681139548	0.1877678745255368	0.9810879028306548	-0.0172133610518612	0.1622943995745478	0.3721667773675259	-0.0964883053410702	0.1397708329367601	0.119535569059069	0.4347175275338447	0.839769572429854	0.2956002391516031	1.0074885383472068	0.5254450781896609	0.0708695034204703	0.2399324468078635
ENSMUSG00000079614.5	ENSMUSG00000079614	Seh1l	UP	0.7144059644059644	20	1	6	0	6	0	5	0	0.39543430951565	0.2929808656909071	0.37504948641227137	0.5283252615542794	0.26010309211199373	0.4182593979840554	0.2890324910951287	0.6184965522492968	0.2120176657519102	0.2969292402866855	0.1922544296382938	0.9835361188711444	0.1443537383336418	0.155633661932136	0.9559206955601752	0.3499603863587002	0.6852943980569971	0.2844834350589856	0.3226726139148836	0.1078713837439558	0.2499416080257034	-0.0932476603668336	0.2338588338575469	0.7132783595445676	0.3067722205570898	0.1775047485761172	0.340406752693485	0.7421773963977865	0.1136834597805204	0.7971098781245544	0.2890324910951287	-0.0955467367900936	0.9013732636708844	0.3955354204296833	0.2783656772125947	0.2241829758591779	0.3699265829945002	0.6554492631543936	0.1606053175280408	0.6184965522492968	0.2523406356036132	0.6904633266566146	0.4894849491794432	0.8314367865085533	0.0599399743954515	0.3384602121783446	0.3771687797627108	0.1658488309639222	0.6593320808279166	0.0273960469174841	0.3961438643885254	0.0568364979672903	0.4975277604081949	0.2120176657519102	0.07046229967018	0.2839074977313034	0.8467203045309246	0.2969292402866855	0.4688933446417706	0.7568689516592095	0.1293858132627608	0.1451106337757335
ENSMUSG00000031948.15	ENSMUSG00000031948	Kars1	UP	0.7144059644059644	20	1	4	0	6	0	7	0	0.34467743723025696	0.2504779422906517	0.3389478650349899	0.2483737908437129	0.2008200635617298	0.5905680294805953	0.3267446687251162	0.1364146294852995	0.1742112158561871	0.6078557850029063	0.0148233614552949	0.4715209221875782	0.5752897078133016	0.30995604783934	0.6129484606401538	0.2773342139783442	0.7111066495396966	0.233828215050343	0.6078133117187297	0.1389539973425524	0.3114208884240795	-0.3098575829352569	0.0720378062204317	0.4658081246863212	0.3267446687251162	0.3999599631195514	0.2525964463558988	0.5588253775548805	0.1100243171944814	0.3808528530697612	0.4756566470120582	0.082361630911546	0.4843042410784943	0.6325502796560678	0.5442627164083451	0.2135898169647551	0.1968792739328609	0.6820071106425958	0.0908176545013881	0.0947744598282295	0.2790766788062959	0.5487377839887808	0.1364146294852995	-0.0932117813465993	0.23741274169621	0.1844502239969912	0.0062855853306444	0.094926076295891	0.7012971179253492	0.1079604292874371	0.3060291780227172	0.234812762280024	0.1033198796472411	0.1742112158561871	0.0583154888403353	0.6078557850029063	0.8019638753349513	0.6871654340495099	0.402045172460079	0.9221259702363952	0.1560637499739813	0.5567562193063451
ENSMUSG00000038239.12	ENSMUSG00000038239	Hrc	DOWN	0.7144059644059644	0	20	0	4	0	6	0	7	-0.6571534866539013	-0.567782356031618	-0.4472032811693143	-0.6246427801040927	-0.28996424176278784	-1.2668036435794099	-0.4194944068737565	-0.7160703051894793	-0.1790372572821122	-1.3639660183882245	-0.4985721621506335	-0.5768374280927504	-0.2743027192696188	-0.3069572929458273	-0.9032686309241816	-0.387696535950093	-0.5923296398687917	-0.2287832666325537	-0.5699796143296687	0.0086712811128766	-0.3251726533294964		-0.5564587640662426	-0.7049998761926972	-0.1077955365118773	-0.1985398585131035	-0.451487385533634	-0.3468036358687884	-0.8937609660920163	-1.1181362877878789	-0.4283484711065269	-0.0075246495408548	-0.4106403426409861	-0.3811360176317965	-0.2529482879774606	-0.4624100179635076	-0.6510665505940629	-0.7160703051894793	0.0042001781828139	-0.2633193318751232	-0.7996163637994028	-1.0587721280037417	-0.591797240564556	-0.9471242694791596	-0.135299877756375	-1.1740425870908704	-0.2896266500574881	-0.0373329705623573	-0.5533329336922065	-0.0450089220095931	-0.1790372572821122	-0.13471674565162	-0.3882000427088483	-0.0366437969969872	-0.2163648755822074	-0.7442076905181512	-0.9782117254358912	-1.6266526324423454	-1.8000460954920634	-1.3639660183882245	-0.5119913247554309	-1.842550018023764
ENSMUSG00000033429.11	ENSMUSG00000033429	Mcee	DOWN	0.714045214045214	0	14	0	4	0	10	0	6	-0.38905097008418144	-0.30133776836038495	-0.2610209447101321	-0.41751782760621176	-0.3306538940300314	-0.5470112139903504	-0.3016064306032142	-0.2854567298731764	-0.3010691061175558	-0.4387341948936051	-0.449842875944028	-0.5029697767907225	-0.4746932682827618	-0.7766706999390787	-0.591998767769986	0.0614937704327938	-0.3282086685686247	-0.2629874874192127	-0.3014910232730297	0.1197963107266429	-0.3540632944853522	-0.1510622802326055	-0.3714955897837342	-0.4109274733208533	-0.1990580574196998	0.0464521949384536	-0.2751892612727674	-0.4030502068280572	0.1863953668566841	-0.4500048740645939	-0.1549677030895519	0.1645869462476334	-0.5632546524125424	-0.3016064306032142	-0.3754865254582092	-0.000931317170564609	0.0736701377534149	-0.2854567298731764	-0.2207176459337432	-0.3872778374467465	-0.149761053330891	-1.134666854023051	-0.0059868417229483	-0.7387578309129263	-0.5174853879786951	-0.527823314913478	-0.2786427797320149	-0.2386637654415964	-0.4698934513048679	-0.0238255714945295	-0.3010691061175558	-0.1945092515316031	-0.4842789298766325	-0.2352384482196431	-0.3657628277197299	-0.4387341948936051	-0.2626122787926528	-0.8589784423097151	-0.982774531920814	-0.4356509584317267	-0.5498495235943096	-0.3004785679896293
ENSMUSG00000055850.13	ENSMUSG00000055850	Rnf181	UP	0.7135642135642135	15	0	4	0	8	1	7	0	0.550347342706181	0.4176711678419476	0.4576225352327141	0.5267758101459722	0.2527119850140711	0.9642790404319665	0.3057714773413683	0.5295708583425269	0.2662336527136303	1.0585464797006308	0.1642519106383763	1.12847337211295	0.1224829668621959	0.0753946254198787	1.4954418165983168	0.4175318546398834	0.9837493766844388	0.3473255424029132	0.1170745994616891	0.1720914283952295	0.3057714773413683	0.7595164635545063	0.1206773566831838	0.9010502909359503	0.0647087755855278	0.2454451092143643	0.4381869688013689	0.834738079868906	0.4044363426227846	0.8761493117906934	0.1659030326168386	-0.1026844609536733	1.3613151905723038	0.1797181673020491	0.4633835385583672	0.1953153564312295	0.118359957141638	0.6928914563744911	-0.0467767735456071	0.1566363633527392	0.2010953505666993	0.5295708583425269	1.0457360383319694	1.1082773775989865	0.1517388746173197	0.6516076157234856	0.6042770875528725	0.2567082433366952	0.5258146765398793	-0.0357593933681184	0.2931624818741355	0.2911807523151135	-0.07906902149851	0.2662336527136303	-0.1460631346517211	1.0585464797006308	1.1897017718678906	0.7979395654843647	1.2107848314329748	1.0420111116421682	0.261236439294872	1.189733083600865
ENSMUSG00000056313.6	ENSMUSG00000056313	Tcim	DOWN	0.7135642135642135	2	15	0	5	1	8	0	6	-0.6852631840073055	-0.5719483869456904	-0.5597834320794662	-0.6865349214027409	-0.6785143203525034	-0.8162200621945114	-0.5204698585507729	-0.4269259358623419	-0.6234269153406079	-0.730104306470782	-1.1689683855115314	-1.2087637803853173	-0.7096483124365293	-0.2276024093746214	-1.9520833956262824	0.0929770745290402	0.0537646578034211	-0.5204698585507729	-0.5559207289132755	0.2243390940046672	-0.3547955606075678	-1.2226740977517545	-0.0183088953881013	-0.7127805257969244	0.3079265836502488	-1.1832634691327293	-0.0478589491473812	-1.106592682560365	0.093742577497944	-0.4393293185442148	-1.0867387155747816	0.5999255555210765	-2.019672567801353	-1.4698818321259275	-0.934185392647957	0.2839446732395036	0.1687659954858974	-1.517620635677042	-0.3839435079711898	-0.4269259358623419	0.1593028847394474	-0.8967429464227077	-0.389099573934241	-1.350714734691111	-1.3645392225786137	0.2022025244382789	-1.0353455991478269	0.5043168762124394	-1.0531368135172208	-0.2592476193113848	-0.6234269153406079	-0.5878650985359883	-1.7439033115552642	-0.3467185712653203	-1.155993773276028	-0.6307581570351198	-0.8715579543405767	-0.6067269752285935	-1.5974818335975725	-1.2982923862432385	0.021381177554304	-0.730104306470782
ENSMUSG00000052906.8	ENSMUSG00000052906	Ubxn8	UP	0.7130832130832131	16	0	6	0	6	0	6	0	0.6449549714126747	0.5562336710912587	0.5632620350296617	0.8962568730882755	0.3704486803518072	0.7498522971809543	0.4755231019977136	0.6369442401848037	0.1785435426162777	0.6754322460917433	0.2627816914690268	0.6010717399897233	0.5829438355778952	0.4908076061842731	2.230299510444502	0.4755231019977136	0.6159749996491708	0.4385738248440973	0.6468247555878044	0.0784756239578275	0.2730327054338112	0.1668254523938386	-0.1052997403982236	1.2847928262816268	-0.0603898550504397	0.1418894816838505	0.7062864405869893	0.9623713032768108	-0.0432650341055669	1.312585952404108	0.3175246214876793	-0.1292669650939221	1.3840041557892206	0.4633975624924502	1.0906344226051512	0.3929899020359487	0.6266850242755001	1.6532741139966909	0.1159077915158522	0.492779054631787	0.6160610568933315	1.4608655750496418	0.6369442401848037	1.2979662793458222	-0.0967432712973991	0.7114268285725066	0.5344373981001898	-0.0478448768948322	1.6955633314840126	-0.0783293011384044	0.6559705999836415	0.2908989740733791	0.1785435426162777	0.0945391776872818	0.136473080683226	0.3407208996738808	1.2381613933548823	0.6754322460917433	0.6221574016399233	1.0400053388093191	0.3723114598069144	0.9601773408900164
ENSMUSG00000067288.14	ENSMUSG00000067288	Rps28	UP	0.7106782106782107	21	0	4	1	7	1	6	0	0.443871898764441	0.5188006627616408	0.5727178556438799	0.4407843832956428	0.20191065408738512	0.560074702030856	0.6538660261922564	0.4004140520593499	0.2202868188431004	0.6371872734639317	0.3779294533663663	1.1334292173314946	0.6538660261922564	-0.442466448617958	0.8339290179524388	0.6727914825265853	0.8567266371051251	0.3849434225371803	0.836427627636926	0.0707903913792235	0.4296611064730439	-0.1876295850091429	0.5752966811326949	1.1706452663662348	0.477081669764639	0.5572992771801311	0.7052017821422949	0.3807023627735399	0.3497191451746113	0.7942128156313079	0.8448413905531168	0.3059133453663021	0.6694134514658593	1.114914944708698	0.8095662191144861	0.3161857318916258	0.7719896702456737	1.058507157780409	-0.1024166514637687	0.2440775758956088	0.4004140520593499	0.0540330902116516	0.8050002321924676	0.6258752263937819	0.1364764691196502	0.7967678073433505	-0.347388462411586	0.1700943009587988	0.3248432308151592	-0.1353897359975562	0.0640978327411207	0.3347236408522291	0.3946879182795056	0.2202868188431004	0.2618173744174639	0.450331239156918	0.6371872734639317	0.7393109234601366	1.1724290913600734	0.773802913973216	-0.4090439479561913	0.5565054207579073
ENSMUSG00000005779.13	ENSMUSG00000005779	Psmb4	UP	0.7101972101972102	22	1	5	0	5	1	6	0	0.6777069180929983	0.7064950831601471	0.6331215187747357	0.8394165528147539	0.2883235338562542	0.9499660669262496	0.512430597792417	1.2033579644989827	0.0297039412580199	0.9005595685278773	0.2993297593486766	1.2280787154043729	0.3952304363467744	-0.046066287591366	1.933063384031696	0.4852350232609028	1.1114330549617304	0.425643981358805	0.6329718681826801	-0.0945254706422018	0.271196120064208	-0.2139299936223854	-0.0907919525368096	1.4407247043910112	0.1724357720761604	0.3682531879582545	0.5880667733136735	1.1716248105785418	0.7211330678980474	1.3893181623319837	0.6625914145645835	0.1013396294912617	1.454907409023769	0.8116077611058858	0.8998436096326942	0.512430597792417	0.4631354681924992	1.3095621160729347	-0.0352275500849927	0.466678745269767	0.1190744057908576	1.358769971453598	1.2033579644989827	1.4537002167021302	-0.0090647469287765	1.2108111982120005	0.4232726232962188	0.0297039412580199	1.3076662048081478	-0.0103722521817065	0.463975570272971	0.3692230988702432	-0.3003871696241743	0.0102109777274608	-0.3234805732916084	0.6936129421391456	1.608648966147951	0.7508634739005294	0.9005595685278773	1.6222651427500911	0.101071834209671	0.9727405408084816
ENSMUSG00000069744.8	ENSMUSG00000069744	Psmb3	UP	0.7101972101972102	22	1	5	0	5	2	6	0	0.6624763589800943	0.6308202107716969	0.7069853065209045	0.7666511602310061	0.2616947040798393	0.9145742650886269	0.5523991531232205	1.1197567642087742	0.0905777813144503	0.7092412684201734	0.3667091835211652	1.2493457439590074	0.5354871443701876	0.2068429736987261	2.0582764037153	0.6121018583091294	1.0888525041481665	0.4876422600118124	0.9715748006109716	0.0565848057170958	0.417330482209795	-0.1261000085508391	0.0338899782200101	1.5127153175853207	0.217339189060381	0.5523991531232205	0.4572198914618611	1.1742475022897547	0.6425998034140822	1.319987234200123	0.7777332433993267	0.0902669751250397	1.479862648467238	1.0081335630835957	0.8856070786632215	0.4864691678600034	0.5254843783907251	1.3504868861809691	0.0294466461225398	0.4303444191571599	0.0334291659471096	1.1197567642087742	1.1460713551955013	1.2570228848049898	-0.1929487846049511	1.0925594679797506	0.3000105341476447	0.0421727686602679	1.1796788272825576	0.0105745085140623	0.3923984453948635	0.2910131440178251	-0.1229161795680462	0.0905777813144503	-0.2044787682601922	0.6383262252299676	1.632315703801637	0.7092412684201734	0.6049462968799728	1.6072821215458073	0.2282949419172429	0.9816132978255888
ENSMUSG00000037275.15	ENSMUSG00000037275	Gemin5	UP	0.7101972101972102	22	1	5	0	5	0	6	0	0.5462995731277801	0.39472193637348785	0.6706485090804898	0.6723353120506453	0.28567042647902485	0.5565440449009605	0.6939756997737297	0.3314800038769896	0.1745126605821529	0.4579638688699861	0.6837528129770245	1.6241091995074368	0.2986693841407376	0.5767078108842704	1.3835830703588674	0.7937716496909359	1.4237486601040126	0.1468710678291275	0.953918650230449	-0.1217981258592502	0.328923751262452	-0.1652755804279151	0.3751569405673426	0.8368707833511738	0.0506540005064194	0.6939756997737297	0.2342394412097471	1.3771049780701563	0.7776712739204817	0.9056084002712774	0.6173038554778213	-0.0256398706525623	1.4126088648859507	0.9674915963743342	0.8706341794374088	0.7340463843140902	0.3528008669677064	1.345307675652606	0.3314800038769896	0.2433041668458807	0.1003984879741623	1.6805587342429698	0.2350714356002229	0.7702266801616862	0.2626641209184393	0.3421566620440876	0.1244420422039061	-0.0080022315027414	1.3561493434108305	0.0951025888362644	0.4632438255485949	0.1370872819292745	0.2106781231793006	-0.0156597258808365	0.1745126605821529	0.3146862872651952	1.2615675719978647	0.3420137845090851	0.4579638688699861	0.911505676681176	0.5459036026324486	0.0621675223509679
ENSMUSG00000059291.16	ENSMUSG00000059291	Rpl11	UP	0.7101972101972102	22	1	5	1	5	0	6	0	0.43662635498941116	0.512733946164744	0.44612468431863617	0.4485931690551414	0.1998639493223198	0.6519236172615471	0.4944896045146906	0.5309782878147973	0.0920400752499461	0.8506210086752631	0.1821967248557909	0.7672378921365155	0.7383960985121222	-0.2510720875531757	0.7380365225979725	0.6448121334419624	0.8415557636549433	0.3881436072537153	0.7463630983581083	0.0263149146095016	0.337092433635335	-0.3747893551688389	0.2943964664637121	0.9638560369309424	0.2624234399126047	0.3529645570589194	0.3917946757817054	0.4944896045146906	0.3186772935404355	0.7705134836492172	0.539082624464109	0.1120716232004729	0.5667909593507376	0.720275346488423	0.6476591806277084	0.2571028272904451	0.5689806109950998	1.0912831019637552	-0.1771674589253385	0.1709693462738396	0.142521160641373	0.5309782878147973	0.6868654637985173	0.6947022818190461	0.2065393674772591	0.8593907830640551	0.0195716869205418	-0.0289081970185392	0.4160048025524318	0.0180793123482	0.2226731469449991	0.2621561438673697	0.0389735678876159	0.0920400752499461	0.0919827532516383	0.6186727160229459	0.9484182674230548	0.6036828907108147	0.8506210086752631	1.0290560681076633	-0.3999314548020308	0.9129458246931196
ENSMUSG00000021024.15	ENSMUSG00000021024	Psma6	UP	0.7101972101972102	22	0	6	0	5	1	5	0	0.4303159338376741	0.35245925646056697	0.5529106628501231	0.6200278696683973	0.16111832313971364	0.38720687969246226	0.4724963479048366	0.7881470250043213	-0.0218287761706584	0.2324221650162974	0.2125605809256617	1.1531131767680591	0.2749311607289536	-0.1074398378755164	1.7024756459147177	0.6623118162842999	0.8761691508896298	0.4106098604603903	0.6354642214555408	0.0579644991100405	0.2818939651214373	-0.0446014864901626	-0.0561788904804817	1.1357589325031474	0.1145805078225351	0.3956213755919148	0.3252192631891082	1.0278715919840946	0.4724963479048366	1.0978800423617416	0.5866090747714713	0.0783040998082773	1.1819153392493094	0.8468280356630657	0.6969961350757681	0.3679085900998357	0.5413246981156505	1.0429900024709176	0.089800147552805	0.4036423156000092	0.1913135491561499	0.9277878177260606	0.8965142301685176	0.7881470250043213	-0.0218287761706584	0.4858099229728055	0.2964897410632116	-0.0878813299597871	0.8630224312351473	-0.0625324256359447	0.2890686751972022	0.2821560805425018	-0.048931745627155	-0.0400406239567645	-0.1830303951237087	0.4101371473123464	1.063603881140503	0.1672072069823942	-0.0500593223191354	0.9093673853679844	-0.0222303056531542	0.2324221650162974
ENSMUSG00000026509.16	ENSMUSG00000026509	Capn2	UP	0.7101972101972102	22	0	5	1	5	0	6	0	0.4230187463387143	0.4036541121944528	0.3990821731394036	0.5237017577536005	0.17117623739834129	0.5981148170635117	0.3713385664938769	0.4359696578950287	0.0782749062604829	0.5856030232551052	0.1855105343984969	0.922789097341832	0.3861826959183085	0.23529581739857	0.3713385664938769	0.6348054555395226	0.6659394146722709	0.2266344801931479	1.0040156207334778	0.0495487967783409	0.1437027612849542	0.0546102777300831	0.5382626975346275	0.4509731421243458	0.3842648118158419	0.2656009913790284	0.2255942035083847	0.3704912947942835	0.0214348431345557	0.650790067907568	0.3690562031330849	0.1933412150624043	0.4102804932304147	0.7096420156511984	0.5622515657584213	0.4546458034183094	0.2882158078285488	1.30486659397156	0.1144499554565727	0.4359696578950287	-0.4494562874374964	1.320894203191192	0.6858186145992301	0.2533695665991164	0.0036078910443061	0.600977782421119	0.1713304264722865	0.0321932438142091	0.5354333342920437	0.0590674346534335	0.295849787303483	0.0782749062604829	-0.033663066989635	0.1934804143080127	-0.0536135421979874	0.1614399793509703	1.1320747372601658	0.5856030232551052	0.4517260024324987	0.7955505608488905	0.3926381296462331	0.6677712866507188
ENSMUSG00000070697.5	ENSMUSG00000070697	Utp3	UP	0.7101972101972102	22	1	6	0	5	0	5	0	0.42299652976234814	0.43099433699335454	0.5815501645395698	0.6394844387647469	0.1677170532065512	0.30323446253852454	0.565817138619713	0.6955306578648638	0.0240710970731289	0.2961715353669961	0.565817138619713	1.342510143213916	0.2511578353447729	-0.235501265917339	1.4089238766338974	0.5844774429784828	0.786768038233023	0.4544916980212864	0.6553060209034534	0.0230447333851211	0.2638514036998805	0.1634016249897006	0.2794207839079811	0.9656075502217396	0.2424970988841812	0.5064610339667763	0.2154816839745921	0.9727135282497308	0.6197225368938777	0.9876115406810604	0.4916988845947107	0.0921542368231416	1.3545226088450717	0.7158526449745344	0.7305677597010977	0.4790985511584241	0.7841953095855554	1.0156234731258271	-0.0315573096661035	0.4414082448786354	0.5447002808457356	0.6955306578648638	0.8966928473035111	0.9139928770007592	-0.0162947828995742	0.3800090718584218	0.7097069759871052	-0.0100013234277593	0.6286494778939928	0.0240710970731289	0.2755190992172395	0.2498341536334929	-0.2495439244438773	-0.0874611892016298	-0.0596010704184774	0.4910582660788118	0.5969436202156069	0.1966246149243107	0.2961715353669961	0.4455519166122075	0.0828621833429023	0.0134291012288367
ENSMUSG00000052949.15	ENSMUSG00000052949	Rnf157	DOWN	0.7101972101972102	0	22	1	4	1	5	0	7	-0.7517185910428926	-0.6696910014585195	-0.5967619160919847	-0.809788625832314	-0.27350801048659057	-1.3268158117606812	-0.4995536247436541	-0.8398283781733848	-0.2992364210097142	-1.2548044036400263	-0.9136958158055208	-0.3893415026784148	0.1654466705277868	-0.4560261412522726	-1.89240129110572	-0.6235241025121466	-0.4182177251214773	-0.2686221837867721	-1.0068630076533578	-0.566072720431489	-0.025830543513958	-0.4676502756965435	-0.6630202895239696	-1.4165626896026458	-0.1513102543953291	-0.3898726018293997	-0.248102961570519	-0.3843759325104116	-0.4995536247436541	-0.7156264181132955	0.0050768834326311	-0.478728893285876	-0.8713287849451652	-0.566265393364872	-0.785021845812465	-0.9721269379775552	-1.1129533512111724	-0.4590399227495027	0.2176175302091818	-0.8398283781733848	-1.8683693574259883	-0.9183140630381244	-0.997101656151726	-0.8034845334966537	0.063787124320264	-0.9233087023712162	-0.6033261446090015	-0.4948546288730877	-0.7812417069318608	0.1301121878842378	-0.2992364210097142	-0.4794405729961453	0.1146986620204508	-0.0768466399773481	0.341068727190925	-2.129885811327704	-1.4299346026727184	-1.2548044036400263	-0.8277232208849286	-0.7644757132217279	-0.4829512022240009	-2.397935728353662
ENSMUSG00000042359.19	ENSMUSG00000042359	Osbpl6	DOWN	0.7101972101972102	0	22	0	5	1	5	0	6	-0.8688393318128796	-0.9316953417071525	-0.9001927688482367	-1.0080246008085514	-0.26508424209528864	-1.3020557154994417	-0.7894721086348708	-1.0739185747794342	-0.196882277647831	-1.3432835781663863	-0.8854705740694385	-1.904457966027935	-0.1737376920974808	-0.16067457307574	-1.7963377460726664	-1.0315715890466006	-0.7622522066197157	-0.455629211226717	-1.3185674339620628	-0.2731493023378917	-0.4524819584945549	-0.6468286767748271	-0.774545714524751	-1.256438860969331	-0.580804320130126	-0.1877988699264841	-0.8313949442412315	-0.6312343995186711	-1.1770386074297727	-1.8595511974829144	-0.0396981215637153	-0.7894721086348708	-1.4610044116014818	-1.2411844105024443	-0.3513364611303595	-1.198862445528547	-2.063680955912061	-1.0970243749417012	-0.1233571640433532	-0.8198317159228441	-1.0739185747794342	-1.08122592992038	-1.8813943412202057	-0.9794201048319396	-0.2796097468342496	-1.237489031699055	-0.1130703483402275	-0.196882277647831	-1.03250959471304	-0.0299344693838947	-0.1153258943626213	-0.3461319863768669	0.2015354460283848	-0.1977897277531565	0.4312809680343824	-0.7997808101331989	-1.3432835781663863	-1.5833452018134535	-1.6896562719594432	-0.8672087329294109	-0.1342626351567489	-2.696852778337448
ENSMUSG00000039219.19	ENSMUSG00000039219	Arid4b	UP	0.7093554593554594	17	0	5	0	7	0	6	0	0.3642851449718127	0.3199394276120648	0.35271777563232093	0.42696072585896194	0.3083567361689685	0.3691053422269995	0.3167734135294539	0.4238080690897703	0.1770466713456014	0.3231054416946757	0.3068260380220816	0.5699405596477252	-0.0154743668400121	0.3327786654940419	0.8618697757344856	0.4323317477284993	0.8668965306486426	0.2354418014472038	0.3089432720056612	0.1068567385118511	0.0775688096247178	0.465923317387522	0.3167734135294539	0.5549874770494986	-0.1014599888827656	0.152052215943984	0.1500108274333584	0.3302962025978733	0.5783660145371305	0.5601598859352434	0.1529677324387296	0.169829700745329	0.6655926192586499	0.1388224886013289	0.2564883848062327	0.4476092591616863	0.6009808195045145	0.4238080690897703	0.2301036135578648	0.1902730160684041	0.5746795191872132	0.4678849900025632	0.8712011084982674	0.2307747646086504	0.1770466713456014	0.0429869605595505	1.93392364582218	-0.0367909180620617	0.1157185856864067	-0.0850528393729066	0.320261094549518	0.2230036666974527	0.3759445390108516	0.0349591042980101	0.2899235873240512	0.6851963979456025	0.5688047594368222	0.3402722616036464	0.2168121769872494	0.2263058113292657	0.3231054416946757	0.2232405465917353
ENSMUSG00000037742.15	ENSMUSG00000037742	Eef1a1	UP	0.7088744588744589	18	1	6	1	5	0	6	0	0.9122566658512534	0.6423367676358707	0.5479214128466824	0.7673062767478233	0.39351356584956565	1.9402854079609424	0.5244072406890014	0.76026629458274	0.2875765786795208	1.734399876902439	0.7097595065446213	1.2043864185139035	0.2450133125084333	0.4419831326814247	0.5399998768127685	1.0502678905948266	0.5841167723282221	0.4089625858471017	0.8799076304595833	0.0799547782668892	0.2003641322178891	-0.130987543376948	0.7172230312640576	1.4054723519729313	0.1046030949118929	0.3622407111125549	0.5005106684141113	0.3430856850085396	-0.0846399214194244	0.9398480891610884	0.307327126728768	0.1363804946411339	0.6556582714495085	1.0635618155855868	0.5244072406890014	0.5783583602011583	1.0261126337408006	1.4316476178699336	-0.2561560289249953	0.6693019124400112	0.5614472759178686	0.9844005610904846	0.76026629458274	1.22023630425872	0.3566676420319363	1.5842227684137988	0.0124966675561249	0.2166904451218802	0.9997065801328184	-0.0850898433109419	0.4448431567942155	0.1211445010242904	0.4289025464711878	-0.0385118185696101	0.2875765786795208	1.2555533904256275	1.7315408090660616	1.820199164914908	3.026159996350834	1.734399876902439	0.1206705678303135	3.893474050236413
ENSMUSG00000030306.15	ENSMUSG00000030306	Tmtc1	DOWN	0.706950456950457	0	22	1	4	0	8	0	5	-0.639387148099839	-0.6759906408927513	-0.9182977955820756	-0.9023320138096239	-0.48731260757077516	-0.24960617543688127	-0.9004400206438543	-1.014571219929195	-0.4515412611416483	-0.2176378848681588	-1.0412019198730498	-1.849355996683244	-0.3516200367895083	-0.0297275343239801	-2.1489957472974446	-0.9113748791859216	-1.1503646327528148	-0.1137955578828504	-1.40230041466276	0.1676587387547339	-0.5868289594840358		-0.7203285904858685	-1.2122709750952636	-0.7666214479196312	-0.5533782911959741	-0.3766130306102131	-0.889505162101787	-1.133178014538289	-1.6689497606036692	-0.7449291196434188	0.0636034414254595	-1.300727740270764	-1.7607119220985878	-0.8834601961668129	-1.0127934448908626	-1.497971490757407	-1.13199068341676	0.334090810766903	-1.01873748981806	-0.7386993605772019	-1.014571219929195	-1.7865344931983664	-0.9598816604946872	-0.4791696502921483	-0.923894781404712	-0.4019169772229872	-0.2808455977522522	-0.9527752709514598	0.0526169447936396	-0.4515412611416483	-0.7940246714044076	-0.2763931518304777	-0.4875412704090944	-0.3649529956629788	0.1155637603468162	-0.1731083379587718	-0.2176378848681588	-0.6618727733452495	-0.2835345399753983	0.0267562203838945	-0.5534096726413011
ENSMUSG00000022982.11	ENSMUSG00000022982	Sod1	UP	0.7064694564694565	23	0	5	1	6	1	5	0	0.5155621949108068	0.45392554412530034	0.6656779006744372	0.7435176010421055	0.2555491170539323	0.3975041608727521	0.5948254501678023	0.8404129033852906	0.1896979683379	0.3130256380827984	0.3740495942786659	1.6441654921888753	0.3937528894166602	-0.2957772667329161	1.3892760597686344	0.7874485612952604	1.1115463842803637	0.5948254501678023	0.9195948183117256	-0.0888230750759161	0.3884226089845962	0.1593834193900756	0.2371187220197676	1.3969275764318736	0.2325778431928859	0.475979870633518	0.4494537192465704	0.928308689111289	0.7679030941889881	1.373037416778924	0.7730469278033892	0.1680188228053961	1.3063169938826145	0.7354237586599066	0.7724212805399917	0.4135545077797735	0.5653491588610883	1.4793493536631372	-0.1129344960338103	0.2594609691871796	0.2485071983432444	1.206768401025865	0.8404129033852906	1.283058877723832	0.1274567643832619	0.7800142282074313	0.2661348854449672	0.0487387170447025	0.9308016846159596	-0.1178349024537259	0.5071667505664881	0.1896979683379	-0.048852746860197	-0.1748931235116774	0.3026100618181448	0.3565090789425429	1.066133611378952	0.1694054298490976	-0.0933391398251368	0.8795113657660576	0.0912831419149529	0.3130256380827984
ENSMUSG00000020109.14	ENSMUSG00000020109	Dnajb12	UP	0.7064694564694565	23	1	5	0	6	0	5	1	0.4565527475259486	0.2783663426076911	0.7172806465769033	0.559037372787674	0.29750623662359993	0.25238673411561713	0.6374185622156959	0.2450793883776891	0.2765066441236725	0.2802260410917097	0.4848304841288971	1.5348649819537974	0.5049572128265241	0.5781247335201578	1.7157270073237252	0.6374185622156959	1.1944728023821212	0.5154358308802462	0.8690436929324861	0.1061091357953339	0.3724125510479587	-0.1852430760041808	0.2287963875076673	1.2556090762602368	0.2924527084930535	0.8188885574004321	0.0943212089005375	1.2327188786516718	0.5864724016060434	1.1934258383907643	0.7657742012425276	0.2571298964687242	1.211497050569161	0.7967003395013427	1.032489484940169	0.6383353677629802	0.6338121408783113	1.1690065523854052	0.1190090960230555	0.1692192690968859	0.6773861410778993	1.361316899105686	0.2450793883776891	0.1722442634470967	0.3791076714618184	0.0902345248607447	0.5970426138528535	0.1518271478451983	0.8954139479428969	0.0318660089459059	0.435790849819209	0.297731904401501	0.07444994558481	0.0425973440209894	0.2765066441236725	0.1223295284717914	0.7832475498809736	0.161635525341182	0.2802260410917097	0.4848157930153771	0.3977729337214465	-0.4633202327131608
ENSMUSG00000035181.7	ENSMUSG00000035181	Heatr5a	DOWN	0.7061087061087061	1	17	0	4	1	10	0	5	-0.4379339256711559	-0.4255527515983155	-0.40812066639705064	-0.5289575922953145	-0.4271651757805268	-0.3874922682117317	-0.3490149326938973	-0.3944913974297545	-0.4566141057668766	-0.4689321144694119	-0.6402726162899671	-0.6051715561801053	-0.0370632860270099	0.087937776095426	-1.422129572476184	-0.3100754270626731	-0.0058400487848147	-0.3420634777699276	-0.3490149326938973	-0.1269504619573919	-0.5525061358473461	0.246410892798112	-0.161663255513858	-0.8856673363853352	-0.4552678902347211	-0.341847664519773	-0.3295514882833179	-0.6077954004936128	-0.2516997352227959	-0.3560150961506533	-0.4009894409342747	-0.2679316911589909	-1.3711908815583125	-0.481670325574061	-0.4156420825332735	0.0652718402705744	-0.7008586982321842	-0.8101851030524772	0.0549800371240812	-0.6031747835236597	-0.3944913974297545	0.0525243730210673	-1.8314673458805997	-0.1708889263258594	-0.7538882056168137	-0.4033469942728101	-0.4566141057668766	-0.2249867970736401	-0.2931518205219059	0.1493017592712038	-0.590673918959684	-0.4634984492675658	-0.6451888383839449	-0.2629103774471845	-0.7538591855465735	-0.4689321144694119	-0.2419087244825171	-0.5149405805074914	-0.7868073107223182	-0.0395126614806454	-0.1819069970104983	-0.4784374888092392
ENSMUSG00000052214.10	ENSMUSG00000052214	Opa3	DOWN	0.7056277056277056	0	18	1	4	0	8	0	6	-0.34098199739432333	-0.4228789877132181	-0.26721894813350855	-0.4190245945652776	-0.32186453783091734	-0.3558199090475899	-0.2734110614516927	-0.5325465721360206	-0.371523226781916	-0.4742347486445202	-0.6381353074780763	-0.3793011159052987	-0.0945504370796582	0.0755084687034639	-0.1565419592193636	-0.4068554740499636	-0.0286174227777156	-0.2734110614516927	-0.2856898283029215	-0.2000634512824226	-0.4314526629708213	-0.2489238021287358	-0.3547869932217168	-0.4730402048532284	-0.1216574678483516	-0.3268620285509895	-0.3226712118314165	-0.0501176707204868	-0.4599226631799993	-0.240382344163083	-0.2819421664411436	-0.208428433573954	-0.1755411789312437	-0.196128224304116	-0.3835735242495934	-0.3441750139729978	-0.2076484198192045	-0.1694261797137465	0.1671475907544055	-0.5325465721360206	-0.8094883175201574	-0.5351908303573236	-0.7412749886989032	-0.3123928642851971	-0.5917586486093638	-0.5328467114862777	-0.1657738675753885	-0.1468107331202154	-0.371523226781916	0.0787721761744161	-0.3942557369382197	-0.20280139706593	-0.7978382531163782	-0.0163730360007266	-0.3993004816200912	-0.4844859886636422	0.1337282597620493	-0.553876111693005	-0.4742347486445202	-0.2908494135377262	-0.2997511068616058	-0.5212702536946795
ENSMUSG00000038086.5	ENSMUSG00000038086	Hspb2	DOWN	0.7051467051467051	0	19	1	4	0	6	0	7	-0.49312207967321675	-0.5131353887173155	-0.6686737659498155	-0.401098116204218	-0.28738996079601403	-0.6153264757428195	-0.6679851466103788	-0.4575088271904542	-0.4216874236475988	-0.5687619502441768	-0.6279954037474517	-1.6032519096542095	-0.0060209562808056	-0.74615062649707	-1.4577445165404104	-0.6794452434953623	-1.3709735306517443	-0.3020704871410529	-0.3895616900258491	-0.3001590764739373	-0.3922818573063335		-0.4860468960785473	-0.8893011235556532	-0.3776112768720538	-0.6694770856499247	0.217338812466881	-0.9229333736837908	-1.2702864490563135	-1.3015937135899218	-0.7511557847328164	-0.1764413851971975	-0.6919702643039894	-0.2602084603478772	-0.3642015778186015	-0.6664932075708327	-0.8994808308903356	-0.2707823753211514	0.1086012039115324	-0.4575088271904542	-0.7048877913671567	-0.8563484351765766	-0.4929280377348563	-0.133832550550863	-0.4216874236475988	0.1540051100726674	-0.548061396745351	0.3066323074373365	-0.4385956344779242	-0.0210374191769293	-0.6138658075278814	0.0324113182698669	-0.8404298682801666	-0.0312890559932085	-0.7393716986869655	-1.2157979546369508	-0.4791239646602019	-0.5907293271848538	-0.4526227282898389	-0.3340767530853523	-0.6661726520983615	-0.5687619502441768
ENSMUSG00000007617.19	ENSMUSG00000007617	Homer1	DOWN	0.7051467051467051	0	19	1	4	1	6	0	7	-0.7868529291464057	-0.7425073311100339	-0.6259053465103607	-0.8006374629386583	-0.30908560420924813	-1.411783302927356	-0.6636714675689778	-0.8213431946510898	-0.3441582976894998	-1.3183607623240534	-0.9145086385843032	-1.1870606803914874	-0.1528027370728851	-0.0951248532393967	-1.1639379197750876	-0.6662627635475737	-0.8057635235880107	-0.0917826447648117	-0.6911982917675773	-0.3195576419297253	-0.0679283427332381	-0.4855556089253792	-0.7283169715771419	-1.1492004671027285	-0.4589155843027625	-0.5963884252980362	0.0380621042515859	-0.5729045015112756	-0.1251379876766353	-1.006272425944715	-0.698971350584468	-0.2508736780314703	-1.2836078414285224	-0.975301760188256	-0.3037287919556107	-0.6636714675689778	-1.4827315605412488	-0.987055495481719	0.1346205592725449	-0.8213431946510898	-1.1812174083410896	-0.3492534947160453	-1.642770102091619	-0.7574431045615911	-0.7481295461950109	-0.8127070426056282	0.7151092431398522	-0.2826448050046965	-0.983670286674158	0.0266265888634313	-0.5100172316224617	-0.0673965312213839	-0.3971467600157199	0.004193022723546	-0.3441582976894998	-1.09046996878214	-1.3183607623240534	-1.8123158395071324	-1.7169644956079375	-1.1663757791637612	-0.457512176318949	-2.32048409878752
ENSMUSG00000054499.10	ENSMUSG00000054499	Dedd2	UP	0.7038239538239539	15	1	7	0	6	0	5	0	0.5033861775949742	0.3839927541770918	0.517840374118004	0.9007802453543439	0.19367977395886865	0.40124431694868007	0.314034623372632	1.0534425052764465	0.1777535392942172	0.4539508849815516	0.7384325115430678	0.314034623372632	-0.1671034263882611	-0.0174073314519774	1.6334929272580387	0.2131860076247284	0.7775869932554205	0.1863900795200699	0.1147696845835862	0.241815081867795	0.0866857742916071	0.3694487565441878	0.414455111285739	1.5471444736363504	0.5715955612082728	0.2729171290366013	0.2130357950556493	0.594234118438032	1.0316121240763796	0.388361991927284	0.2005438749291171	-0.1518200530365697	1.6533946176505148	0.3024254496452772	0.1811889923489167	0.6713250804956112	1.5999441524680396	1.3732288153468024	0.1816880836381479	0.5491717498149306	1.307519091646316	0.4374941897459648	1.4029172820117992	1.0534425052764465	0.1777535392942172	-0.0152479350946514	0.3983690758201256	0.2837390377383467	0.3032695311091237	0.2410640496534763	0.1205747050590709	0.5087458777283731	0.061720918047373	0.0875956310875779	-0.0371069168954782	0.575107558963016	0.8234493639619913	0.4539508849815516	0.3546110280802581	-0.0030440976313537	-0.0733799155132589	0.6780153957985564
ENSMUSG00000006021.6	ENSMUSG00000006021	Kptn	DOWN	0.7014189514189514	1	20	0	4	0	7	0	6	-0.4523801138749706	-0.4178172365430027	-0.5916996135334096	-0.47950242218185124	-0.37864427731297406	-0.3596741424716474	-0.6028950231321482	-0.4235540635867567	-0.4120804094992487	-0.34856322197445	-0.9800972800834412	-1.3192256747029067	-0.4513711837402899	-0.3000201900715349	-0.939778973346488	-0.7109891554176042	-0.7420575355616973	-0.2162776407711853	-0.6242782480949117	-0.1343659738249207	-0.48919872350383	0.3455043542230481	-0.6028950231321482	-1.1090968374633945	-0.2912336916009822	-0.2462402740229409	0.0443494038217197	-0.407496283480108	-0.6383323269270523	-1.0859686279109113	-0.3349722197273577	-0.2220909110195283	-1.423856919412754	-0.8704162749142423	-0.8020563672064321	-0.5904964967484574	-0.8329304907617054	-0.4235540635867567	0.0168434974161505	-0.1723427499230898	-0.7478298891927013	-1.00188541111401	-0.4123171819626897	-0.6154311569098617	-0.5264016751020122	-0.6501497616768253	-0.6744923213980825	0.1168559598303496	-0.8394931089461826	0.0469360276665696	-0.2529587906755745	-0.1836365843706956	-0.4120804094992487	-0.4966329525417087	-0.2930334337293039	-0.34856322197445	-0.360326005597214	-0.5517567394892139	-0.0602435461469448	-0.761839615726245	-0.2533755190205829	-0.1816143493468815
ENSMUSG00000036199.10	ENSMUSG00000036199	Ndufa13	DOWN	0.7014189514189514	0	20	0	4	0	7	0	6	-0.47452106385008597	-0.48834631113881777	-0.5230255657227911	-0.5027663277480714	-0.38898625613282184	-0.48330610579665934	-0.5807844049073866	-0.3074770972146717	-0.4573822984353468	-0.5193103238422887	-0.5807844049073866	-1.1832512569042526	-0.4035984366438026	-0.7311487337192456	-0.7630051856193797	-0.4181111482341941	-0.7482297456557573	-0.2459038854683166	-0.7216258132246715	-0.0962051838663117	-0.2994253276306314	-0.4712678684613403	-0.7518767258178962	-0.767212048751364	-0.1330207856613472	-0.2211590809388076	-0.3709982104048527	-0.6185728854373651	-0.356508526505543	-0.9797865885307032	-0.6931694059086457	0.2871729656166881	-0.6563255507925323	-0.6954860165981013	-0.8046613455960454	-0.4043217435472909	-0.2932073353062649	-0.526098767974903	-0.1825408021366189	-0.2040709577781491	-0.3074770972146717	-1.8001920046433184	0.2500514348936423	-0.7490360993824805	-0.506874501079242	-0.4573822984353468	-0.5188954693684404	-0.1163498484918024	-0.8615360758316483	-0.1264889904108112	-0.4833633527691698	-0.094130167686208	-0.7386746042195536	-0.1110947921908238	-0.2640587169779935	-0.4350102566018672	-0.5697307739011063	-0.5193103238422887	-0.2708395772495445	-0.6022820165099463	-0.7099354730004229	-0.2760343194714393
ENSMUSG00000027649.16	ENSMUSG00000027649	Ctnnbl1	UP	0.700937950937951	21	1	5	0	5	0	6	0	0.5323025833484973	0.44305416129332414	0.7618539827640424	0.6488984353461099	0.2034750040717424	0.5149829112120945	0.7208554722587891	0.4740078333773099	0.1049102672233494	0.4121004892093384	0.631229288961083	2.179454781902222	0.5577948738727728	0.4244372158215079	1.81004203165793	0.9469737054486772	0.8389786078085838	0.4512284578173364	0.925276105023283	0.1729881734560455	0.0685361902608737	-0.2625857941935915	0.1839019318419792	1.4540111500146815	0.1852753274336994	0.7208554722587891	0.1021540729341955	1.1117936795907817	0.7199817402827062	0.8459364698415585	0.7126453135011432	0.0397169544809432	1.7251605276336694	1.2638385788920552	0.8301811225689414	0.7965112250868492	1.1337403304304243	1.1689833446883064	-0.085638758135999	0.4044288856967175	0.2120974871764004	1.1444485074786572	0.4740078333773099	1.2239617471413766	0.1723132327969023	0.1049102672233494	0.0925741764360652	0.0297995725967703	0.7858261331936395	0.0677186704901299	0.3051127711957096	0.0787523755627887	0.3957568547797323	0.0617230304439998	0.1437379600700791	0.3018515393925123	0.4121004892093384	0.5576493797689432	0.2627224007981134	0.6329180791890129	0.2487965494069036	1.1888419407198376
ENSMUSG00000027455.17	ENSMUSG00000027455	Nsfl1c	UP	0.700937950937951	21	1	5	0	5	3	6	0	0.5301425470385683	0.6414253385807336	0.5847876364380608	0.6043014757427022	0.14263014862180035	0.7888509273517104	0.5399227269653829	0.7429279501960844	0.0109778319860371	0.7716502826168781	0.3259928966264617	1.241303060973116	0.1789300420022795	0.8090256240980039	1.817126918569729	0.3967438478879056	0.9606398453324712	0.4173043076195864	0.5836135286103528	0.0364421960209464	0.2434293078907936	-0.1655333048403065	-0.0046707207218836	1.093709890915346	-0.0032729426149892	0.3227220459178916	0.0593244077185631	1.247238318187018	0.684973286548999	1.2041597749797466	0.4234976917030769	0.1548879655048838	1.2946928665562778	0.6426743174187395	0.7003338950027838	0.5399227269653829	0.584054388954464	0.9647468400641124	0.0716160866171285	0.5161869347466332	-0.0216469096080539	0.7429279501960844	0.9559800898070268	1.0002993383759835	-0.0795021816540654	0.738179985539115	0.3950737893640821	0.0109778319860371	0.6622731548288566	-0.1002066607747222	0.2694933797051977	0.1897352007523913	-0.2592769806658613	-0.0233766082019317	-0.2344392760392953	0.7716502826168781	1.3771966721854465	0.6359334945968399	0.6328571713727658	1.0671851017772287	0.1993992866236475	0.8377344822891661
ENSMUSG00000030779.17	ENSMUSG00000030779	Rbbp6	UP	0.700937950937951	21	0	5	0	5	0	6	0	0.3502336451754694	0.29717430434518105	0.4801647749793693	0.4624467148854779	0.18879183741507352	0.26953125342195694	0.3793795312035362	0.4161995568968298	0.1173474088369852	0.2149690774868259	0.8221749418462558	0.5621420881291163	0.1491912554148001	0.7268934849215614	1.3458793263833195	0.3160566521518777	0.6797172697880394	0.3380341887942215	0.6678483650875193	0.1576865045951124	0.3888960799813457	0.2537489412623394	0.0152304986988683	0.949950711761914	0.1119697690714434	0.1093028248953111	0.058219411883444	0.7121165426290852	0.5795977084065851	0.2690510254017995	0.2355372837903308	0.1780539045695472	1.6634548684945607	0.3793795312035362	0.4649362274946594	0.2046252971984838	0.6247542205878932	0.5173984789240118	-0.0761392650299232	0.4161995568968298	0.4106336122395477	0.2449157642596867	0.9695561839807072	0.7545626729274852	0.0124316139243255	0.0584833712037594	0.7271911238172332	0.2335673039428906	0.2956716780625769	-0.1181437935391464	0.2757974420862495	0.364184928736518	0.1173474088369852	0.063883178876606	0.046295955617811	0.4264208339220329	0.4787606098022396	0.2149690774868259	0.1770189266300123	0.181691298230733	0.1506248311048841	0.2572331967769709
ENSMUSG00000068039.14	ENSMUSG00000068039	Tcp1	UP	0.700937950937951	21	0	4	0	5	0	7	0	0.3474563730041397	0.321371443530449	0.4296817964755257	0.3476299550028689	0.1789268589633344	0.4335868815748296	0.4469313461914678	0.2527012294757389	0.1161238063695048	0.3900416575851591	0.2547580316704201	0.7605133772440779	0.4721038656818997	0.0331421478673855	0.9153073779681477	0.3650506122260065	0.729227886807569	0.3353986366571295	0.6366576683968241	0.0705267701978382	0.4469313461914678	-0.0617552195053197	0.0758533064576443	0.8856926953146974	0.2189827380908265	0.5115007387165424	0.3820455063103327	0.67637833623175	0.1322585924461417	0.5715084555178449	0.5457182144096542	0.0368907544720807	0.8091136333705349	0.7698101365660186	0.4646954000593459	0.2717157539468831	0.2913817415254501	0.6929211702465801	0.0756911542363874	0.1760518022833796	0.1092566851042967	0.7849538475430295	0.2527012294757389	0.3418337961306702	0.0975376553060723	0.2144527095487982	0.2754511080216335	0.1161238063695048	0.6562434445086246	-0.0076700544163259	0.3083297185446394	0.3052047859863578	-0.030107433916864	-0.0146084327701095	0.0472381414143475	0.4875820725364801	0.7298284945707989	0.3900416575851591	0.3309008332946308	0.5824860067061249	0.1931681293306712	0.3211009769999421
ENSMUSG00000021339.5	ENSMUSG00000021339	Mrs2	DOWN	0.700937950937951	0	21	1	5	0	5	0	6	-0.3539069247572806	-0.3341763397245809	-0.37671024469748343	-0.3602959013232456	-0.19591004024671507	-0.482711512761678	-0.3177862394587085	-0.3505664399904533	-0.1475601022754724	-0.5401742017292935	-0.515432055709345	-0.2643708202378708	0.1022150340314902	-0.0852404446322826	-0.9565961458542758	-0.1963554929356403	-0.5229897954867988	-0.3594552183703605	-0.6154980587453242	-0.190141506280229	-0.274900873122081	-0.1888453540206379	-0.2787430573504275	-0.6943110104949386	-0.2160934217460802	-0.5211695254592763	-0.3177862394587085	-0.454097713600954	-0.5429206512175571	-0.5569666619543864	-0.3900238163503266	-0.1969285007073095	-0.6881679297708934	-0.1702820496390212	-0.2334558566908283	-0.5273863104717004	-0.3152331305562906	-0.3839376168054041	0.2588383643877939	-0.285376062195273	-0.424567505211382	-0.2925148301728653	-1.0439472192751358	-0.3505664399904533	-0.3432984467652547	-0.93051040330528	-0.0123816196313081	-0.0558353149959981	-0.2579804965674472	0.0811699270628377	-0.2296864467341306	-0.1475601022754724	-0.1295517204499034	0.0192728396867035	-0.1486486587386125	-0.5401742017292935	-0.1513516807962876	-0.5840054512602293	-0.7302753426305842	-0.4708988990286431	-0.2569467472809411	-0.6453282666057668
ENSMUSG00000070509.16	ENSMUSG00000070509	Rgma	DOWN	0.700937950937951	0	21	0	5	2	5	0	6	-0.6811860439088743	-0.7904199344046003	-0.9140116646640655	-0.8870771286783834	-0.1484094087562954	-0.7752459735367528	-0.820441568897499	-0.9331712726568197	-0.1108125460173351	-0.7603982999117018	-1.25168182199604	-1.7133111034345236	-0.7631724579137443	-0.369634267332279	-2.1688843725896083	-0.820441568897499	-1.5739004553088365	-0.2483480842446208	-0.5548222591920394	-0.2403978200381506	-0.5591126609710698	-0.5710007902473944	-0.3326833387913162	-1.2388301506772423	0.0101056334298563	-0.6398884821982137	-0.6332851059272635	-1.3098944554528276	-0.981213543958899	-1.592927931200404	-0.7039637554156996	-0.1827351461626628	-1.2642057972596663	-1.395722714522586	-0.9400680498138676	-1.1841825832300052	-1.4541118625831664	-0.3499030267527444	-0.1561992781284871	-1.409397204231338	-0.9331712726568197	-1.2541656848797222	-1.4710922603352972	-0.6356111737642762	0.2849884504994188	-0.7404507469535946	-0.4762242925868261	0.0593850084588251	-0.8831596138341609	0.1413515357499364	-0.1108125460173351	-0.6210977062313665	0.2198537118030293	-0.3472441119316744	0.8409068147244984	-0.8647142954804222	-0.747141272719334	-0.7097455336724188	-0.7603982999117018	-1.350358230924843	0.1275609843761705	-1.1219251664247212
ENSMUSG00000058070.15	ENSMUSG00000058070	Eml1	DOWN	0.700937950937951	1	21	1	4	0	5	0	7	-1.1576448277279545	-0.9738432086710997	-1.0904437079729514	-0.9631842275048491	-0.4757725305007727	-2.101178844933245	-0.9783444982062436	-0.9693419191359558	-0.258701170427811	-2.2495432722277355	-0.5539835996759102	-2.669293605682892	-0.2962803049771946	-0.30622567250783	-2.04013092110172	-1.4028743023690018	-1.808001329860557	-0.3184700049268972	-2.1419255131755595	-0.1849984596816293	-0.5566231828049643	0.1874793171691065	-0.9783444982062436	-2.0071738056783874	-0.2167588367108254	-0.3477131084229028	-0.1964811053715903	-1.074614412535415	-1.5752658817761218	-2.677082686818452	-1.3238143810294063	-0.1954236178149454	-1.8453602966195533	-1.8442348620015627	-1.4319775910579906	-0.7330060645313341	-0.9034013870999044	-1.2495357322347074	0.1358923728936745	-0.1914597861805074	-1.0131557795994952	-2.6128661752770093	-0.8418225729999428	-0.9693419191359558	-0.043750382828349	-1.595460618633748	-0.3279954181240517	-0.1289642225971001	-1.9363771295141607	-0.0616415642051611	-0.5704498669366579	-0.258701170427811	-0.29100517185329	-0.0622067392155399	0.0430544488273695	-1.5298662696264935	-2.2495432722277355	-1.7872191616274675	-2.3701420363355434	-2.8623377741320786	-0.8490350027632892	-3.060108397820111
ENSMUSG00000068663.15	ENSMUSG00000068663	Clec16a	DOWN	0.7000962000962001	2	16	1	4	0	7	0	7	-0.40954069499577367	-0.3372137483624959	-0.3763959333156632	-0.4652140793363834	-0.29719967423403637	-0.49935309309701176	-0.294661189819375	-0.5321557644560245	-0.2211344511368774	-0.3797663069056168	-0.4687818367690057	-0.4249188428453171	0.1879024351380901	0.0409978868128169	-0.9345980367504444	-0.5343032272384906	-0.2884366457575192	-0.208931178656551	-0.7524529906620256	-0.2629163153005641	-0.294661189819375	-0.0608617127075108	0.2410872447601351	-1.1639914823191146	0.2960243392425582	-0.384430028628369	-0.4681409545068839	-0.7274082726025266	-0.6830458694723605	-0.2926567117205977	-0.4428511222705051	-0.204487910446758	-1.2696138865275488	-0.2032310031336933	-0.2686497521819941	-0.2308184932554289	-0.358514641903922	-0.6948674305937723	0.2769125764388681	-0.2025290227281236	-0.3907868778683785	-0.6133103995864639	-1.0997616365607894	-0.5321557644560245	-0.5577188252549243	-0.7548426334067435	-0.4124841005218733	0.0104753174324956	-0.2211344511368774	-0.0041332050430638	-0.1770692646195537	-0.1181894770979992	-0.5498033897812786	0.0902320830494534	-0.5745284701940353	-0.3552009788283057	-0.3797663069056168	-0.7356173162653559	-0.4737828001065026	-0.2075318535779868	-0.283653355122863	-1.0599190408724517
ENSMUSG00000027274.17	ENSMUSG00000027274	Mkks	DOWN	0.7000962000962001	0	16	1	5	0	7	0	6	-0.5043393519145619	-0.5029996819560145	-0.40008955550656505	-0.5666116194757682	-0.4690868143242993	-0.5815694183516152	-0.4184424672950218	-0.6207345478888281	-0.3310697003514987	-0.5875568966170072	-1.1976442551893207	-0.6551119002286625	-0.1540994630230116	-0.7344631217659635	-0.523329996368548	0.0306619513592106	-0.3763062100682165	-0.1673160906115013	-0.5800272129404306	-0.2135963065866846	-0.2380112831815143	-0.4382160638138194	-0.4762915713270282	-0.5813616499932733	-0.2108642561180307	-0.1341000120459884	0.0030245988425762	-0.4966838717616547	-0.0075140228351116	-0.7179245549345125	-0.5566556664864154	-0.035671416568668	-0.831690362639865	-0.2655045074063106	-0.4721974518635281	-0.4184424672950218	-0.3530808338259633	-0.3760320921678872	0.2776359965636245	-0.7512984849497613	-1.4470324039269136	-0.7455759819349541	-0.3032438220256576	-0.6207345478888281	-0.96092659242414	-0.3369005993426834	-0.3071194366306919	-0.2698857411572948	-0.8161630375660316	0.0306124123822721	-0.6933187889063833	-0.3310697003514987	-0.3252776548086092	-0.0861336786115892	-1.0637721401506424	-0.202381760217333	-0.3772205765945939	-0.6488562271099566	-0.7994468002247149	-0.575439964583539	-0.5875568966170072	-0.8800837031141618
ENSMUSG00000023809.12	ENSMUSG00000023809	Rps6ka2	DOWN	0.7000962000962001	0	16	0	4	0	7	0	7	-0.7210898152534396	-0.32770384833069743	-0.30417763305487355	-0.573881951131972	-0.3794651437419013	-1.6268345330850116	-0.3323120764643954	-0.3230956201969994	-0.2730350549867242	-1.500588442677061	-0.4931849822781729	0.0836543704220691	-0.3803978063942577	-0.0569337052429084	0.3316772195452699	-0.385756389395582	-0.514114040973003	-0.2742047351313634	-0.6054955517546989	-0.0089528959323422	-0.3757430692667142	-1.5594781294344526	-0.5594011795106074	0.1672493332779802	-0.2345924365671425	-0.2337514069335193	-0.3994756318316179	0.0929053040665293	-0.247090661646805	-0.7603074155729763	-0.3470896140742237	-0.1431436961107417	0.4691974984028596	-0.3323120764643954	-0.1179860682421018	-0.6614505926398077	-0.66661773279886	-0.3230956201969994	-0.1307941454609453	-0.9692785764141362	-1.4093968804084749	-0.1337792885353529	-1.200766092001674	0.1499369450937782	-0.2175492122405388	-1.484379759831845	-0.2808500201701736	-0.0985363614843406	-0.2730350549867242	0.048853726785525	-0.3256248339828486	-0.2492760902173388	-0.6357509725031799	-0.0625657335690966	-0.5954022689603544	-1.297400693797524	-1.3127699077342707	-2.296629510189708	-2.07586541738346	-1.500588442677061	-0.4839027050428565	-2.420685054770199
ENSMUSG00000022008.5	ENSMUSG00000022008	Gpalpp1	UP	0.6996151996151996	17	0	6	0	5	1	6	0	0.4031995462077784	0.37267714971646204	0.379206618841808	0.58311373660329	0.21133067449912604	0.43914715488688943	0.3054865306779684	0.698994201541318	0.1712566071134476	0.4398677687549557	0.821598153872722	0.5873371709297869	-0.1299579407448306	0.5420559941432493	1.3247802062015208	0.5006961369442876	0.3396829318930085	0.2043192420469071	0.0862771104955836	0.1968306101109929	0.2054621296448965	0.3054865306779684	0.1202243529784996	0.5941377793091995	0.0071565172151872	-0.0430659052946187	0.1932165042592236	0.772189853487874	0.439546590830298	0.5236859087001374	0.0137200888684232	0.1142266500432232	1.1354782742628438	0.3591369153841191	0.1942767779202207	0.1677933619242844	0.6622867626238084	0.7210383399941193	0.0729545009137877	0.3703564194606781	0.4716687177042472	0.698994201541318	0.7765606003073662	0.9702233763015136	0.0999540021629074	0.1712566071134476	0.6032446359822875	0.0667647088460672	0.5398153971668328	0.4780720432514682	0.2083019771208952	0.2146734519969892	0.0802635399691063	0.0377660717332705	-0.1754750158528851	0.4819177114374456	0.7241060212230528	0.4398677687549557	0.3427848486852402	0.5083840926230715	0.1767582044575336	0.4002114370269273
ENSMUSG00000006299.14	ENSMUSG00000006299	Aamp	UP	0.6996151996151996	17	0	5	1	5	0	7	0	0.35669452034169336	0.3557149225781895	0.40111612469549135	0.424863650117441	0.08990943156808412	0.5108888749857571	0.2629966300946726	0.5027050209241735	0.0437457524110759	0.4484332150617064	0.1718034534024684	0.925265644610122	0.089332215478419	0.1580756739388983	1.3313846565090828	0.1950353041439151	0.6765663530564486	0.2757768149362105	0.3515162565766342	0.1113495912304774	0.1029695201413015	0.5828928152984718	-0.1180418525874255	0.8896196201633199	0.0566031186717856	0.3401285404430348	0.1335231616860591	0.8001951481071826	0.2479572227571541	0.7593564338707918	0.1753979027171452	0.0849049702213124	1.0942304421473903	0.3889654445672839	0.5196592185606679	0.2226710660354434	0.2629966300946726	0.9297248955258988	-0.1449247509113093	0.2219031932450269	-0.005469120784011	0.6864236328504085	0.5027050209241735	0.7836826799718997	-0.0023506647412032	0.303024537602363	0.2357641661353605	-0.0186090439467079	0.5024662161327722	-0.1000863111434412	0.2932048602936952	0.1921222336993288	-0.417042397551341	0.0437457524110759	-0.0432356016429768	0.4484332150617064	0.9377137060276844	0.4024969940415503	0.4220339491135938	0.7168428512935908	0.1764803978958277	0.4722210114663464
ENSMUSG00000011658.17	ENSMUSG00000011658	Fuz	DOWN	0.6996151996151996	0	17	0	5	0	5	0	7	-0.5440979533955445	-0.4185394860493362	-0.4547942704329226	-0.6505472621416175	-0.3086560378109832	-0.7623942431966545	-0.3391967963660433	-0.4969848171702336	-0.3400941549284388	-0.7830273377800784	-0.6378433170501429	-1.157939632707082	-0.0916186439659635	-0.2595575134630175	-1.4896462294393769	-0.531977205521017	-0.5693011754145978	-0.1625955498760003	-0.4682300629886085	-0.0364847960032168	-0.1723008159196711	-0.2042262062288084	-0.3028631418152298	-1.0891252075917142	-0.1947974526519013	-0.1517409258392176	-0.1205942004861752	-0.4741665668007531	-0.5273217388309854	-0.9509257956396006	-0.2878904658239424	0.0056565333844991	-0.9783422559272864	-0.3391967963660433	-0.2829351573202009	-0.3533512207683484	-0.4501297606345077	-0.7801583509527518	-0.1732225173260788	-0.2842043081804002	-0.2946152092077947	-1.2884172278152697	-0.4969848171702336	-1.236228404338794	-0.3604968931676438	-0.8068961379118799	-0.4725138179141355	-0.1134513966080589	-0.7273275539243844	0.1298416345101531	-0.4743057397918338	-0.0882627664883028	-0.3400941549284388	-0.0783559700899045	-0.0633536196063859	-0.7093031462982189	-0.9041668411141932	-0.7830273377800784	-0.6957292204643857	-1.063279755312061	-0.3786755185510529	-0.8025778828565907
ENSMUSG00000051341.7	ENSMUSG00000051341	Zfp52	UP	0.6987734487734487	12	1	6	0	7	0	6	0	0.8854863048892819	0.7363101340616034	0.431353907336237	1.23760571281985	0.5078932735374059	1.365092325863635	0.2795511089427919	1.0995787809175306	0.3730414872056763	1.576051081240958	0.3183235439068778	1.364170994709632	0.2795511089427919	0.171834162024072	2.0280723423782243	1.0839558344155489	0.2133909354197459	0.0042683711909055	0.3999579141595674	0.2526315658127973	0.1498958698810614	0.1408068488628392	0.3701934419678212	1.3597362958420405	0.2354942936975666	-0.115781384504924	-0.0626471404647232	0.4897219555409704	-1.023865006926875	0.2925751957834082	-0.7658554427957349	0.1680730858479938	1.6513089913724186	1.4684912644520178	0.5416746353301656	0.0943426180609754	0.536233203171214	2.122670974372748	0.3345775426657089	0.5131487353805196	1.3759526362205228	0.8990553284155525	1.0995787809175306	2.3182559917663688	0.3730414872056763	0.8202857725052158	1.7960107134970975	0.3252647395653575	0.7043438835528907	0.0985412819978442	0.061418322716531	-0.0309818140897292	1.114618240182908	-0.1420248433376779	0.466308225115351	2.002974527321409	1.584500179180036	1.0148840964585737	1.576051081240958	1.231635403257413	0.0081083886664999	2.1374926049205563
ENSMUSG00000025736.16	ENSMUSG00000025736	Jmjd8	DOWN	0.6976911976911977	0	21	0	4	0	8	0	5	-0.5572893720005694	-0.4553586072114425	-0.6282626488370009	-0.8415650017010446	-0.45227115544810187	-0.30705868201612985	-0.5185615215736249	-0.7615748973439609	-0.3921556928492601	-0.2484425257284913	-1.0336088802092311	-0.909494271116378	-0.0645205352224936	0.1022824718003682	-2.2474048062663603	-0.4215695503656133	-0.7362939134321205	-0.3670682788200318	-0.4468846025226642	-0.1541421348200484	-0.3300630020412895	0.0276889999498877	-0.3198166492886221	-1.2566021064307782	-0.2831801917644819	-0.5592524350799676	-0.3653678991782577	-0.7094440338448902	-0.8638692090334279	-0.7702796194374603	-0.4653196916394434	0.0007590433597235675	-1.8156722843705264	-0.5185615215736249	-1.035598184644179	-0.5328341237638606	-0.8869741088432533	-0.7593653351339239	0.0159620300427435	-0.6483400593647043	-1.147074959443506	-1.112397988981621	-1.4781638016823393	-0.7615748973439609	-0.4684103631288808	-0.350119625244197	-1.0784439343903434	-0.3921556928492601	-0.7464142751584371	0.1109655066276579	-0.6978008374381377	-0.4891993397539956	-0.1798614983298632	-0.3157859694034567	-0.3677566808602062	-0.2907092578143702	-0.2484425257284913	-0.2293082220619689	-0.1866556279139156	-0.5766079006692755	-0.3885671728356931	-0.2291200670891948
ENSMUSG00000002803.15	ENSMUSG00000002803	Btbd6	DOWN	0.6976911976911977	1	21	0	4	0	8	0	5	-0.5926824648371519	-0.4907600233865268	-0.8110891046633206	-0.8244333003962817	-0.3610564556634165	-0.37415099862558915	-0.5781291806120183	-0.9142639069160042	-0.3386379473100132	-0.4033908661610353	-0.5973505513169012	-1.7373688745336529	-0.5343011728260286	-0.5397784602115027	-3.2174834438100257	-0.5781291806120183	-1.2580664901251055	-0.4668720668708155	-0.9838668870672754	-0.1297402042466352	-0.5686261409548237	0.3975518465199186	-0.3542131606565603	-1.2998364914251597	-0.2612736778857234	-0.8107013031004544	-0.1506765795331875	-1.3770352185368064	-0.8462956846717284	-1.255050455029101	-0.4360069930269269	-0.0704433851704155	-2.3285929508988423	-0.3224797964135738	-0.9183270504657384	-0.5046972457893437	-0.7497442072512246	-0.7848228967604958	0.0169224044367044	-0.9142639069160042	-0.6805576838697645	-1.2946491407383274	-1.07849358215142	-1.0351682967746638	-0.1644522046237407	-0.219684804638626	-1.0243298760887505	-0.4942610038048194	-0.5433717352169107	0.1213216460361997	-0.3660824165035878	-0.2298255717252506	-0.3386379473100132	-0.2858461768472277	-0.4264509215748544	-0.5163995585979785	-0.3348672896358626	-0.4033908661610353	-0.7413998593661262	-0.0145124794676673	-0.1265852319819957	-0.4819017051684582
ENSMUSG00000052684.6	ENSMUSG00000052684	Jun	UP	0.6972101972101972	22	1	5	0	6	2	5	1	0.6437117587184942	0.6260833097895614	0.6945416947360898	0.5615387913881267	0.29603945907605717	1.0227270896737028	0.7951227688388175	0.4570438507403053	0.3100510870417716	1.4679753304424918	1.0273893701404126	1.2322364238083878	0.2587823973081871	0.9038468105243592	1.058775296460436	0.4235187221234756	1.4437736860340742	0.3573467789946773	1.1438952822385402	-0.2317873534098141	0.8234180051169973	-1.4473134898212523	0.8430126171163017	1.3326168254825277	0.5145785461687011	1.2725272205652598	0.7343958376513342	1.3628034469130643	1.283114489140747	0.7949139672449399	0.8889349611925276	0.6647061784777014	0.7951227688388175	0.4946657431266279	0.5949033740774281	0.6177338086325895	-0.4352859562726217	0.4756176845995538	0.4288031940938752	0.4570438507403053	0.0808542979450031	0.7756101154865652	1.4289987149228427	0.2838436819287417	-0.1021640042887195	0.4746139658858754	0.1305164068428417	0.9288248698086944	0.6417476673035034	-0.0946344501536494	1.2094523936456554	0.7786437330254453	-0.7620791910315549	-0.2585384282432348	0.3100510870417716	-0.0869541184035495	1.4679753304424918	1.2264630643932566	1.4977714505778592	-0.3946058643443691	1.5868836967215865	1.861556068328644
ENSMUSG00000031862.12	ENSMUSG00000031862	Atp13a1	UP	0.6972101972101972	22	0	4	0	6	1	6	0	0.3827147680080152	0.4321189072760358	0.4688454638515271	0.4513030213618313	0.14685929147920687	0.46385129533949565	0.3927486018993837	0.616389701523569	0.1633860647314508	0.4714892126526879	0.4052610979035684	1.105865496666905	0.3608315380462363	0.404070399375444	0.844431105901651	0.1199156427183763	0.7295507699277587	0.1181707797095434	0.6324328768431938	0.0933085416068316	0.2389084987966992	0.1589118115358931	0.340708790992919	0.9115775492806558	0.3927486018993837	0.2964832417106229	0.1693868037952839	0.714147040778239	0.34545176172368	0.5891490927471525	0.4344011849600891	-0.0070811954826233	1.0296086130083852	0.720125926169011	0.383066844188464	0.378480327083094	0.7489143821047723	0.6313107572158455	-0.0953222379905093	0.6243760104440267	0.0678452582223259	0.7796934408484181	0.616389701523569	0.5348282192691435	0.1633860647314508	0.0901316486583974	-0.2766619837695467	0.1604090083833471	0.6791982737561042	-0.1244289541307792	0.2655877254849981	0.215939400040512	-0.1355967198608099	0.3392355718138913	0.2382521711637107	0.0590339356907436	0.7986642762404034	0.5961323343265015	0.5978221739655246	0.4714892126526879	0.3763893763693576	0.3474277581312514
ENSMUSG00000029221.16	ENSMUSG00000029221	Slc30a9	DOWN	0.6972101972101972	0	22	0	5	1	6	0	5	-0.29403965124114456	-0.32437038333049084	-0.3160686774094706	-0.3437280111994515	-0.2195566720881187	-0.29680524426753746	-0.3512986318023768	-0.3268817063287037	-0.3218590603322779	-0.3090821845339133	-0.43679236335863	-0.6681847666899895	-0.0196011212379184	-0.2452127360718859	-0.3742693105351114	-0.3145748817119845	-0.3115165240091332	-0.1431471156566375	-0.4140268034696355	0.0500783351042715	-0.1864880569513304	-0.1949489237732291	-0.5677763958046053	-0.5039263685455981	-0.115303512464099	-0.0781706753536053	0.0838194402483952	-0.286497840867723	-0.4799994116686656	-0.5346095823368753	-0.4688995550408704	-0.4121112946073132	-0.458449953588239	-0.3690955990068625	-0.2737353159706189	-0.3512986318023768	-0.4591153248854348	-0.3132130839402046	-0.0059986994310917	-0.2268488087597214	-0.3268817063287037	-0.4118205964078699	-0.5261395246962781	-0.5951936588322909	-0.3693632641078939	-0.6832317553843272	0.4449132037240736	-0.0756997899588807	-0.4925897237027498	-0.0348434579270148	-0.3576195905327528	-0.1226374783378765	-0.3218590603322779	-0.0641757533793253	-0.3380167230302802	0.1341069458606236	-0.3090821845339133	-0.5581141369697731	-0.3340049123569906	-0.195164091162522	-0.2619284618888668	-0.5534498688213201
ENSMUSG00000061461.12	ENSMUSG00000061461	Smim20	DOWN	0.6958874458874459	0	18	0	4	0	6	0	7	-0.43592251297040563	-0.31065735960427837	-0.3515670539163682	-0.40203953111515073	-0.2574023865321268	-0.7326810803179767	-0.3187117310507465	-0.3026029881578102	-0.2859990950170057	-0.6277719557537043	-0.2744072290386189	-0.8427055987219402	-0.0232846662959764	-0.6613074679142646	-0.403315901240067	-0.276316541807114	-0.6243041800108191	-0.2591271488897974	-0.6453916528164025	-0.0472490645671618	-0.2376042530183379	-0.3155401444780922	-0.5095578706297532	-0.3096381202584682	-0.1268933659721743	-0.1311771991370678	0.0916422027840987	-0.3501900696067645	-0.4604519502953813	-0.7495924743360395	-0.3386477265626101	-0.1302822841306752	-0.3187117310507465	-0.2824392651736005	-0.3456163209652481	-0.5236227083154861	-0.3965777232934321	-0.224109233680732	0.0771212648648438	-0.3026029881578102	-0.6602410120241778	-0.8293625554497753	-0.2288431851748043	-0.6462390081835994	-0.4337781648718383	-0.5718624643112336	0.0294507892312928	-0.20088666641565	-0.5718182722264213	0.0089507610476512	-0.3223851183713969	-0.1755304384664346	-0.2859990950170057	0.0244747549443358	-0.3320423373966945	-0.5994508964640681	-0.5998150471975049	-1.080998503938842	-0.9257355766167414	-0.6277719557537043	-0.6227166762468491	-0.6722789060081272
ENSMUSG00000041261.10	ENSMUSG00000041261	Car8	DOWN	0.6958874458874459	0	18	0	5	0	6	0	6	-0.7533327505970387	-0.9107829668247074	-0.8910144192849982	-0.9309960457304189	-0.38062275410378715	-0.8106977832689507	-0.8925131885390056	-0.9874337585038576	-0.351283786857228	-0.929052745110409	-0.8384460872397334	-1.515865598047001	-0.1956492302279998	-0.3633417061864644	-1.8986503597251132	-0.2341197803763268	-2.1588546604374503	-0.6874946552803933	-0.946580289838278	-0.3786243497368177	-0.6848892803442435		-1.0907164519069348	-1.3532365873367516	-1.2083083350598047	-1.2066980906868	-0.1265383359423257	-1.7526798293258494	-0.115599087640955	-1.0960568158530426	-0.7159852442154294	-0.0252673993750567	-1.328943664340244	-0.5226620920575192	-1.3905275737770664	-1.4839067084906046	0.1532673120382489	-0.8465492757859502	-0.4847429820246774	-1.719844169576356	-1.2869368582525638	-0.9874337585038576	-1.4965611306984818	0.305095854728954	-0.7987728506948173	0.2065325701184342	0.2622844171624731	-0.2591560408765951	-0.891156294448785	-0.0323338145420223	-0.642309095946229	-0.4145518205187469	-0.2792419252791056	-0.351283786857228	-0.9868616532590364	0.1101593072806365	-0.6662309931947088	-1.280587171225677	-1.103645666244431	-1.3620828475494196	-0.4434443668386461	-0.929052745110409
ENSMUSG00000040321.4	ENSMUSG00000040321	Zfp770	DOWN	0.695045695045695	1	13	1	5	1	8	0	6	-0.49336031793281454	-0.49768757988928214	-0.3474031796162589	-0.3715450421298753	-0.555391506579602	-0.6991015434055218	-0.3312082217330663	-0.4137255307384423	-0.581649629040122	-0.741982716449271	-0.3441607674424276	-0.396715591760708	-0.1729112167369741	-0.1026268791998151	-0.5306082807053477	-0.1229336138706668	-0.6211017162777476	-0.5305501342266657	-0.2223695101924326	-0.2409007995563277	-0.1172239298578129	0.4727438496122039	-0.2806441843899383	-1.043945433339166	-0.10572541971748	-0.5090491242105768	-0.3312082217330663	-0.7290429388117511	0.0379940416970713	-0.7632930531637419	-0.38080292933303	0.2206400490255485	-0.8979322442231115	-0.3030331036551298	-0.7591460595126689	-0.3816748212013222	-0.223663816855905	-0.8320845272396657	0.3968212928874987	-0.575412193873953	-0.6201146644665247	-0.2981117007832914	-0.2581879706947484	-0.4137255307384423	-1.1855683414602305	-0.5735542014532812	0.425770406527831	-0.1431895217581742	-0.6242419085168778	0.0701746663450616	-0.980152860306487	-0.581649629040122	-0.8387426695754454	-0.3006316597910874	-1.3775208533468102	-0.0972628308597028	-0.3946145783000962	-0.8902340609182355	-1.37867747715103	-0.741982716449271	-0.4599683518090459	-0.9309707883512702
ENSMUSG00000020743.16	ENSMUSG00000020743	Mif4gd	DOWN	0.6945646945646945	1	14	0	6	0	6	0	6	-0.6116270367068772	-0.6082692519825438	-0.42646153475618775	-0.8675628311004324	-0.3192598860582376	-0.833223894912651	-0.2668891861920481	-0.8762240345970377	-0.3403144693680499	-0.8948704093541601	-0.5478612689071144	-0.7670147185783792	-0.0759911143404138	-0.4291135588904234	-1.4256129411967278	-0.2317717190439004	-0.7127843525735813	-0.1857224921619613	-0.3165758375184846	-0.1695431487412297	-0.2976587661780905	0.3407442628175762	-0.1632638839913193	-0.9307962103052428	-0.208608706982219	-0.1045043327242114	0.065385847259446	-0.7749228442938675	-0.0858622169964584	-0.7818890774045003	-0.2668891861920481	-0.0752830096332671	-1.418060062841045	-0.9119497501479016	-0.7956310038956439	-0.0431157303502501	-0.2001656146058091	-0.8762240345970377	-0.1238442976493465	-0.9649985821901916	-0.7159397319404602	-1.2583511646229375	-1.4932629804394273	-0.6403190262636262	-0.4984265550962432	-0.714860110365985	-0.3403144693680499	-0.3544953181958198	-0.8226803344436383	-0.0599567079602054	-0.1346571912911358	-0.0661376182718724	-0.4706795862599752	-0.1050479086795934	0.0553970532919046	-0.9010109920970164	-1.111492256401006	-0.8948704093541601	-0.7082030583920449	-1.060588572238901	-0.2788756404526137	-0.8775263354528156
ENSMUSG00000029600.11	ENSMUSG00000029600	Rita1	DOWN	0.6934824434824435	0	23	0	4	0	7	0	5	-0.6611570278826739	-0.6058715875738062	-0.7572972798719894	-0.8332468175811591	-0.5373997756287632	-0.5166842384487838	-0.6300077730901398	-0.8699548728610239	-0.477355611822045	-0.5817354020574727	-0.7767551913559603	-1.7811972982565916	-0.2949624373756107	-0.321273274202001	-1.5551860143802847	-0.560923450553647	-0.99614287305188	-0.3898566777566205	-0.7154513913936965	-0.3683233904769131	-0.6155317852856962	-0.5060856304715768	-0.2637727536863909	-1.140020247860733	-0.475196327072798	-0.3982659959081888	-0.5905059133448276	-1.1068569915224231	-0.7253683711076433	-1.416240278172819	-0.4155940938026423	0.0038305049060551	-1.9562963458348748	-1.0144440197060338	-0.696870209469127	-0.6300077730901398	-0.7397283263106518	-0.7175860135361012	-0.0049082564643661	-0.5947171839585497	-1.0223237321859466	-1.5749359821128943	-1.0850097372290963		-0.4797256165826174	-0.8229278611254184	-1.0198849382770074	-1.251343262695741	-0.3925347467684895	0.0178977828374621	-0.477355611822045	-0.2005440760265224	-0.4639543015350311	-0.2570653103679804	-0.5639595895530053	-0.6263504912815422	-0.5817354020574727	-0.5911152184032811	-0.7958178950778342	-0.3319854833359994	-0.3183640564372601	-0.3714211225480967
ENSMUSG00000026024.15	ENSMUSG00000026024	Als2	UP	0.693001443001443	24	0	4	0	5	0	6	0	0.6148981322331731	0.4406377631162127	0.7910428976942186	0.72848329823912	0.30734306441084214	0.6327232685885119	0.5817280070039407	0.2995475192284848	0.1268029513684478	0.6879697661637344	0.179728887110221	1.6027609668185638	0.5145825108638247	0.9917258734809996	1.920805493658884	0.5504905573540256	1.5570818184939073	0.5817280070039407	0.7678865031665908	0.2460987681231774	0.3951040855909833	0.1783026125019804	0.3363449903817552	1.2039829772305286	0.0909927618789842	0.5262617446787994	0.3074295527321681	1.5235715472654137	0.9626807532085544	1.424151247289848	0.8473130261781863	0.3305870702481023	1.74800064541521	0.8101625865345946	0.9470787884653544	0.5467807737517554	0.266523688317553	1.2636166123950408	0.088902581477079	0.2403503220663244	0.2995475192284848	1.9051664502720331	0.1750158048052033	1.126783797429674	0.0571573314880126	0.1984957689535183	0.9667577481979288	0.0356604556862271	0.981997030241146	0.0756310323418461	0.6173213779548512	0.1268029513684478	0.047436577587111	0.1214687125866049	0.1520447221135697	0.8119429042487248	1.11544166499358	0.5088220454603287	0.2709577548938488	0.8290787071648898	0.6879697661637344	0.2048500371944774
ENSMUSG00000025784.6	ENSMUSG00000025784	Clec3b	DOWN	0.693001443001443	0	24	0	4	0	5	0	6	-0.8649784787688375	-0.8279966130052162	-1.2556951492093655	-1.3223609897648778	-0.27632982307325704	-0.6055279530278496	-0.9212224669820401	-1.2794513277262949	-0.1932261336152373	-0.7347707590283923	-0.395344580287744	-1.97005991124529	-0.5054391933281178	-0.7834111415227969	-3.5864299992140856	-0.7681283341214218	-1.5588025207946314	-1.74573528215909	-1.5543950317967052	-1.1399442153371917	-0.5254116545282367		-0.0280922789842376	-2.464412969833196	-0.7478232314025153	-0.9983298397800758	-1.168407446483734	-1.9833757186359895	-0.7130408111351243	-0.6452677475001521	-1.808160644582271	0.1876036582106529	-3.3055376580368563	-1.9777375905510663	-0.8380179751629249	-0.7802566670467	-0.8441150941840044	-1.956539031040189	-0.1385886923227669	-1.2083306675980043	-0.8390399971866063	-2.2571910572368106	-1.5773861552434731	-1.2794513277262949	-0.1780879772447096	0.1534498296050906	-0.6053284205508107	-0.1932261336152373	-1.1880057174697607	-0.2773175960727301	-0.3137803808705897	-0.156397679957643	0.2194547943979439	-0.5536334243487657	0.0532446523213854	-1.111835719318943	-0.3532504253075434	-0.5768275366645055	-0.8762027206506671	-0.7347707590283923	-0.8827140857992588	0.2969055755743642
ENSMUSG00000018740.15	ENSMUSG00000018740	Slc25a35	DOWN	0.693001443001443	1	24	0	4	0	5	0	6	-0.9186146871203651	-0.8719677563077339	-1.1096543932297214	-1.606956657517639	-0.36232463824149436	-0.5955230594926056	-1.1288548079707068	-1.5419138850293608	-0.2621491405734504	-0.6150807046447611	-1.3220042511692505	-1.5641308013297437	-0.2292172143567977	-0.5921365566994262	-2.737937843902325	-0.9750283954293252	-2.159865515478435	-0.6926098193661702	-1.3907914289059988	-0.1523187484647259	-0.6910591424599644	0.9258661863333588	-0.7209774230399443	-1.92706446296202	-0.5240683201129437	-0.856442584600124	-0.8129542924754594	-1.95709844565838	-1.80176859085749	-1.4576892673751896	-1.1383118674831014	-0.7853968805675978	-1.7849514032046014	-1.2540662793754085	-1.1288548079707068	-1.024147390114247	-1.205643070176459	-1.1308831892060487	0.0252007935399371	-0.9190290940356416	-3.1751681015547883	-2.488915772996621	-1.9529445808526729		-0.2621491405734504	-0.4301184349549175	-0.844038302894483	-0.6048513186367589	-0.960062669970372	0.0529299860007057	-0.236578178481806	-0.3944430586310171	-0.2274877548151144	0.0050255230343217	-0.0837976707335463	-0.6150807046447611	-1.0798271432106172	-0.5816424781238421	-0.3690568933961161	-0.937583701479327	-0.6365993294996137	0.0511288339060378
ENSMUSG00000074364.7	ENSMUSG00000074364	Ehd2	DOWN	0.6921596921596922	3	19	0	5	1	7	0	5	-0.49182557135355176	-0.5348167189287668	-0.3892654207713158	-0.6664822245985695	-0.2578639218956529	-0.653690718148669	-0.3954962059297653	-0.6741372319277683	-0.26963537801757	-0.7074840005781216	-0.5038788469879805	-0.3823685040118297	-0.3053181341074439	0.3348047582987686	-1.6323029848661323	-0.3954962059297653	-0.8413310164694048	-0.3507305156721074	-0.790860603335617	0.0287049008649703	-0.4005675071515232	1.2073319777288445	-0.1517288911849524	-0.6562666598526894	-0.1262086788579195	-0.5670191648692781	-0.2069716322103001	-0.7397730905309639	0.2999990445430728	-0.3498239579884801	-0.4635736728687609	0.2934235845019294	-1.3949716313759282	-0.875115651354635	-0.9867597921294592	-0.0070462679992537	-0.5463172170086885	-0.7603322479868432	-0.7234923431270515	-0.6741372319277683	-1.4273510944726802	-0.6428596353036957	-0.6066233612143147	0.1694203418423654	-0.26963537801757	0.6835120549382877	-0.6530690059943505	-0.2393885280292552	-0.8302865581846263	-0.0356123792480461	-0.1173368944820251	-0.4206336063661386	-0.5536969986679552	-0.3035099053968473	-0.0968459414036556	-1.1788033145229535	-0.2119849344450496	-0.7074840005781216	-0.5736900074077546	-1.1219346886824038	-0.0195381917709443	-0.7623998896334554
ENSMUSG00000042246.6	ENSMUSG00000042246	Tmc7	DOWN	0.6921596921596922	0	19	0	5	0	7	0	5	-0.762389535663742	-0.5077682916964118	-0.8553051604447143	-1.2877983943066629	-0.3789113537401476	-0.5275432341634431	-0.6271929825014442	-1.4211466400164885	-0.3734450159040579	-0.3883436008913795	0.2773255334147685	-1.4214489345967158	0.223967381847971	-0.2347147472925446	-2.565936306775317	-0.997870904274561	-1.3184255823355793	-0.2544804561934923	-0.9124964052420774	-0.14868838601077	-0.4444462687870596	-0.382567100237576	-0.5958516655104259	-1.8075429230856608	-0.6271929825014442	0.2385742203963696	-0.5454999627065782	-1.2038497431824715	-1.5458308553503115	-1.5235004920209827	-0.2117531811642876	-0.4988876884146925	-2.4961896267102706	-1.0309934113248291	-0.7786570153646013	-0.4736973640590619	-1.8125844645250848	-1.4211466400164885	-0.0884595156372555	-1.547677890777328	-1.4704111481926485	-0.9829877651512876	-3.129951413279297	-0.3739543870923362	-0.3734450159040579	-0.9933398045951782	-0.0743740709406265	-0.3263159287768181	-0.5592804021642418	0.0060248804815685	-0.4861632365715366	-0.5459452136638137	-0.2477902951224992	-0.1304282896442783	-0.4369675142401418	-0.2694697227239542	-0.3569840257764523	-0.7557306135725895	-1.1218008577005023	-0.3883436008913795	-0.0478396040065736	-0.7526342144726503
ENSMUSG00000027433.6	ENSMUSG00000027433	Xrn2	UP	0.6916786916786917	20	1	5	0	5	0	6	0	0.3969775374853474	0.3655399874690301	0.41525720877092875	0.5368254451055826	0.22469711170851198	0.4111303843563663	0.352656610033597	0.5950211595648564	0.1599126470014156	0.3784233649044632	0.4681785997025057	0.3744263254917441	-0.040673727046293	0.3287055416267523	1.146867961993021	0.4315133602032562	0.6243440311256001	0.2904518914092058	0.6399582430401198	0.2146559334502227	0.2384930583459269	-0.1802077777802884	0.1833464898560491	0.8491224375596842	0.1485412218510212	0.352656610033597	0.2724498790021045	0.8150928437184395	0.0311208049086334	0.5081378815120409	0.1840592630235471	0.1083440390701768	1.0207405328045385	0.5323587423118055	0.4184780671708438	0.3481816023557992	0.9026007800750236	0.7741828975525852	-0.027844484769026	0.5950211595648564	0.828933053525459	0.5714587641931944	0.6759731853717355	0.3400535403002742	0.301011875186518	0.3590530493159802	0.5937500977004044	-0.00017254630331517957	0.5085900311119698	-0.0382106264663466	0.1599126470014156	0.1515198061882605	0.2547306739054009	0.0259364741066944	0.15554674704665	0.3768233183097624	0.6408357877521027	0.4154801422151766	0.1148743022087033	0.3784233649044632	0.3381322195572617	0.6133435555470943
ENSMUSG00000063550.9	ENSMUSG00000063550	Nup98	UP	0.6916786916786917	20	0	5	0	5	0	6	0	0.37000616058537183	0.3592566000701789	0.5074059066045467	0.4889832748549802	0.12279557770668963	0.36083988317527094	0.3694242379729191	0.4570083743262783	0.0706102412302637	0.3490889621674386	0.5379843493186528	1.2022788497218182	-0.0599898974091796	0.6760562709815178	1.1344791839353738	0.205127551629147	1.212514453335064	0.2788618091229245	0.4876992406883987	0.1165946082606764	0.1359941413874944	0.2250750632613815	0.2671332941523968	0.7208919743072576	0.3694242379729191	0.1418644841397311	-0.0926735379085182	0.7676613886447373	0.4160986297060245	0.9054869640560268	0.3268898221918734	0.0530664849084067	1.2012145140523174	0.245147498611791	0.3301183652286326	0.953251398684873	0.9417083353410228	0.4570083743262783	0.2616924628881525	0.6089031687231901	0.4228267422643743	0.9672847975287456	0.7488395754720142	-0.0436721972178934	-0.0279949096104229	-0.2448928011116111	0.3257787631777443	0.0706102412302637	0.477332321887542	0.0521283312632473	0.2470217908654258	0.112204237430931	0.3006922998828326	-0.0310207282533896	0.0688918080110229	0.3259411438637249	0.6860485041453139	0.3570748641375633	0.3623805876416905	0.3490889621674386	0.2009669838131218	0.2443781364580434
ENSMUSG00000053205.10	ENSMUSG00000053205	Styx	DOWN	0.6916786916786917	0	20	0	5	1	5	0	6	-0.5873276311417812	-0.6789780054287029	-0.732008459348353	-0.5144965354479781	-0.22844733640321324	-0.8743581933675804	-0.7729576119565479	-0.5849983989008579	-0.2191865024723667	-0.8388265901284951	-0.7899608497028623	-1.6358092690125972	-0.3755526966117322	-0.4313623020396011	-1.2926502119356928	-0.318549616444749	-0.9220620484984255	0.2033770922915456	-0.9596829337590465	0.2568174748504195	-0.2809231904549117	-0.747010370415786	-0.8000748541532405	-1.254610392140712	-0.7729576119565479	-0.375080752766699	0.0883377592272657	-0.7318276484299344	-0.8717417810806661	-1.3024438396559084	-1.0831005495620432	-0.3599635829740751	-1.0631730223105642	-1.4709624735503612	-0.2031250779610597	-0.7700282452888579	-1.5001074080686914	-0.6629051793899953	0.0683224746674759	-0.4398059929985721	-0.3831463371137214	-0.5849983989008579	-0.9734742838870474	-0.625468030513129	0.0169276245609868	-0.4483711333196022	0.5246458426321927	-0.7621010609614286	-0.8207411138846612	0.0207403902517615	-0.4538870989654388	-0.2191865024723667	0.1896527233098581	-0.4970890354127181	-0.0635113361739293	-0.4800204774529171	-0.8467250843826316	-0.976635729413794	-0.8388265901284951	-0.7676032471930953	-0.280372593851565	-1.930323631150564
ENSMUSG00000031636.8	ENSMUSG00000031636	Pdlim3	UP	0.6908369408369408	15	3	4	2	7	0	7	0	0.8090226120431161	0.47233471816178324	0.5154726457151547	0.44055323438594574	0.6058324819136442	1.6742320861577196	0.5323552028502424	0.3768613918357893	0.4123142334733241	1.6469957281096366	0.5576543233305405	-0.4163536097696889	0.7473209073629778	0.7116812533367199	1.6280908709559994	0.4295895350007692	-0.1582407094060469	0.5861538467603699	1.441217093488192	0.0266197613088109	0.6751920006723747		-0.4637448232436278	0.778519934012501	-0.2474817301638309	0.8097617290009432	0.7081835262293217	1.0057033962536783	-0.0272898081847113	-0.3263817858023547	0.3087678097283783	0.3243509942644118	1.450704366165113	0.5070560823699443	1.4938936084233674	0.3875420268416574	0.4637781896582136	0.300214367462336	0.3768613918357893	-0.5439529099679128	0.8895920679519355	1.5609991630867244	-0.4756460284306991	0.9758045887634468	0.4123142334733241	1.9697157476504028	0.4341742320903602	0.0364647263787463	1.6356292351181507	-0.0768112942641091	0.8164938983799077	0.3371695013000565	0.2855782034527734	0.1096671486848554	0.7037616687856189	1.6469957281096366	2.129656082419417	1.5455070174611265	1.9547143901726796	2.121269960660992	0.9967312297003734	1.324750194579813
ENSMUSG00000041638.19	ENSMUSG00000041638	Gcn1	UP	0.6892736892736893	25	0	4	0	6	0	5	0	0.5517892884662478	0.40435505507773944	0.874840050307323	0.5781939042197719	0.3138194446147138	0.4403037547231823	0.7868684362794498	0.4557724011816887	0.2338826607437245	0.3529377089737902	0.5313308092892098	1.713385816453139	0.5116328499923227	0.8473465776189787	1.5836875731994673	0.7693266436935977	1.749451352520292	0.4433137149170791	1.127057243356257	0.2015090914676712	0.309130508731143	0.2251128145154535	0.6267549485268855	1.3748339701696723	0.2968278141621254	0.9213237032192284	0.0801376015152078	1.6059281308944795	0.5906195240791536	0.9638471351708768	1.0440883777508785	0.1329652649551365	1.858274685320733	1.3544849114264297	1.2590881792529334	0.7868684362794498	0.7123536798199245	1.1381095693954035	-0.0456766530662519	0.509459360740208	0.0578401054199565	1.574572018811658	0.3572805270557405	0.4557724011816887	0.6243648380628801	-0.1903440074985264	0.136427237120331	0.2475150019619781	1.3694659717904565	0.0738919745456712	0.381886237208395	0.2338826607437245	0.0159989499480745	0.1028592615043187	0.4560657653745478	0.1068665825716985	0.9712137651413152	0.3529377089737902	0.3280362777828427	0.6437639757857905	0.7593472761592525	-0.0800393033524137
ENSMUSG00000040097.17	ENSMUSG00000040097	Flywch1	UP	0.6884319384319384	20	0	4	0	8	0	5	0	0.40710870842994185	0.4417476635134243	0.48006734416605096	0.4005620672842576	0.26627642052817535	0.4815290017412834	0.4626602362937609	0.4495028846947168	0.2037850161636672	0.4339924423321319	0.3369946060196033	0.8965957442318025	0.3754766377215994	0.5810074171314205	1.4463885207654643	-0.1020759151396457	0.5633992509519073	0.3215958954847771	0.2573129590760385	-0.088647571551402	0.2993723990246842	0.4823568506403824	0.097457725213326	0.8975873051067298	0.2137297420824068	0.1119051727924116	-0.0647058585337032	0.8040573563085759	0.7225276861790998	0.8911442647802686	0.4675141346556135	0.190310740517246	1.324851406707874	0.6218266448697202	0.3171178667973297	0.534057074356082	0.4626602362937609	0.5792067384118486	0.017745346530661	0.3136567121057776	-0.0028099859877792	0.6523987576591281	0.79423401757545	0.4495028846947168	0.1290523889051323	0.608270330406839	0.0074694569927826	0.3205344058749486	0.6661191762980166	0.0468907769465308	0.4117772228037317	0.3384198970001468	0.0757581565828623	0.2037850161636672	0.1209637978352715	0.2316986256064683	0.840196329812542	0.4339924423321319	0.46056463839787	0.8553434944038281	0.2616108280803779	0.2872966535557659
ENSMUSG00000037149.11	ENSMUSG00000037149	Ddx1	UP	0.6884319384319384	20	1	4	0	8	0	5	0	0.3258370336013048	0.30718966018059	0.3739772990685911	0.26112073232917604	0.32214685345028726	0.3461032495571647	0.3633755371930452	0.152173164092179	0.2510037831681349	0.3913907846779331	0.1222419093572522	0.6756417989755182	0.3526560564237816	0.0644060155856472	0.6109029666136438	0.5547758120691401	0.7947041472616798	0.3095382253015424	0.5468624414592277	0.1307512455429764	0.3633755371930452	-0.0918985007158472	0.0341450000499788	0.4898738305897344	0.3125648560461846	0.4108198331366789	0.3152745503808938	0.525032161833429	0.1452892948881963	0.4560747826760978	0.6168000610784758	0.0695749143413669	0.6061586817862351	0.694129970793987	0.5202689562385955	0.2325454323959074	0.2348770935485918	0.5663990865431869	0.132044991375982	0.152173164092179	0.0855906114267982	0.6246411869720303	0.2365141117775701	0.0304819741164854	0.4007083806198885	0.1229092762742389	0.7938923171185891	0.1481027414176196	0.6884128565344423	0.0096767612528409	0.4279473182741548	0.2510037831681349	0.2831990484824433	0.2381728537533662	0.1795900510574416	0.5011407187959606	0.633939839337175	0.3913907846779331	-0.0513924434111923	0.7888333783559751	0.1870985240145556	-0.0282880548702538
ENSMUSG00000058979.8	ENSMUSG00000058979	Hdhd5	DOWN	0.6884319384319384	1	20	0	4	0	8	0	5	-0.35922095419011707	-0.35912626086728794	-0.47153110575072	-0.45160191748805895	-0.24412049136427338	-0.269630302157416	-0.4572221945121896	-0.5142063721033922	-0.1838402643719007	-0.2610303272223862	-0.3902311498427938	-1.1795491817641532	-0.4451094862681902	-0.3222528756567028	-1.148598796025347	-0.3265410479833932	-0.724998244703967	-0.2191060905760631	-0.6895459332054041	0.0612505084087907	-0.2624290115128709	1.0180291125083334	-0.589801232224848	-0.6680229684836343	-0.2924682802479731	-0.3295255732754594	0.0562797602656508	-0.5980877590828162	-0.4929855572837228	-1.0459281021256044	-0.4543346027023406	0.1111633683208999	-1.13523144836639	-0.5554391641980184	-0.7013281898863577	-0.4572221945121896	-0.9493257148448748	-0.3974079052559262	0.0237124345992582	-0.4108539954934704	-0.6309259259593684	-0.6765773641055328	-0.6175587487133138		-0.1838402643719007	-0.8417790197087311	0.0175913258747198	0.0774618719596357	-0.456050971995714	0.0001627472614305786	-0.3592599109123144	-0.1774226378603536	-0.3693872673116196	-0.1631677809048571	-0.2296334970373026	-0.3394590790001487	-0.2610303272223862	-0.4775480857967969	-0.2099167541339188	-0.3649667326114122	-0.2553414918779365	0.0208503555406873
ENSMUSG00000050856.17	ENSMUSG00000050856	Atp5me	DOWN	0.6884319384319384	0	20	0	4	0	8	1	5	-0.5809852348062425	-0.5958550964083991	-0.6398060413165422	-0.614041833990224	-0.6519342380638904	-0.4181588258543135	-0.7015406172084095	-0.4333177448866802	-0.7624524334391826	-0.4901695756083887	-0.6216101338909567	-1.312092095661672	-0.5314579051629336	-0.9867255645330084	-0.8430127521984315	-0.2382902888099119	-0.880080640783606	-0.3424669449217881	-0.8865691008182194	-0.1014441020423593	-0.4110523954994359	0.0842464359544008	-0.7536338051262252	-0.8740584307439798	-0.1326987662369511	-0.4517961566640311	-0.2204011427358978	-1.0168507880184865	-0.7015406172084095	-1.1286435949093112	-0.7370637583337005	0.0788532141744792	-1.0707393504124023	-1.1813795875338164	-1.0923684538517835	-0.6157880456546269	-0.3060983439235713	-0.5471269254665738	-0.1240886078639885	-0.2051894105973735	-0.4333177448866802	-2.288610332399882	-0.0083027862844648	-0.6916570304326063	-0.9297633164522118	-0.4937455797090592	-0.8839836651799122	-0.31231808616131	-1.207515545549939	-0.3091150833093073	-0.8142106289297896	-0.213792814529036	-0.7624524334391826	-0.3366658825273173	-0.9077135829157292	-0.4828493562785448	-0.5978739860370967	-0.4901695756083887	-0.6051324067974835	-0.4051130486408515	-0.64088411206141	0.2949107044435806
ENSMUSG00000049134.16	ENSMUSG00000049134	Nrap	UP	0.687950937950938	21	0	4	0	6	1	6	0	0.5684358509165792	0.4930606760089723	0.946190972739466	0.5290163330081445	0.32639259612329474	0.47214350179541187	0.9485200118856569	0.5592237433527022	0.3143106773196263	0.4268976086652424	0.5901363093071279	0.997588514335354	0.6154485003979062	1.1130313423176588	2.12904526293613	0.4608038576663162	1.410934790815901	0.1875734763237116	1.4369068250799344	0.0931077157493968	0.6088582054165198		0.1251167923018022	1.5703084887026268	0.2875367150702259	0.9092484511445936	-0.0430113256565467	1.5754106790951194	1.082937764417962	0.8719369178767047	1.060354007746774	0.5224396838694919	1.973673679349046	1.6135488420380395	1.5389743338706854	0.8812638884269195	0.9877915726267203	0.559553232378459	0.2361692776707393	-0.1766598941690975	-0.1282317861246254	1.6627779517963956	0.5592237433527022	0.9902818061524384	0.4433231032559472	0.4644037968188284	0.8505410249706576	0.405464145786313	1.5045384710825656	0.0886115755636883	0.2590715089542459	0.3143106773196263	-0.3806569752650419	0.0458652878017992	-0.4051540589323873	0.4268976086652424	0.9737807637756394	0.2080161650669967	-0.1483723750817366	0.7747354103182815	0.6447539629382019	0.4251929768852575
ENSMUSG00000002996.18	ENSMUSG00000002996	Hbp1	UP	0.687950937950938	21	1	5	0	6	0	5	1	0.38298047939434593	0.3653864415390622	0.5024650779782376	0.5711883016700009	0.2211913774858325	0.23707716044331284	0.4713534932118497	0.4848040851882253	0.2594193898662747	0.1600496466883372	0.614457369247427	0.2343049771137894	-0.2096529092920397	0.2556118460495657	1.1885262488205224	0.3388858630537415	0.8685648633248559	0.5254954587780042	0.395880355645578	0.3308362804596106	0.4713534932118497	0.0116418200712847	0.0229295716658879	0.7462279012907223	0.0514728837715908	0.6583405924429818	0.6627736400791107	0.7877803154793014	0.8235528768696178	0.5863380876607444	0.3429295835450822	0.2716532276663388	0.8326015923701693	0.3510517381445469	0.420711352003055	0.7795562934018677	1.2027317825372084	0.532382069358371	0.1044835227128389	0.3851647111535859	1.0987894117136463	0.4848040851882253	1.1030669244800553	0.2896273870832834	0.2885064570714626	-0.0661878442367663	0.6443738618866892	0.0595952194269275	0.258604135712483	-0.0310706579629428	0.2594193898662747	0.3464863652408411	0.3080599802177066	0.2991455224352894	0.0661727226861924	0.5023559238560312	0.754189526048514	0.2083166375564092	0.0650843040142713	0.1150853169160772	0.1600496466883372	-0.1455412319764502
ENSMUSG00000054302.17	ENSMUSG00000054302	Eapp	UP	0.687950937950938	21	1	5	0	6	0	5	0	0.3497355979406614	0.39732113348357057	0.48326590522433555	0.45683374053982473	0.19789583976160283	0.2609469062368825	0.4541837620586207	0.5446470529669584	0.1148637396552751	0.3404585049085204	0.1612200405521038	1.0437905288277247	0.2278394776399082	0.1484240440436702	1.286479187752782	0.6498231539469448	0.8582711155211512	0.3197668637672845	0.6312704717274095	0.1015753932622126	0.2054340485382642	-0.3827128310787682	0.313126824720254	1.0099370271439894	0.146252184803685	0.2698228985929159	0.1275556489185777	0.8958326231155433	0.5522584431426596	0.879903336426707	0.6424602683557952	0.1012177980811052	0.94780163513156	0.4541837620586207	0.4565727738493811	0.3589025526455628	0.6411701695700159	0.8203624454120084	-0.0116642565165516	0.1253757462170467	0.5446470529669584	0.5719867830627541	0.9880839943677104	0.1590444182688468	0.0230817677457647	0.4447898595583688	0.615256660404606	-0.010786335618683	0.3690107190016835	-0.0704088724998228	0.2532427728250238	0.234924347523217	0.1148637396552751	0.0979782077932544	0.1049013709889434	0.4240781421056608	0.4769126219478777	0.2282778587445566	-0.0251610666474523	0.4199714629665396	-0.0379091803675254	0.3404585049085204
ENSMUSG00000039382.13	ENSMUSG00000039382	Wdr45	UP	0.687950937950938	21	2	4	1	6	0	6	0	0.3386884522940582	0.42723052469285483	0.3554530788842242	0.4883568153353412	0.12183106369462489	0.38911285126204254	0.3737849533500706	0.4806760960356391	0.1523944958006038	0.488600728738601	0.2066118155798065	0.3633655205657781	-0.1739266545894979	0.0694993654513719	0.381120151312839	0.5562075397111642	0.6557094721750292	0.3830262194114444	0.271864373760926	0.3737849533500706	0.2234035682795768	-0.6235683899438427	0.2647684924541421	0.6474149661480467	0.1680264852179394	0.6485015985264032	0.2952336687522266	0.4793544539480106	0.9604986932495172	0.6358684067646121	0.7561111717583332	0.3150657310338547	-0.2279219950434238	0.637288090177916	0.326519938862883	0.6140111722909826	0.3893943206679433	0.6533522344759886	-0.2189276433759366	0.0833649570300759	1.7622526124194806	0.5290031970983803	0.4806760960356391	0.128776253663761	0.2140159780956619	-0.2184785521787602	-0.1135432902312268	-0.0618152304680958	0.4425616250678589	0.2421361948640307	0.2400799316161463	0.2221687454586564	0.1523944958006038	0.0870296410538961	0.1335921615621026	0.4953692133729212	0.6925693639965669	0.2474620708751079	0.1443945558795396	0.5052188612486926	0.1501751647228687	0.488600728738601
ENSMUSG00000042444.11	ENSMUSG00000042444	Mindy2	DOWN	0.687950937950938	1	21	0	4	2	6	0	6	-0.3805798953472577	-0.40541453976746616	-0.38423643417456155	-0.41825680117045133	-0.18071766552439172	-0.5391086805196262	-0.4429864226764169	-0.3678426568585154	-0.2075884468996847	-0.5950130928207452	-0.4429864226764169	-0.8315338478918817	-0.1668584669208952	-0.2533522363501955	-0.6046190627705819	-0.3837708928998795	-0.6854116180241805	-0.3017411227361587	-0.8053594230849792	0.0335350877357639	-0.3510873610586716	1.2247689833711823	-0.5121415277339688	-0.7076778162964759	-0.3738618305618722	-0.4225143437042413	-0.0118600566299211	-0.5714692953955639	-0.5884709969852379	-0.5194323821944035	-0.5370446410614207	-0.458164383636689	-0.656229566940731	-0.6646474222096935	-0.4344432841085396	-0.1713003182269604	-0.1767094737205503	-0.6809847572233303	0.1025777521103613	-0.3678426568585154	-0.0837452382346915	-0.5793949674424002	-1.0807099421818058	-0.2376977983627774	-0.5219011103445814	-0.6331658782614749	0.6379862926205958	-0.076583426501205	-0.1877189698436782	0.1409662567009221	-0.2075884468996847	-0.2927627695572226	-0.066191909159991	-0.2712143515479353	-0.509720007974054	-0.5950130928207452	-0.4310773461527368	-0.6254428477014032	-0.7513258437490259	-0.5721471173342779	-0.1379207438480522	-0.6608337720311418
ENSMUSG00000026574.6	ENSMUSG00000026574	Dpt	DOWN	0.687950937950938	1	21	0	4	1	6	0	6	-0.7467346245800346	-0.7227154079478961	-1.1794244352098022	-0.9305242137400229	-0.2336553533130079	-0.6433344960573052	-1.0288479099228705	-0.6823376368065511	-0.2144841054428856	-0.7630931790892411	-0.3250284864183951	-2.1491383285107366	-1.3350346363534469	-0.9261426186496868	-2.862473616142824	-0.5181703511797917	-2.026366334349655	-1.840205756760101	-1.998943009786176	-0.81847691843672	-1.0288479099228705	1.3595642174128229	-0.2456575575948245	-2.156366420060415	-1.0591798813373825	-1.1925586339979173	-0.8503520331803784	-2.038577082871548	-1.006696566638407	-0.7247580949563777	-2.54142928794234	-0.3451880022180948	-2.42661363017868	-1.5584649292183623	-0.6294188116066308	-0.4585891330313513	-0.141345936734367	-1.6624605208692014	-0.1366450833537824	-0.5547016547750858	-0.6823376368065511	-2.169469582214878	-0.4928191372182508	-0.8152358809424105	-0.3620967294042484	0.733649308557359	-0.0240629170420691	-0.3977908541741872	-0.8461696262870465	-0.5038748449787018	-0.2028640643162328	-0.1822931646582238	-0.1092616591841554	-0.4609602295126953	-0.2144841054428856	-1.151957205060627	-0.5447657434037454	-0.4508008838034686	-1.0043735231478736	-0.7630931790892411	-0.8110746357229999	0.2227236978268187
ENSMUSG00000025810.10	ENSMUSG00000025810	Nrp1	DOWN	0.6871091871091872	2	16	1	5	0	8	0	5	-0.47870111061838194	-0.5589675073601301	-0.4077634073366131	-0.5582117060990369	-0.3998485171469138	-0.5489808118909641	-0.5115979183800772	-0.6063370963401832	-0.4523107610004914	-0.6094498236421639	-0.5115979183800772	-0.159887461545315	-0.6395512293656997	0.5892514835556627	-1.5600904082846974	-0.1961304888354499	-0.773941941099259	-0.555265935079508	-0.7196622608302753	-0.2455928035913189	-0.6320610435183509	0.1759189116666543	-0.0492487420407133	-0.8057625684562172	-0.2753787077728911	-0.4890766194163053	-0.0776242827220061	-1.0204125336172	0.5445482842431503	-0.5628641263252914	-0.236256206508611	0.5957436328442763	-0.8109091779441541	-0.6454355623008331	-1.0356482527702346	-0.2958925268788638	-0.6167835131150231	-0.9716188630064584	-0.6063370963401832	-1.1675381347406255	0.6736268926619222	-0.5567690513746266	-1.1410956449981835	-0.1377500448951033	-0.6100240500604289	-0.3419264714552395	-0.0125908438340365	-0.3956485748823254	-0.5914939255663323	0.0084060490382249	-0.4911108619439587	-0.5573134534541532	-0.5577401345990602	-0.3965806608582496	-0.4523107610004914	-0.9561092680180272	-0.0289888514693203	-0.3085251097638111	-0.7530836640184109	-0.9342360250331732	-0.2524729412918421	-0.6094498236421639
ENSMUSG00000037376.15	ENSMUSG00000037376	Trmt6	UP	0.6866281866281866	17	0	4	0	6	1	7	0	0.45710804288538615	0.35830671934395963	0.3184262757404842	0.46009928988703735	0.23422998957513563	0.8156766163388873	0.3087200534890664	0.4078933851988529	0.1438222653101782	0.7144877184739165	0.3893259577490349	0.6340906921382138	0.3526135691176255	0.2551277904091226	0.7123001742236461	0.4375410893112542	0.5420788515227541	0.2095542342191343	0.3087200534890664	0.0603572379929038	0.2594439313446544	-0.0610952611353932	0.0689576483466036	0.5350377595145602	0.2103332373839812	0.1374826200275568	0.2263421039742336	0.5922075104825061	0.0761810107363548	0.3979493426178898	0.3641144222261078	-0.0644078945823898	1.08350647408292	0.5671875989407917	0.5673249891443429	-0.1721414609070857	-0.0926242373773168	1.1646291941688234	-0.000887313073601109	0.4078933851988529	0.2716621282955718	0.7006420563387667	0.0409374706420117	0.635818107638836	0.041734366066891	0.6759269882011942	0.4942462681587916	-0.0200660134793719	0.7142419420245854	0.1954762830158808	0.2733950122430821	0.1438222653101782	0.0751852859574033	0.1371051176519172	-0.1545376298240598	1.2615862174286518	1.280142528384738	0.6959616512587616	0.7144877184739165	0.8652547041620392	0.2653073068907194	0.6269961877733858
ENSMUSG00000022151.17	ENSMUSG00000022151	Ttc33	UP	0.6866281866281866	17	0	5	0	6	0	6	0	0.33702928507447905	0.3227869489483782	0.3142098904346012	0.41619815860281817	0.23919288250590398	0.37851620875459274	0.2812689834516012	0.3941892049093087	0.1648162504244883	0.3643049144451553	0.2650371876192646	0.370136540708842	0.07214820843804	0.1146563522085869	0.9302145586778034	0.3723727203383971	0.3705627226162043	0.3275498564828837	-0.0108731462389329	0.2812689834516012	0.2352983123764596	-0.0386443205245809	0.0497827960315929	0.5132269154932496	0.0087080857620292	0.3486583162011289	0.3796138486537245	0.6550479973171768	0.2670181095967741	0.3340456128600272	0.2161017862815853	0.2427351602609554	0.8565351886163168	0.5124549215453731	0.3253188925900495	0.2273486872119861	0.2573427471576935	0.4395510700560706	0.044448237538231	0.1683602232574028	0.9871635987859576	0.2796642120163862	0.6000105636563706	0.3941892049093087	0.3573233444076439	0.0789158833156237	0.8884677823785667	0.1648162504244883	0.2302452239619347	0.0376868890980112	0.1476004267291123	0.3048795649078678	0.1905050287040908	0.1639473659864746	0.0667339476511297	1.059441201980146	0.4266458518396678	0.2683467907185106	0.2526980659098913	0.4243731122853708	-0.1461964758965926	0.3643049144451553
ENSMUSG00000032306.15	ENSMUSG00000032306	Mpi	DOWN	0.6866281866281866	0	17	1	4	1	6	0	7	-0.38777231813984914	-0.36943685286644096	-0.44562473066616864	-0.4049551555151033	-0.24925461826223289	-0.45125476811589194	-0.4369993623019063	-0.3914654739509266	-0.18760469380414	-0.3474082317819553	-0.4717879223743308	-0.8334601489552711	-0.2122497064584315	-0.1865001335354938	-0.931489924634092	-0.5247887103498514	-0.7251034125766086	-0.0588034659061438	-0.6119407793127182	0.1303621010921106	-0.2649469968499164	-0.0566776323026876	-0.4369993623019063	-0.968011408639927	-0.0957336928025118	-0.2132511894050268	0.1003732585492749	-0.414402299637688	-0.776350093985006	-0.9942864452171286	-0.7125981450824082	-0.136179694727807	-0.6440674686509533	-0.6284878877968822	-0.71940872433834	-0.2311919427681603	-0.413885899018649	-0.5906339915268852	0.1092717603652987	0.0468848574998913	-0.3160175483215322	-0.9779057737437784	-0.3914654739509266	-0.7148199189277906	-0.1325633413865689	-1.054720048433237	-0.5159217257520763	0.027380894308027	-0.6388785801967516	0.1994291820707993	-0.3021490847186074	-0.18760469380414	-0.344588177728708	0.2030430254459944	0.004771749310707	-0.8396369810728169	-0.2625346123357135	-0.301396466162907	-0.3474082317819553	-0.5219107265408037	-0.6492537651863591	-0.236642593730688
ENSMUSG00000115423.3	ENSMUSG00000115423	Gm56450	DOWN	0.6866281866281866	0	17	0	5	0	6	0	6	-0.5696416250064266	-0.5879361825681924	-0.44462225974127056	-0.5110718244085931	-0.54218495822182	-0.7806874576540226	-0.3503842528118641	-0.5289546140899191	-0.6469177510464656	-0.7333384153014737	-0.5918287834474265	-0.439270697182156	-0.3552895954933409	-0.5291778414785829	-1.9749099814801132	-0.2956505191564058	-0.332057718168449	-0.2250271139101647	-0.620617371719343	0.0180593858180801	-0.324702491867873	-0.1678063861295003	-0.5600683235675007	-0.7551486944391039	-0.2268452750588789	-0.235278745588973	0.1331106578653419	-0.324350101833794	-0.2723346204863164	-0.6082257904554461	-0.4878375576510282	0.0826783022877248	-1.0172046743087195	-0.5706538647001175	-0.6811811910957748	-0.3503842528118641	-0.2927977669545786	-0.4824881860517964	-0.1255127755860419	-0.5289546140899191	-0.7690765798084538	-0.8133675283118127	-0.6115739166104679	-0.2465291704016602	-1.047347114910821	-0.6469177510464656	-0.0158735645713179	-0.1502610750244154	-1.5492795887346955	-0.1010302945914576	-0.7850704581897123	0.1450006852915398	-0.8546771244329201	-0.140673680020252	-0.8179045742095034	-0.7333384153014737	-0.6052600867191354	-1.0624929138805177	-1.030082100091359	-0.78601800280475	-0.5469958928602828	-0.7006247919206398
ENSMUSG00000041733.11	ENSMUSG00000041733	Coq5	DOWN	0.6862674362674362	0	11	1	4	1	10	0	6	-0.302200576897269	-0.33854683746010517	-0.17422375725490333	-0.26906105072139747	-0.38997939697186434	-0.3755381026409109	-0.1225728626727018	-0.3671955889787425	-0.3098980859414679	-0.3961685206783208	-0.3198687613553792	0.0502087349923731	-0.5971034933297394	-0.1664540824923346	-0.1225728626727018	-0.1185873651242526	-0.0307895377237255	-0.2034107047452912	-0.3536910005655268	-0.0238110481995289	-0.4814171114097013	0.085215694009393	-0.6250545106555361	-0.1911065933881613	-0.0676873220515412	-0.2900443431676624	-0.0844877317872852	0.0613473214622786	-0.0658715566979985	-0.2996910093736634	-0.3777312419821692	0.1218757218525001	-0.1096931611204936	-0.187546484239975	-0.3213603221027173	0.0121859390256648	0.0031053869607848	-0.1699750621940522	0.2949442581063541	-0.1831328844927572	-0.6364610396814392	-0.3671955889787425	-0.3773110944643488	-0.4442959433447965	-0.6641389582371418	-0.8523621700326377	-0.2019606077617254	-0.2375706149025193	-0.1761505322624386	0.1656000488266486	-0.3643786370002254	-0.3098980859414679	-0.8033256012519372	-0.3024976720124201	-0.5430905361146429	-0.4619478561998316	-0.1113475239919365	-0.5829916023691262	-0.6211984422227188	-0.2099401488223187	-0.2451726242021239	-0.3961685206783208
ENSMUSG00000032000.18	ENSMUSG00000032000	Birc3	UP	0.6853054353054353	13	0	5	0	6	0	7	0	0.7239866732515696	0.5628992346989645	0.47410871388346637	1.2386254259277474	0.42970633215580456	0.7535062210392602	0.4319399363631045	1.028360782419748	0.1535710116045864	0.6938585330348246	0.3119035505711129	0.643077316730684	0.1283414931493676	0.3563373069840345	0.5235160956423871	0.6512289374903946	0.2546794036507317	0.6767894458758512	1.2001174152162006	0.0422529989396871	-0.0485393684146737	0.4400304819793236	0.466449773674461	0.643195083290454	0.1890064173336804	0.1650574214800252	0.1044427380567542	0.1087864093896441	0.4319399363631045	0.4879188759684497	0.8019425151155102	0.2050251549074447	0.3707047569684035	0.8438054252793049	0.6266747209093703	0.1706950677117995	2.005555900590084	1.028360782419748	-0.1390804385375806	2.119848437852027	2.7494651993015937	1.538205034711955	0.5219237865690258	0.8516551791774627	0.1535710116045864	0.7346553721445285	-0.2321560223359725	-0.1634411020012947	2.6669733344011184	-0.0233122211332159	0.5878689099907946	-0.0763554364902791	0.6292977650227902	0.0883241531346584	0.3613438893761354	0.3101088982806476	1.462360290583609	0.442133490629337	0.2364868415040974	1.2612626175384247	0.8683328757038811	0.6938585330348246
ENSMUSG00000000901.18	ENSMUSG00000000901	Mmp11	UP	0.6853054353054353	13	1	5	1	6	0	7	0	0.5481817006273791	0.5427211418382653	0.47862899364607664	0.5986267846495978	0.4774275795727625	0.6380434446410798	0.3793096501522048	0.8544023927332156	0.4942501505517556	0.5911921331247749	0.7513105945481973	0.6503914359309003	0.0570350503816995	0.0756499847492146	1.6345399266751182	0.3793096501522048	0.3351250983547463	-0.5827569173391676	0.8303889447864224	0.1892424141193534	-0.0305450551810674	0.0711981203956498	0.9399684173489488	1.290792382193476	0.3645277132207091	0.1246126316219182	0.9055418167794196	0.5071178607303305	-0.9744773250144684	0.7401250799472409	0.2440015365064092	0.7010230233269391	1.5857468904946512	0.6849872126088177	0.1957043094427185	0.0894040175329965	1.1630180141306918	0.8395158975442301	-0.3474993125238362	-1.307984066627348	0.8544023927332156	1.3253431511317622	1.3280354410205393	1.498573989268622	0.7657671521973556	0.8341886403884577	0.4092630805836936	0.5564087834800375	0.3446163420507403	0.0665624557348797	0.4644531984708259	0.5491119049869311	0.0880535276836337	0.4942501505517556	0.6790281391720758	0.5911921331247749	0.7006638841522774	0.5694215405628513	0.4651505627918036	0.5763679655659566	0.6374436759031287	0.9260643503867654
ENSMUSG00000028467.16	ENSMUSG00000028467	Gba2	DOWN	0.6853054353054353	3	13	0	5	0	6	0	7	-0.42914758968559197	-0.35365558866548114	-0.354178702502404	-0.4456353117618536	-0.2947968690245153	-0.621979475453595	-0.2310062097304156	-0.4763049676005467	-0.1737386436394889	-0.5599084989819431	-0.079648224986084	-0.601794305677829	-0.1020502490259483	-0.0698217457095167	-1.4144418608218712	-0.3163268614978299	-0.6483869071051264	-0.4443916190781178	-0.5821952243659705	0.2108854518779323	-0.2008978136133615	0.3624242993115515	-0.069840141874558	-0.7729066773172698	0.1875079772996974	-0.2080913509396722	-0.1345047831879833	-0.374399946974577	0.0491839374755335	-0.7352363368449313	-0.1241388344991137	-0.2243801512027946	-1.645825750134705	-0.2310062097304156	-0.2737499708548689	-0.3755688859956337	-0.7432227820914451	-0.3741295447352025	-0.2990195018886227	-0.5252702129047749	-0.4662166050085186	-0.4863933301925748	-0.5227826758414281		-0.1737386436394889	-0.7083891942244585	-0.8115175860248679	-0.234883223637374	-0.6898547547522695	0.0866138589814335	-0.113907000990158	-0.0861323196252054	-0.3534968724637223	-0.0065557535087015	-0.1509040693848557	-0.6220252206603835	-0.3741095259392005	-0.5199394260322694	-0.6915522840557671	-1.1143489946763057	-0.4719723778292953	-0.5599084989819431
ENSMUSG00000028234.7	ENSMUSG00000028234	Rps20	UP	0.6837421837421838	23	2	4	0	5	1	6	0	0.5545887880141513	0.586672690304092	0.6550072626881779	0.5066823112637525	0.23064030688980716	0.8260252712148677	0.6253848953938967	0.5479604852142873	0.231711456780735	0.8882617126197495	0.4012688545599568	0.9671758997201167	1.0913947342461017	-0.3655159900274832	0.9925636739248536	0.6403938892315252	1.111187377997062	0.4154728524546424	1.1667437650928083	0.0279202632286143	0.4633940631880897	-0.4397486374586013	0.5439126647313162	1.2848120711585629	0.5451211089809725	0.6035222242896151	0.8857320865870834	0.5735591170704935	0.5237818749033702	0.9421470987619208	0.914919992866293	0.1075624201611597	0.6253848953938967	1.3541548710032911	1.1985792079066695	0.3595852642616944	0.7501704483467787	1.0829947381434946	-0.050000725690894	0.3082158270876932	0.2937351289477917	0.7831071480118528	0.5807635771320427	0.5479604852142873	-0.0934390907813765	0.694033409937088	-0.0671608058907592	0.2339334320162108	0.731907333740666	-0.0154816078799786	0.231711456780735	0.4481566597178477	0.1448759573757649	0.269801609843819	-0.0412949790721382	0.847059762559496	1.0075180019591523	0.711050854333937	1.578627983609609	1.1461902062263851	-0.3965316228042555	0.8882617126197495
ENSMUSG00000037470.15	ENSMUSG00000037470	Uggt1	UP	0.6837421837421838	23	0	5	0	5	2	5	1	0.4590608028722717	0.5479516812483184	0.7282131069105721	0.6959902955358075	0.09244231066779952	0.31959749837490736	0.7096096562854733	0.6734061650500243	-0.0137124592504845	0.4224971974466125	0.4238335214773607	1.4989644539429297	0.3767397628115755	0.7385705879243638	1.5803086752755942	0.7096096562854733	1.3472672246198254	0.6834567295595115	0.8565397522147619	0.3625129968456075	0.2044557845270644	0.038955726782148	0.2017076670907978	1.0855478724117071	0.0339794271514604	0.2452616497559111	0.5303607863616253	1.4996132512520486	0.8194610090342264	1.436563374767076	0.1953566753512447	0.1890685738928997	1.590322181064391	0.7128660079655547	1.04523573903036	0.7422589923339666	0.5129358068559566	0.8732364309304539	-0.0125433099852635	0.6734061650500243	0.1037837552667859	1.9642468134402813	0.7845464037051999	0.485255810343171	-0.183667102172701	-0.0137124592504845	0.382904361471991	-0.0384481175016653	0.8623559872131453	-0.0322659827654617	0.3143499733876399	0.249604363668208	-0.2993645632847787	0.2214878125866818	-0.44637885600678	0.4224971974466125	0.6666253784685129	0.18806255101807	0.0423869112212346	0.60193049764638	0.5359077147959564	-0.220227761972415
ENSMUSG00000020720.14	ENSMUSG00000020720	Psmd12	UP	0.6837421837421838	23	0	5	0	5	1	5	0	0.4429271530322829	0.3075119460491488	0.6006105421303642	0.5876929738798946	0.22123580666011666	0.3621692894587563	0.4653262675807932	0.8317180556130608	0.104777917457717	0.1496976245175044	0.3273434320211354	1.1323920666601837	0.1538195139028064	0.3063624848512914	1.7708936529349757	0.5583404955320429	0.8029069065927397	0.4216844428169774	0.7132462115129535	0.0778517998279196	0.3753313914487906	0.04583890076581	0.0076347809200219	1.147728489994986	0.132292869717484	0.3887415365391434	0.3234395351873459	1.081045459632454	0.5516115565456715	1.0036466704511204	0.4384936696234802	0.1852215841727972	1.3908987871599408	0.973355890022584	0.7242870427268607	0.4653262675807932	0.7167491983775256	0.9629469812961664	0.0692437913920187	0.3819709168616138	0.011581556441781	0.9504383298398624	0.8317180556130608	0.9059511857147589	-0.0612752237121938	0.5281635816925243	0.59842185234679	0.0860989057589522	0.7942850701306485	-0.0344292429115319	0.3467735917739834	0.2912475082056269	-0.0383150445603854	0.104777917457717	-0.1821550429208471	0.5760824640597733	0.9967868572012292	0.1496976245175044	-0.1118626225259444	0.6970347927690868	0.0892641817357761	0.138181728453869
ENSMUSG00000032604.17	ENSMUSG00000032604	Qars1	UP	0.6837421837421838	23	0	4	0	5	0	6	0	0.2890152125855113	0.24102659069010243	0.3663720928298418	0.2572949249292189	0.1346651516563202	0.3977286809266645	0.3738668672707718	0.1081863141094331	0.0617403720054677	0.4273605761543375	0.2110967496730905	0.8032591048224692	0.3965701217052703	0.1602837440162651	0.6285202091602305	0.3736839115383176	0.687513579049098	0.2008033651547115	0.4351852498015622	0.126842826881258	0.3738668672707718	0.0999706756236329	0.0966761977620792	0.6021915125550098	0.150027214708289	0.4300286592993581	0.1677353230993846	0.5727745302485442	-0.0099577223003921	0.5673283359105182	0.3949223240653228	0.1395362175958562	0.5989496922236611	0.6356904315572799	0.469973840170826	0.24589821226816	0.3326753325451524	0.5120422249045716	0.0575368757581485	0.1081863141094331	0.4025654106735898	0.5383607595089419	0.0843301890555211	0.0980427004943262	0.2088626999807495	-0.0496458284048225	-0.0442747908074422	-0.096386964709249	0.5028542678362887	0.0108168575786924	0.4054180332435561	0.2661033890886338	0.0617403720054677	-0.0041155196723061	0.2199441520799539	0.3533096279350445	0.4903037843843858	0.4273605761543375	0.5308361348511444	0.4385374775258879	0.1676630454810583	0.3760901201547931
ENSMUSG00000030611.11	ENSMUSG00000030611	Mrps11	DOWN	0.6837421837421838	0	23	0	4	0	5	0	6	-0.6523034676617785	-0.6526403742348376	-0.7327971700674274	-0.7028025772872952	-0.4172599644677163	-0.7563541588246753	-0.6558704430601346	-0.6494103054095405	-0.3558337352074932	-0.7990992739555082	-0.7358247020506035	-1.7666882908238988	0.0087662804175216	-0.8079396159787432	-1.5453282445817906	-0.6500633537004166	-1.1271567994096456	-0.480155843918514	-0.7004922608215955	-0.2435130791008865	-0.413013236534341	0.1929120386879235	-0.6319482517460792	-1.2373624708551425	-0.095209814928725	-0.3444716400473625	-0.6558704430601346	-1.012651852585927	-0.952302624453813	-1.2983108768037794	-0.7416785361934026	-0.2402750360826857	-1.5442816810443076	-0.6488285351117659	-1.0374029700683962	-0.5498258541221731	-0.5266058969018557	-0.7172550383782853	0.0869589842931674	-0.2838790055748389	-0.7293315406748082	-2.0290533513723386	-0.597647783894422	-0.6494103054095405	-0.5841151594343454	-0.4374621184476095	-0.6393549513480684	-0.1829425917351993	-0.8678607631696169	-0.0310635662811712	-0.8501674991818169	-0.1802264545472242	-0.3536498817264568	-0.1071828880658769	-0.3558337352074932	-0.8440107063074291	-0.6927704756651674	-0.7990992739555082	-1.1601484024216078	-0.8189910148427815	-0.5356661219129304	-0.4437931166673028
ENSMUSG00000028402.20	ENSMUSG00000028402	Mpdz	DOWN	0.6833814333814334	1	17	0	4	0	9	0	5	-0.34500763878168905	-0.3228985445550596	-0.2933354657328352	-0.3907895038675334	-0.35043742327977484	-0.3454681622466126	-0.360400720467369	-0.4114942452447696	-0.2850449988146401	-0.2853963686427503	-0.3555155272809343	-0.4296053967116541	-0.3613686967311907	0.1141371691592542	-1.0978797936969815	-0.3232046657040507	0.0444526294181157	-0.1084648992573158	-0.6543147636058723	-0.0548796679256376	-0.4788251099975176	0.9674524370718844	-0.2451317807009754	-0.8568912728465068	-0.2593234189958751	-0.4518694711019727	-0.2104903565524424	-0.4739818286811719	-0.360400720467369	-0.1985398850496018	-0.3720770597687952	0.0977333970110076	-0.434866766629384	-0.4458562098415887	-0.4782044749647972	-0.0864118481243063	-0.4057295928108728	-0.5720827426656854	0.0858721198830768	-0.2699407146398464	-0.4114942452447696	-0.3491133867326625	-0.6344889504336779	-0.5842786072391691	-0.1724742902056172	-1.0645170788654603	-0.200587197913622	-0.2393462269635708	-0.6043818761220178	0.1111893771690708	-0.3365645648698201	-0.5162467815587993	-0.2850449988146401	-0.4309334928678703	-0.1159045250651764	-0.2416377359914157	-0.2287324667770371	-0.2853963686427503	-0.7573128660447542	-0.3697408723888521	-0.1214859480995713	-0.4139708777819075
ENSMUSG00000040093.17	ENSMUSG00000040093	Bmf	UP	0.6829004329004329	18	0	5	0	7	0	5	0	0.6917871291246704	0.4938875461520327	0.6222734263203361	1.2061076075678365	0.5139686310312489	0.42479885157926056	0.5287724321863303	1.1967011407264165	0.4272139099016121	0.459002660117735	0.9023686958957314	0.6008659099364816	-0.2127892668544815	0.5130258414757407	1.2427460574430609	0.6190359380354249	-0.2750642131474842	0.2162184825572758	0.3289286006626037	0.3527742288142743	0.1758454967195916	1.543601077855019	1.4729782722217406	1.643870460423624	0.7302565849822239	0.935344837011431	0.4552109491147781	0.6354952575428827	-0.0524888890851207	0.9288784463296784	0.1109846930985786	0.4658917234124065	0.5287724321863303	0.6715873972761879	0.1712771969802945	0.3858311339380926	1.7099351658227075	2.339078115736447	-0.3954642774848757	0.9839605986111456	2.019257788820556	0.8803717368820598	1.4094416828416876		0.5291288561436222	1.1758654873354866	0.3333654770067404	0.1700197349542594	0.117827879182137	0.0748355046601964	0.7976641308349864	0.3299403850697283	1.0651663591453984	0.4272139099016121	0.6326272171095707	0.551220812074124	0.6304551598314219	0.1060020550059864	0.3284341040458594	0.459002660117735	0.249593071334205	0.6488840986454927
ENSMUSG00000028683.15	ENSMUSG00000028683	Eif2b3	UP	0.6829004329004329	18	1	4	0	7	0	6	0	0.3858714201103324	0.36843661693463464	0.35479035836608463	0.3478745242920747	0.3464480031749384	0.4943727946082316	0.3346630430218034	0.3876665177823691	0.3492067160869002	0.4760248141274489	0.3200785395703682	0.6618066340751949	0.435076836533811	-0.067899514038524	0.9035050754989256	0.4081258314947866	0.4915467311960508	0.1540229312999537	0.4566666037928713	-0.1188221304608948	0.3241064920425088	-0.4310388588148256	-0.0830603184836624	0.7759928292437878	0.1650606943046844	0.2739230986525202	0.0964973907774927	0.7949541898160986	0.3346630430218034	0.3048751452643161	0.6154832200672334	-0.0752281773263648	0.9490004639284274	0.7349502366085113	0.4549997860736574	0.1254730214150785	0.5745798803304745	0.7763424197357068	0.4150767207429813	0.1419272743607053	0.0388255542830006	0.5356074109872874	0.3876665177823691	0.1396757721524726	0.3492067160869002	0.6329252205982481	0.5086862320159828	0.1950637513564032	0.7754379123217089	-0.1095564171432152	0.4623142195059008	0.4253694618512992	0.1912361466093028	0.1284171984717969	0.2518275932499949	0.7285495180363829	0.7859558253969211	0.3269452955550487	-0.0634602440683148	0.9880356375231208	0.2185587156870133	0.4760248141274489
ENSMUSG00000060002.15	ENSMUSG00000060002	Chpt1	DOWN	0.6829004329004329	1	18	1	5	1	7	0	5	-0.3706054843293599	-0.3819920948382761	-0.3299723355588395	-0.48966699849063194	-0.21836835759152223	-0.44441424567644594	-0.3115123588366058	-0.4869122796615217	-0.2188753803704575	-0.4524718308399464	-0.3311057738782061	-0.9612062629682976	-0.2569657742787529	-0.3721710125834069	-0.5240335612400138	-0.1027905908487301	-0.5165758740742196	-0.2577674342017874	-0.7370132412514595	0.1485238515387107	-0.2819515880702327	0.283266273986187	-0.2761741292934785	-0.5487192693431676	-0.0315572110457074	-0.4265575982588294	0.0776263100411963	-0.3264624010271719	-0.3115123588366058	-0.8656634288607232	-0.4612465194602433	-0.0350667248548211	-0.2877866351706757	-0.7765211310784046	-0.4848550318752471	-0.192306843477179	-0.0526590996774007	-0.4878721312768586	0.127561049176581	-0.2460109048691642	-0.9876902512246776	-0.8617305805888942	-0.4850138909898881	-0.4869122796615217	-0.4895325131354689	-0.725925343836282	0.5727570443698496	-0.2480017103135644	-0.5137011684144667	0.1012008281018198	-0.1869257746585379	-0.2188753803704575	-0.1409632255902281	-0.1939427258296213	-0.3581419638297874	-0.0977843288065014	-0.5778663940485886	-0.8233673207378137	-0.4524718308399464	-0.5128277987102224	-0.3561262433550407	-0.290455803237008
ENSMUSG00000031767.14	ENSMUSG00000031767	Nudt7	DOWN	0.6829004329004329	0	18	1	4	1	7	0	6	-0.5246235060324211	-0.5374738389451268	-0.6779270399050654	-0.4118027797381174	-0.41635738828671265	-0.592406816199789	-0.6656274474609614	-0.4783583205041318	-0.3512597955788264	-0.5965893573861218	-0.3163580180568501	-1.5872891983253483	-1.4652578565407526	-0.6656274474609614	-1.0457064462347074	-0.205745141887383	-1.5362844421500694	-0.5422341453879528	-1.2371821645261036	0.2483763068904862	-0.519250472081536	0.1561871296594791	-0.5629634947892304	-0.8868833429824523	-0.1207515407534885	-0.7868979527975553	-0.3290541355469476	-0.5562701397422517	-0.1729671960087581	-1.476212568812251	-0.8631648456137971	0.0794283195155439	-1.0329363809191168	-0.9223927445919968	-0.3486252703866568	-0.8472150003643297	-0.7607518875417846	-0.1601657642108124	0.4225661631129031	-1.0993993158294908	-0.7288253963634355	-0.593166315659586	-0.4783583205041318	-0.2452705087122684	-0.6255591844986045	-0.4637720454935382	-0.2983678961709614	-0.2560824324932833	-0.3934844411664246	0.300397411872732	-0.845608764533136	-0.294439724930505	-0.1008069087226368	-0.3512597955788264	-1.250947489438654	-0.5429418814298007	-0.3570470929870808	-0.756623384914127	-1.421146119244693	-0.5965893573861218	-0.8655148117269489	0.39301493429025
ENSMUSG00000018927.4	ENSMUSG00000018927	Ccl6	UP	0.6824194324194325	19	0	5	1	5	0	6	1	0.9484247423088976	0.888413141513158	1.2748981647579636	0.9527317404781653	0.8739982167500217	0.6920708472494396	1.1718696131486896	0.9858185971248192	0.7837115576552213	0.7910076859014967	1.9886316378871067	2.2982933725073047	0.6555476817331929	0.3013854720898921	1.2216304330069645	1.9240181248047772	2.3339263185247034	0.7910003826697518	2.5062553760054	-0.154015648938061	0.4696459933390748		2.514068273101049	0.983647935246106	0.7958148848158035	1.1221087932904146	1.9190882105123	0.3619150078733013	1.7394202871435405	3.3686116440391616	1.315015330202752	-0.0853928696071598	-0.4107753925445898	1.0332470406740228	0.7692902462531729	1.509815046823563	1.875158702253501	0.3253129769262056	0.8066980252358017	-1.606578962632348	3.0108793252518216	1.2882213039121793	0.9858185971248192	1.8587709175286784	-0.3235318118838612	3.98375022326534	-0.2531649199221808	1.4597337617083392	1.389445191677707	-0.1576519429119225	1.5155182643775136	0.0575961636002082	1.1651115984102134	-0.0065377017263402	0.7837115576552213	0.5558742437319472	0.7910076859014967	1.1083982196232507	1.2077423901138078	0.535145219663869	-1.1784543381130432	1.824782509824749
ENSMUSG00000056501.4	ENSMUSG00000056501	Cebpb	UP	0.6824194324194325	19	2	5	1	5	0	6	0	0.8513363434637081	0.9357113955827498	0.9597737490580696	1.1616061995318903	0.3338861394141312	0.9500792858507419	0.984088134173601	0.9970511400104286	0.3072360525067096	0.8873346569918986	0.2771232560951742	1.4028542318931323	0.1411883581303433	0.4312436558738661	1.3907276942492877	0.418982784301202	2.1038818231500462	1.0887561535881474	1.8499068462655563	0.3728041333147612	0.8178852635862237	-0.6647596509977348	1.1828409390882044	2.081057478530461	0.984088134173601	0.7405102737029411	1.6317387825522138	1.2406857476827922	0.9563727730609988	1.2722186133423403	0.2922540957984352	0.7761681407192695	1.0221132966437254	-0.3282028484873291	0.7682442508274296	1.994827526220044	1.6683794712627449	0.9970511400104286	-0.4676735720775579	1.2919065846229132	2.427164773607656	0.5757686188203579	2.3562405441655154	0.9507853075739172	0.1873999777795556	0.9995966394626892	-0.0798453880949564	1.0059357832791036	0.1255106850485187	0.3072360525067096	0.3991535801718636	0.6061903226135648	-0.2170623123471456	-0.0194444978192111	0.3580766909547516	0.8656346644306836	0.8873346569918986	1.0946481762948903	1.8922371885067035	0.1493035246963296	0.9028417237180522	0.8585550663166356
ENSMUSG00000032712.17	ENSMUSG00000032712	Resf1	UP	0.6824194324194325	19	1	5	1	5	0	6	0	0.6874911277848352	0.7189464573419189	0.6594875372470603	0.798151212646386	0.39465097096543017	0.8976747902804644	0.684430438490577	1.0707477622364772	0.2166517214138703	0.7534624761932606	0.7294380933130368	1.3206145149296715	0.0757973308463415	0.481369363533197	1.500591121062663	0.7291335814141491	1.2282997643114408	0.2075032181782098	0.3885719759257017	0.2587111212990957	0.3298331099161834	0.8143120442594174	0.684430438490577	1.0239380542689425	0.1403954080215794	-0.4546055686712829	0.1424229051405753	0.4220880430554969	0.9430063448476512	1.075400418507206	-0.1985691460268819	0.0659275871601382	1.587053320291247	0.7927040165571494	0.343131744926982	1.290457552715519	1.884207147396621	1.0707477622364772	-1.362816897917367	1.366743914701916	1.093691104354447	0.9812296784243612	1.8161423516031965	0.6213205751216718	0.0987300312068677	-0.1314901765854854	2.485244258343173	0.2166517214138703	0.767501659804621	-0.2119387048587741	0.3167597717765898	-0.0259720923774986	0.4973185227295431	0.383735489503562	-0.0553798003367371	1.6274766142710764	1.329058582553902	1.3640877949822316	0.6262416233458113	0.7534624761932606	0.4785296192777379	0.1048668213392305
ENSMUSG00000001767.6	ENSMUSG00000001767	Crnkl1	UP	0.6824194324194325	19	0	6	0	5	1	5	0	0.3929827330407055	0.41644698896032606	0.3574802487966211	0.4572971582595199	0.17774632467827753	0.5794072004284035	0.3524718121419701	0.4804221657786821	0.1199046357998672	0.5956730830700792	0.3524718121419701	0.4186613561735938	0.1567438261599077	0.1897242311245216	0.982612273895946	0.1823276957707531	0.5035889785327663	0.3721170460110716	0.4051730041741969	0.1334671861634758	0.2835761228474502	0.2721797767826708	-0.0046425788093188	0.6068205379834998	0.0302096696175284	0.2177812696252286	0.203153147044015	0.7480937353348666	0.3779864333073998	0.4452921373850217	0.4316637951394829	-0.0496408105052516	0.9491833826772508	0.4422953747842839	0.523722271201261	0.2120617530616469	0.2653432898835299	0.4818243117360464	0.3803377375622391	0.1850574802983886	0.5741540152322883	0.3734551718606781	0.7258292253483167	0.4804221657786821	0.0093546704815324	0.1199046357998672	0.8720621767687502	0.0746689019596887	0.5831019443218787	0.0111682935799864	0.1982202979986183	0.1403315799825178	-0.0253718301335987	0.2605908587709529	-0.2888219580691409	0.8305633595152957	0.9163419013228332	0.5956730830700792	0.1719010693061437	0.9141602447444124	0.0922435491996444	0.5349671958404162
ENSMUSG00000054823.18	ENSMUSG00000054823	Nsd3	UP	0.6824194324194324	19	0	4	0	5	0	7	0	0.35236039286949683	0.4276845482767788	0.41627633009140486	0.39092256827677935	0.1665576525299535	0.4356850205798496	0.4183035374102614	0.4370655591432963	0.1749479792838814	0.5534568457980501	0.4183035374102614	0.9233244774467216	0.1176833904975466	0.4488944987800665	0.5598663082397842	0.3075925829748164	0.6455875219177555	0.2187938926143415	0.3422152960945268	0.1715683547817632	0.367859620893643	0.1231353204959007	0.5146005741436579	0.7178959347339486	0.239372046720902	0.13260940510575	-0.1776561568453149	0.5853054212978804	0.473132921268721	0.5175117041945269	0.2632907313238009	-0.0578203995971966	0.7114797839558498	0.3578580866618399	0.5418545774745713	0.7406685784514634	1.034532901430403	0.3604931241239056	0.0587320545644326	0.5624539968746143	0.4589679497269508	0.4370655591432963	0.7889490191760398	0.069796274328216	0.0533205611893529	-0.0509276955330692	0.4915600415369959	0.1812423253337115	0.2543654197694776	-0.0483653872633067	0.1606490145355137	0.1512284864281007	0.2426277503090479	0.1749479792838814	0.2214856822397828	0.2730277121318533	0.5534568457980501	0.5610905579264458	0.6707286516394076	0.1745687329680222	0.1889835328849756	0.6279391107101926
ENSMUSG00000048731.16	ENSMUSG00000048731	Ggnbp1	DOWN	0.6824194324194324	1	19	1	4	0	5	0	7	-0.6054788937152177	-0.41582847853374144	-0.5022172715963249	-0.2985175895778713	-0.4455136448850842	-1.1756670688015902	-0.5092528385491876	-0.3224041185182953	-0.274593156794286	-1.3311792096073984	-0.3634924501514464	-1.180203830845751	-0.5252004274791383	-0.5894367045995313	-0.8976968192267736	-0.6495987102210867	-1.2323648461562944	-0.3872023658522784	-0.6351614981408188	0.0465542908562802	-0.3521032771514634	0.2777069601467344	-0.7288359332307829	-0.5092528385491876	-0.1878567770458963	-0.4499094489116303	-0.3375663546853514	-0.7548759703254363	0.2354961698433287	-1.136661898018919	-0.1660849933422482	0.3442107109004339	-1.1716146585021066	-0.4411600791036346	-0.8267819254291573	-0.3563338763846284	-0.5844387814939908	-0.4263480396916556	-0.1114857889264962	-0.3224041185182953	1.0761030604989148	-1.4092865047295915	0.0103350503888435	-0.9065367860668184	-0.4907866623188722	-1.817003035775968	-0.7180272938899877	-0.1199968020548249	-1.2591310586166695	0.1975793317898874	-0.324261990421831	-0.074713497055219	-0.274593156794286	-0.0482460432198907	0.0285301146217349	-1.1599948513386056	-1.3595965330631137	-1.3975496436441583	-1.370770806153036	-1.3311792096073984	-0.4995898061608436	-1.1109886316439754
ENSMUSG00000031133.13	ENSMUSG00000031133	Arhgef6	DOWN	0.6824194324194324	1	19	1	4	0	5	0	7	-0.6499900802046903	-0.5975445935088548	-0.4581207832018692	-0.6682162468345301	-0.2689067219839478	-1.2047165687984138	-0.3915027201123897	-0.80358646690532	-0.2592153425836255	-1.2412466216799398	-0.1329124844280101	-1.23963779944561	-0.3553505658560701	-0.0280935872524917	-1.3407422704200276	-0.3526680160547925	-0.8677346673557024	-0.6130634012832614	-0.3107006747872595	-0.2584746721118827	-0.0773022674369266	0.6996010267369346	-0.3851647274820454	-0.9511519403201564	-0.3567959879467708	-0.3915027201123897	-0.4142091274911422	-0.6103621627814718	-0.5139980609838837	-0.8736955226246428	-0.5638954075379162	-0.1474417830243428	-0.6967289684315218	-0.0393378047798815	-0.2143741133522818	-0.8265136464624986	-0.507009793424423	-1.1196053357600295	0.2193789150793256	-0.80358646690532	-0.9576263325375596	-0.6126414885051162	-0.9586415196807992	-0.4447914995322116	-0.3950723083266846	-0.4015549919530565	0.0034933561295371	0.0210192828093238	-0.7370107551914635	0.0164765387959865	-0.6138092450923508	-0.0191152618373738	-0.2592153425836255	-0.0287258282099317	-0.5444593863637869	-0.7832820907510196	-1.2412466216799398	-1.0976830809652045	-1.4722634984289236	-1.5444271341283606	-0.6847014193417881	-1.6094121362936602
ENSMUSG00000025213.12	ENSMUSG00000025213	Kazald1	DOWN	0.6824194324194324	1	19	0	4	1	5	0	7	-1.050561951140372	-1.032950843638715	-1.1060196340523663	-1.1902662886729674	-0.4849396473438603	-1.4210222344922945	-1.0567125882217212	-1.0091890990557089	-0.3141126639422711	-1.5513641281763615	-1.0986293993029947	-2.8989226244311217	0.0149816980877672	-1.5376567899636109	-3.034405991719298	-1.2249391591818466	-1.8630604599887028	-0.6307023363845178	-0.8576272792461774	-0.2658339357174775	-0.8527697547787254	1.4418379314056016	-1.9015366511111005	-1.8445620449720528	0.1385456936104635	0.1313052964610826	-0.395639484268548	-0.2969292528598705	-0.8642710294325646	-2.887890742793034	-1.0567125882217212	-0.7216344352800941	-2.265469641113236	-1.2343051231053088	-1.0451039027439095	-1.2712624278897495	-1.5393356844731405	-1.0097779370798985	-0.7173276746671888	-0.725386707964554	-1.0091890990557089	-2.864095214977531	-0.6739528761236245	-1.332134510842266	-0.3141126639422711	-1.712034908484651	-0.149398978986788	0.2243155286004742	-1.6620006007984798	0.2554694763536003	-0.601929447508542	-0.6145473474745189	-0.7285868378991077	0.24328845811903	-0.2747987987612108	-0.6977803597655226	-1.835428337188481	-1.5513641281763615	-0.9176211891267654	-1.6509804596495006	-1.0027205697356976	-2.2912605978037317
ENSMUSG00000000915.16	ENSMUSG00000000915	Hip1r	UP	0.6810966810966811	15	2	5	0	5	1	7	0	0.7985843556172012	0.7280057340158482	0.5199122804486455	0.9319492668561498	0.1263287144377846	1.616147160726225	0.3355642065387326	1.120447261492964	-0.0069944584072387	1.4829672649755228	0.3164991427671218	0.9040248519184884	0.1382146744103434	0.5497679497248201	2.2573455348062	-0.1902636444596461	0.877549433378516	0.2440348301469151	0.3355642065387326	0.1148486370138922	0.0189534852600265	-0.3275427604242166	0.2468098886302539	1.30146162592901	0.3889557173587994	-0.0302200948250909	0.1632713703591133	0.8183478227027144	0.918126073546424	0.749861499868341	0.223604853555032	0.2831873500890827	1.0792680813675375	-0.4674319243068915	0.989322492419378	0.7757576724699308	1.3583128018685984	1.2034696404428993	0.0529739919520072	1.4972962456982477	0.3472985962975614	0.7768906401164001	1.120447261492964	1.5252684919929689	-0.1184570842809974	0.8106666541399581	-0.2109491916550643	-0.0219932863365756	0.5104827301150822	-0.0069944584072387	0.3787038729308344	0.434247477031131	-0.5387860861098899	-0.0089607409883041	0.1616559723766951	1.2546194658221406	1.6138437740086138	1.4829672649755228	2.547056352346837	1.142595855450731	1.0136021000170836	2.258345312462647
ENSMUSG00000011179.9	ENSMUSG00000011179	Odc1	UP	0.6810966810966811	15	2	6	0	5	4	6	0	0.6208003749709454	0.6527611321452815	0.6182424164538218	1.0243563326933123	0.19218902880750968	0.6484137219291378	0.6964602171326542	0.975108751295854	-0.0365611283432099	0.609062047157909	0.7528615003643301	1.5050593108051251	0.5215773822436205	0.2512865517323382	0.8067838196853366	0.6964602171326542	1.3788045421467947	0.3958511241585733	0.6373421488826555	-0.3127917331888343	1.1419690285068806	-0.8149347160937255	-0.6991396555569045	0.3854620993687686	1.1796666953886703	0.1431870280470886	1.2905721073587388	0.9023450024682268	1.322937676301572	1.2046833654536169	1.4589518614668389	-0.324078044007919	-0.5992987200093328	-0.0435700483318785	0.2211912003568653	1.362332669003128	1.9270328305699604	0.8897672737637689	0.3975281148762546	1.9187174806103504	1.2740533293198295	0.975108751295854	1.6311585356161766	0.0841608433709526	-0.3548776575586025	1.4923947387993175	-0.1733434742081702	-0.0365611283432099	1.0234744035231111	-0.2963375418159045	0.8569558157291292	0.755973520051824	-0.5914896550977498	0.5337630390306961	-1.0958727432278346	0.9155706356321304	1.3105982472015925	0.609062047157909	0.7161119650668109	0.4057004220495445	0.2618244581087982	0.3200282782871793
ENSMUSG00000026235.15	ENSMUSG00000026235	Epha4	DOWN	0.6810966810966811	0	15	0	6	0	5	0	6	-0.6681169722503599	-0.7113825669923658	-0.6712230961738336	-0.9578582199399905	-0.35735913045509077	-0.6860274424325249	-0.6847474174872041	-1.0125239596554745	-0.393496891261305	-0.7380177164975275	-0.9855602131548036	-0.7938736432271258	-0.1669287527210187	-0.2105251778879145	-1.7314993228147502	-0.2875484955522414	-1.4137438608493007	-0.9361042526434628	-0.7445286403356207	-0.0633884512553101	-0.2765251305807803		0.0433193576935099	-1.137414386936431	-0.545552963015938	-0.4470190777865995	-0.3724682399290608	-1.439862550555364	0.1354716276932892	-1.0699378680175755	-0.2535196016551287	0.532137559639152	-0.664779105851769	-0.9306264267350436	-1.0504419285607514	-0.7047157291226391	-1.9361652263569944	-1.0536361742294644	-0.6876199474910434	-1.108456147453912	-0.8014861629163867	-1.0125239596554745	-1.6408485561930326	-0.4004365916406193	-0.5653075322895246	0.179931543152433	-0.393496891261305	-0.0080765280993707	-0.9422406656099656	-0.0453768087379752	-0.1253835159783856	-0.6576319722971864	-0.5000454594368491	-0.5280978874092767	-0.3452247170385925	-0.5539023158910599	-0.7380177164975275	-0.9233693681782652	-0.7013745322301888	-1.0310341727703896	0.0726831763652454	-0.9271771678254892
ENSMUSG00000027411.18	ENSMUSG00000027411	Vps16	UP	0.68001443001443	24	0	4	0	6	0	5	0	0.422570374538958	0.37149219496813846	0.5487210885182491	0.5344214499677946	0.2173434911458843	0.38979546852390395	0.5104701009361463	0.4259646816055523	0.196936027084145	0.3170197083307247	0.2887915834028872	1.5433720794158603	0.3266583691238372	0.1906080981665964	0.8497066189816104	0.7370697728790712	0.8539378630270787	0.3774522219027456	0.600003744011633	0.2078254648644737	0.312085317486013	0.0954052131724164	0.3655274807400716	0.9922481703775116	0.1768950644562389	0.5104701009361463	0.3152290570770213	0.9577589122893688	0.4319606692584601	0.8202274329865151	0.5271279329262641	0.0125432474386737	0.792573673888634	0.9756961652420194	0.68216824773032	0.353219687460293	0.518907200750964	1.0317740965075537	-0.1297851244093241	0.2174587228297788	0.3459072523106695	1.2145367156701368	0.4259646816055523	0.6350938052601953	0.2092899457639288	0.3918911680818892	0.0758958683978026	0.1173993493972589	0.8039989982653233	-0.038929028312841	0.2022770901118019	0.198189551730741	0.0965040708448346	0.1373253612398426	0.196936027084145	0.2492473017004791	0.6447366781432249	0.1223958467432607	0.3168710417023245	0.4763184511523402	0.3170197083307247	0.6019792518949737
ENSMUSG00000055531.13	ENSMUSG00000055531	Cpsf6	UP	0.6791726791726792	19	0	4	0	8	1	5	0	0.3279159280783329	0.3338654522447554	0.4490372760686104	0.341858669485045	0.25166280096317306	0.2691049657965033	0.3544438368263821	0.3507480564283118	0.2130086036841321	0.316982848061199	0.3482937506307358	0.9665661555797812	0.2406731305545827	0.3167602591500139	1.3049489528340563	0.886669127622665	0.8850369267558831	0.2775482236143607	0.6279696371720901	0.2031407869889812	0.2839151286685182	-0.0563651270669708	0.2197294230727534	0.7664443425387002	-0.0307349017355438	0.0656618654272313	0.3872387596958652	0.6095073434666558	0.3115640088121368	0.6865415726938485	0.3547037252645639	-0.2063660850766606	1.0965270279626471	0.5017570111115573	0.5239125500018842	0.1979190212857607	0.3544438368263821	0.6231401462253358	-0.0045402589659162	0.057972785318946	-0.0240251824099878	0.8042102196336497	0.3507480564283118	0.5855049201649757	0.2130086036841321	0.1051736015391624	0.7527625940968934	0.1529009926413315	0.38238125475186	-0.1609498221747107	0.3660492697937229	0.1832022738529991	0.4436070861773736	0.1161531009764742	0.2140018552556651	0.316982848061199	0.3268543429689617	0.1707632822834709	0.1018676474921367	0.3579530296864573	0.3483814041359063	0.2609322059473911
ENSMUSG00000021737.5	ENSMUSG00000021737	Psmd6	UP	0.6786916786916787	20	0	5	0	6	0	5	0	0.41734954381430606	0.24710050017552654	0.5657916770212177	0.43920448135445617	0.2649696722480352	0.399432344633515	0.5215586501459283	0.233760398632398	0.1768407071211383	0.2604406017186551	0.1478160835214332	1.279910291837734	0.4386870494565106	-0.0924776441922436	1.5099879682540058	0.5215586501459283	1.0367958281618077	0.4168108493936945	0.6545007472183085	0.0056494794284461	0.3255506512500462	0.7536175691662398	-0.0833028305849238	0.9139592641555112	0.1307773865574004	0.4346477899278134	0.6619262842798433	0.9553704135023482	0.3136187063496466	1.100340282709998	0.6359529504209459	0.0258977045330208	0.8586880258897714	0.8530379164261644	0.9574897165063964	0.2279472345666648	0.2916169106903633	0.9661934687248214	0.1904002860524304	0.2103282997438037	-0.2881259694990953	1.2099654962495014	0.233760398632398	0.5519093895773337	0.1768407071211383	0.7031201194061784	0.5739768571201637	0.0678789550187061	0.8983677812047818	-0.0756229190536265	0.3745896670804579	0.3203831959649928	-0.1131274423169838	-0.0137464170432918	0.0020058902258705	0.2604406017186551	0.9397557022829042	0.2260709338854377	0.4694665591177717	0.9390164471086448	0.0688394243209428	-0.1075632559997515
ENSMUSG00000035206.11	ENSMUSG00000035206	Sppl2b	DOWN	0.6786916786916787	0	20	1	5	0	6	0	5	-0.45797302203173806	-0.40899264498914034	-0.5464042985075611	-0.6215189686061129	-0.3068751376714837	-0.3570936833417947	-0.472440776856658	-0.6515104517453749	-0.2605498282822475	-0.3455445131216227	-0.9004069070314742	-0.7335522238715632	0.1316639018339528	-0.0510318843266179	-1.787816552712021	-0.6730005194903954	-0.7423101167111099	-0.472440776856658	-0.0023757549611432	-0.2391648740650296	-0.3658930960551499	-0.4395497096892995	-0.2666197797757539	-1.097534183604859	-0.3239372037272034	-0.4257101354402711	-0.3213200060771952	-0.7794875643744561	-0.6030021283813919	-0.6537920958700524	-0.1379965086019646	-0.9538221700294534	-1.299462339662531	-0.1545267426471475	-0.6874868948726575	-0.1688000324595223	-0.603539760243181	-0.8269701519896132	0.1454436459272696	-0.6515104517453749	-0.5568313864030178	-0.7125959167187615	-1.290809761684713	-0.4573587576285796	-0.2370122234556884	-0.3422602690343541	-0.6954767123544376	-0.366610916196141	-0.1992166732048929	0.0598361346908187	-0.3634416295999762	-0.1797840016754201	-0.6392869321202842	-0.1518234631536973	-0.2605498282822475	-0.8100862343794583	-0.0368941814019977	-0.2972125581264553	-0.487485447949292	-0.4517873589596693	-0.0706454894540672	-0.3455445131216227
ENSMUSG00000046312.5	ENSMUSG00000046312	Myorg	DOWN	0.6786916786916787	1	20	1	4	1	6	0	6	-0.5063095013083033	-0.5350139796976097	-0.6481875071694921	-0.816561942101826	-0.11054613124457363	-0.4499424247173214	-0.6776224806757123	-0.980649535695583	-0.2035484553683085	-0.3924054787195071	-0.7090148173565876	-1.030893754107905	0.04787117279931	-0.48399414429848	-1.5616565554304749	-0.8818814909372074	-1.1876373205268291	-0.3395192976650537	-0.6756637523900492	-0.2016238037632697	-0.1192006311888994	1.7202786699845931	-0.7787748088993393	-1.2651948869237069	-0.638707625277524	-0.3529976848584861	-0.316210971511377	-0.5753318075401755	-0.6776224806757123	-1.148030034797077	-1.0276884759368323	-0.1670862716065503	-1.3189111117661236	-1.0515794037502124	-0.3353057087291669	-0.8809940942881744	-1.5436916021349767	-0.980649535695583	0.4880923266175365	-0.9822055547780536	-0.9938573166732754	-0.7192300872501511	-1.877129156676628	-0.6509542702566271	-0.2646935959268012	-0.5286696641017034	-0.5591473813747043	-0.144684011987562	-0.8695660947439198	0.0253063349139316	-0.0832437561605016	-0.2075894094963051	0.3052562270934066	-0.2035484553683085	1.3145723634621576	-0.4452754923531021	-0.3924054787195071	-0.3445272064096431	-0.3833517165764764	-0.8623401705005223	0.1447005811099416	-0.8663974895719404
ENSMUSG00000020747.19	ENSMUSG00000020747	Tmem94	DOWN	0.6786916786916787	1	20	0	4	0	6	0	6	-0.6263395108835182	-0.5043551498773384	-0.48598949921170775	-1.0597321318717516	-0.33196629871919714	-0.6276701137314165	-0.4270275909625826	-0.9883134056437112	-0.2138591924491577	-0.5816827087920943	-0.7244365083902187	-0.4159404166266423	0.0991343050700107	-0.0566854473471459	-1.9030282398906908	-0.4979272018957118	-0.4542852820686897	-0.4270275909625826	-0.5617335206371475	-0.2891326281372481	-0.4129905939504315	0.3731558427197914	-0.5019428913246283	-1.1804613862445552	-0.100377016929411	-0.4634590463038904	-0.5977725150463906	-0.8394826977050368	-0.2158135441984957	-0.7752066282394744	-0.3819825470976214	-0.1287234745406606	-1.6025889753387013	0.223563669478194	-0.4197576908566282	-0.6388333175614398	-0.2279811346906629	-0.9883134056437112	-0.0012585920262541	-1.4692962611005358	-0.7613093291902476	-1.0171980463728003	-2.517416583358668	-0.6633327054100451	0.0304191379997712	-1.3531733268068575	-0.6162583782827232	-0.2104586721371032	-0.4615332927968089	0.0259670018169569	-0.2138591924491577	-0.2089909102396487	-0.3205633410318267	-0.2388988993190291	-0.0842794126647409	-0.8000618811861806	-0.3954137792392848	-0.9177555472362344	-0.42313296382741	-0.1240723889464961	-0.5816827087920943	-1.1515715268922146
ENSMUSG00000022075.8	ENSMUSG00000022075	Rhobtb2	DOWN	0.6786916786916787	0	20	0	4	1	6	0	6	-0.6522891734757883	-0.676861009031062	-0.5684463781981898	-0.8177122759079598	-0.14414698498885817	-1.0788510548081454	-0.5757284550307353	-0.7779935630313887	-0.2141068825524081	-1.1341728637273651	-0.7433870071829385	-0.7943377310718698	0.083514013339716	-0.1881730617070313	-1.2187899035952034	-0.5757284550307353	-0.6418524783918221	-0.3461049582077647	-0.7306868186261594	-0.2334769625297688	-0.5693397499209706	0.0268367589996472	-0.1996589450964258	-0.8785623465514001	-0.6187350789072307	-0.5471355217226296	-0.334904631027469	-0.6046805593019523	-0.2846920605624764	-0.8389030922953459	-0.2329874344915594	-0.164115817184552	-1.0149107848941106	-0.6755129494232045	-0.4924127292048215	-1.1657763974345643	-1.3635375093284816	-0.7779935630313887	0.102709071683171	-0.9186964405666636	-1.659642707876143	-0.5523719099548723	-1.5741918003276347	-0.3437985812821869	-0.1840103699630126	-0.2815652652475023	-0.4572071265924391	-0.325179547973523	-0.0990176993866477	-0.1032314151356825	0.4882269087855497	-0.2141068825524081	-0.2792959237131284	0.1034490720425169	-0.2336785851411628	-1.3570111741080408	-0.8631036798552185	-1.4242369790944376	-1.1341728637273651	-0.6865215073078164	0.1484717480945604	-2.235382927658699
ENSMUSG00000019370.11	ENSMUSG00000019370	Calm3	DOWN	0.6786916786916787	0	20	0	4	0	6	0	6	-0.6728579959422945	-0.7451366890392052	-0.9338098626734203	-0.8808701726701816	-0.20061476749012816	-0.6761371809354475	-0.90129400193854	-0.9276848469268668	-0.0871159519612948	-0.5889793761398703	-0.4842143770347147	-2.940683780478385	-0.1478076182910594	-0.4520732016252501	-2.1758430336418466	-1.085955272538877	-1.5030560992683009	0.0369800928939094	-1.140872833163057	-0.1316913338448291	-0.1916823829578473	0.0200127716946483	-0.6781365309173225	-1.936699591767167	-0.2637694093845321	-0.0152073921346028	-0.0088854598175138	-0.9366218379140356	-1.5112265790236936	-2.023765247326025	-0.9327292317878284	-0.5134031009983318	-1.5922179459963963	-1.754870110640241	-0.6106199917646511	-0.90129400193854	-1.3365327925158603	-0.9917753214429637	-0.0136804188696618	-0.3208056394353225	-0.9276848469268668	-2.18610088387135	-0.7904924165404855	-0.9355516816046208	-0.20399434363849	-0.5451629902123154	0.1793528903376858	-0.1980585110746671	-0.9528146026085732	-0.0562062345557935	0.1251066177546806	0.0226655603176796	-0.6097870896091648	0.1192522128588434	-0.0871159519612948	-0.8141110522216367	-0.5203289042906099	-0.3355252031980851	-0.7252315155838993	-0.5889793761398703	-0.0876722581137262	-1.6611119570003048
ENSMUSG00000071342.6	ENSMUSG00000071342	Lsmem1	DOWN	0.6786916786916787	0	20	0	4	0	6	0	6	-1.1648219411771135	-0.9429547169648003	-1.0736826522633727	-1.2765974131283238	-0.30041118834426683	-2.0085965109724904	-0.7516834617484233	-1.1342259721811774	-0.324191912983259	-2.544153981375571	-1.5351708564180702	-2.7945740017614398	-0.7336624154511138	-0.6064405363471355	-2.801049602933912	-0.4877631557681206	-2.25346648661672	-0.0547365674737924	-1.2904878491740972	0.0438014703529817	-0.5711649924961606		-0.7697045080457328	-1.0457255388310416	-0.4510819320546372	-0.116323040554482	-0.1491775571671571	-0.6633222049215011	-1.3905275483040749	-2.6354898586363413	-1.0984250911832567	0.1333256279892735	-1.5779885646923604	-0.5799992732260838	-0.6091460579942479	-1.5161842919070616	-2.361264125231405	-1.4185393749523447	-0.0741881404145747	-1.1342259721811774	-1.0841854525484158	-2.5125420054265124	-1.9507247957786809	-0.7617761505965603	-0.324191912983259	-0.4490740637212014	0.2402286767676109	-0.2359580952487908	-1.1911486146820154	0.1584921130640209	-0.3787984750625282	-0.3777635024416423	-0.2563228782944103	0.0547606609824649	-0.5447469801671844	-0.6593447818206066	-2.63328122493431	-2.544153981375571	-2.0361471298540006	-2.592771109974016	-0.4724706092293671	-3.122006739619559
ENSMUSG00000009035.16	ENSMUSG00000009035	Tmem184b	DOWN	0.6778499278499278	1	15	0	5	0	8	0	5	-0.48807658408552107	-0.4417128199307562	-0.39171283297684556	-0.6618031401160749	-0.43057334128642855	-0.46821702196273535	-0.330001278455828	-0.5235533332646556	-0.469120663161714	-0.4143049766997984	-0.8299055665401722	-0.3334306453814651	-0.1366192519637435	0.2826103820896579	-1.3266934029263853	-0.330001278455828	-0.1368593735442315	-0.2784935688578431	0.0337895337359413	-0.1005398152983644	-0.3916651784337346	-0.3319718534763867	-0.0168148275823141	-0.7478618458814361	-0.3859063714562896	-0.5123185578733331	-0.7733820888116764	-0.8850041487651805	-0.1631472497797263	-0.1228543461924399	-0.1027382613321288	0.039894664896308	-1.3945058609216543	-0.6125762012176698	-0.7346009921748388	-0.1175213110847002	-0.1671290731451949	-0.6671618928742423	-0.3396346804072971	-0.5235533332646556	-1.434100580088964	-0.2604225281192141	-1.286688241760935	-0.1210607242972154	-0.469120663161714	-0.1059348528727947	-1.1048890316622986	-0.4826546137380637	-0.6170956740484224	-0.1309061878867821	-0.2754502479255507	-0.5303457105541213	-0.564431757321882	-0.1315528928771778	-0.3239251221019077	-0.854898819057513	-0.1756320672110475	-0.4832765584821152	-0.4143049766997984	-0.2648104024198376	0.0564878180505595	-1.141084147919395
ENSMUSG00000078861.9	ENSMUSG00000078861	Zfp931	DOWN	0.674963924963925	1	21	0	4	0	7	0	5	-0.5693611909361679	-0.6183809220036969	-0.6560023239313847	-0.8329169836623057	-0.12194316597528193	-0.6665822901756994	-0.6806356615613001	-0.9116544479025597	-0.2009165845903979	-0.5561261824460938	-0.949945426361384	-1.5226064139133957	-0.2538127796464491	-0.7075276758180731	-1.389349945855719	-0.0692459741159457	-0.9771497463841836	-0.4100153922686514	-0.9041796442399108	0.0994773961127078	-0.4191587737395514	1.042081667013805	-0.5466312595942223	-1.4351434189246308	-0.3708174337592088	-0.407185824042747	-0.0457885719979647	-0.5450453648918289	-0.6948229269018462	-1.0867709468924789	-0.6533754944280904	-0.3875862500198691	-1.9407745030727004	-0.8388442597660233	-0.6806356615613001	-0.7857546048537177	-0.8314535162240059	-0.8337354147755746	-0.0967952685995642	-0.9268998891519058	-0.8964090066532135	-1.1474606177938536	-1.0962017049997228		-0.2009165845903979	-0.5063099017741284	0.3940093973638022	-0.2293594360483695	-0.3678036183528404	0.1034149815290612	-0.528204170334301	-0.2413976451067063	0.4874449514015451	-0.0846784852050883	-0.1675743146106776	-0.5561261824460938	-0.1973611464429058	-0.9188427348267936	-1.1343150960829824	-0.5545708962239183	-0.5283168568683664	-0.7765431183388356
ENSMUSG00000038828.14	ENSMUSG00000038828	Tmem214	UP	0.6744829244829245	22	0	4	0	5	1	6	0	0.5389310269109924	0.49323499453242226	0.589962727325605	0.575982839917782	0.1879205214293104	0.801858018971272	0.518609155733924	0.4678608333309205	0.0756556557951334	0.8400490666734338	0.518609155733924	1.2421619087451945	0.2749684043543356	0.5781342941166641	1.644498463865725	0.4239392976607086	1.0683852044583693	0.282216659800332	0.9753334636747516	0.0403108477655493	0.2281067791024065	0.6207795971847352	0.2552896034963396	0.9786784637871238	0.1221713250995526	0.3283640944485979	-0.0866134961839049	1.0523373454063776	0.094845426590917	1.052208531055964	0.5171458563790531	-0.0802663922059486	1.292042146292564	0.819585520890439	0.7969154164442793	0.3636392016840393	0.5252065181432455	1.228392697188523	0.0712470648083003	0.4395239666018762	-0.2200389746645608	1.0851400428252127	0.9597542493342016	0.4678608333309205	-0.0008554629079336756	0.6603914510960487	-0.1432116402892391	0.2539908477422813	0.8667279521519647	-0.0114495349298708	0.2828052474607462	0.2138798935658637	-0.0569847990229643	0.0756556557951334	-0.0738238749396158	0.2901657211843134	1.4306317679957654	0.8400490666734338	0.910332180610362	0.978315014745447	0.362978740554876	0.8005336410347063
ENSMUSG00000059070.17	ENSMUSG00000059070	Rpl18	UP	0.6744829244829245	22	1	4	0	5	0	6	0	0.38410991913850284	0.4247808218600736	0.4309703630818323	0.4121850848742202	0.17775504146243964	0.5155291871355192	0.43901791477785	0.4105437289422972	0.1280680422601391	0.4997388723511067	0.1549576959117958	0.7569125678495545	0.6653832243140346	0.0153783867149389	0.5519974346164419	0.4361659844129345	0.7842209729166284	0.2919098734850938	0.7924625224050531	-0.0576249686436708	0.3351960095274691	-0.5150461701544952	0.3348004993607379	0.9388324342361262	0.3952478093468034	0.43901791477785	0.4589545142943637	0.4885000653509934	0.1620705488222586	0.6075947995325077	0.551396422456256	0.0562467039128357	0.3962484241327844	0.9775289360000804	0.5459296233154685	0.3596481798616605	0.7122693944529686	0.929882724009222	-0.0079167309093192	0.2612519733440163	0.4309096217420267	0.1833032947426278	0.6773209822486705	0.4105437289422972	0.1469359254302494	0.6927112134516934	-0.1758445093138604	0.1280680422601391	0.4768831062035408	0.0960916969300097	0.1072558597618002	0.2867567146167438	-0.0582103760134168	0.1888575722365031	0.0658002105234338	0.3865593366724013	0.4695123284574899	0.557617309867656	1.2602078055382515	0.4997388723511067	-0.3176173121516206	0.7526859692133492
ENSMUSG00000020457.14	ENSMUSG00000020457	Drg1	UP	0.6744829244829245	22	1	4	0	5	1	6	0	0.3612286579218989	0.360966172821236	0.47095230610681305	0.4358874933890552	0.1778116465348577	0.3602631856568697	0.4831848987494889	0.4221372762452376	0.1876607068382583	0.2997950693972344	0.3586980599215558	1.0749094931170189	0.251157756685022	0.0009203051765183432	0.9088545485582784	0.6132709085356406	0.9400806012739016	0.2203008848170359	0.7293233347966427	0.1063359334197734	0.3060621498083118	-0.863736515124127	0.2855745220764576	0.7052366760458794	0.2005508128234647	0.3937021790598609	0.4099107679286141	0.7528874557852322	0.4921289786869676	0.844564369518457	0.6675512808314851	0.0418148907787988	0.7560833322532103	0.9952087567202657	0.7010936010096187	0.3400422816305806	0.4831848987494889	0.8839289929671735	0.108968226008423	0.0624103431791475	0.1155748765317252	0.8118965891897536	0.4221372762452376	0.6462961496019258	0.1581315799062354	0.2434479167620682	0.2428657434672914	0.2132130171231077	0.6436771346911494	0.0406950755136077	0.1876607068382583	0.2935961565943912	0.0188436512396153	-0.0094403427182242	-0.0767625275340662	0.4023668962708447	0.6478386300803718	0.2385954205382665	0.2997950693972344	0.6917641219091446	-0.0086412035344329	0.2501233649366589
ENSMUSG00000045667.15	ENSMUSG00000045667	Smtnl2	DOWN	0.6744829244829245	0	22	1	4	4	5	0	6	-0.4854015205694717	-0.7240337179250403	-0.8975417520099186	-0.5026137071581257	0.1049681144740994	-0.6464187375839422	-0.8524531305604791	-0.8645911542724293	0.1633841206663067	-0.5956143052896016	-0.2496482957290444	-1.9650534351112177	-0.6696676079109187	-0.4344172415559563	-0.8311226942450732	-1.1294850012607172	-0.993572227850718	-0.2710866194079134	-1.2609774168797376	-0.5734256708190258	-0.0329993416135919		-0.7303021239875935	-1.201024216782535	-0.873783566875885	-0.3287893820596757	-0.1553370781278938	-0.9088757553315976	-1.320463762954304	-0.9558300478504954	-0.5853207479275291	-0.530407990311883	-1.5528897602437657	-1.7369471417300029	-0.8225473246354111	-1.1518169320987894	-2.0702941689566114	-1.0988767795059426	0.0105558103767531	-0.8645911542724293	1.377064668069052	-1.0490397320170182	-1.3700979374538669	-0.5233108253034283	0.5684759434907514	0.1633841206663067	-0.4692242842247728	-0.4942151652008004	-0.6629740084727792	-0.2554344872405449	0.3080893277598716	0.2828661545901735	0.4375888524882436	-0.4885832138176315	1.7646760191762754	-1.5429094047975795	-0.4647445432638751	-0.5956143052896016	-0.565904736536578	-0.6343307673328067	0.2807462157568654	-1.0021736216240202
ENSMUSG00000034312.16	ENSMUSG00000034312	Iqsec1	DOWN	0.6736411736411736	2	17	0	4	1	7	0	6	-0.45028819792536423	-0.42963498404231343	-0.31253269034933395	-0.5232642864218844	-0.33014775350188547	-0.6352080614283532	-0.2979974804653609	-0.561272487619266	-0.2400585981874992	-0.7834531336514182	-0.3522831545623385	-0.0478998319347757	-0.3801547524721698	0.3201716024948369	-1.233539812630834	-0.3567450344064973	-0.172575378478797	-0.2901192578672859	-0.4896215363767385	-0.0074383526367136	-0.4629286718225722	0.4081734714538027	-0.2979974804653609	-0.5432195680969244	-0.0688976720824349	-0.1102165319369793	-0.7097229993907546	-0.3060463043945812	-0.2313294616044493	-0.4838751578387519	-0.2862052490173498	0.0283580280080753	-0.8360709997688593	-0.5917365367670969	-0.4130252821841909	-0.2333297740769326	-0.2901069405753435	-0.4415816755707903	-0.0306911504084442	-0.561272487619266	-1.087273290217838	0.1024460736094213	-0.9779473148329002	-0.6665301599133736	-0.1645893156962544	-1.1978004236264022	-0.4865700905161918	-0.203795563645271	-0.4797902013525195	0.0400246093900312	-0.2400585981874992	-0.4129386643204283	-0.160005584055069	-0.4006204240840919	0.074518967572956	-0.9058185528418884	-0.2933947468760211	-0.7834531336514182	-0.966932041856921	-0.3889637184706471	-0.1404097854184266	-0.9674844508831496
ENSMUSG00000032301.14	ENSMUSG00000032301	Psma4	UP	0.6731601731601732	18	1	5	0	5	2	6	0	0.6220634802738637	0.5382780377047232	0.679305471032361	0.7191848997492928	0.2573140969971316	0.8324494533166696	0.5184013045780206	0.7026583448815639	0.0107514310742844	0.5581547708314257	0.1747004699808003	1.3277205442494342	0.4722490863482725	0.2157783089828308	1.9184445206229157	0.8613635020875817	1.2345983879130449	0.5184013045780206	1.0144311030729742	0.0708322675491307	0.3650906707172905	-0.1311783854105733	0.0296553673152121	1.2559100172456523	0.038667450179324	0.3166515851491623	0.4164905944185182	1.19638082337976	0.7200164023716977	1.4713490653302053	0.7559897631691944	0.0675162160346171	1.3851086580840533	0.940677759040696	1.0713916393580962	0.3110361312366481	0.3219744648691899	1.3971587665864242	0.0225929542541866	0.3908991528349944	-0.182196866276674	1.446516839416164	0.7026583448815639	1.256665106548391	-0.2204409998214327	1.068160878686924	0.610427239946966	0.0107514310742844	1.2334872741034388	-0.0894732572892561	0.4242552013129403	0.2630350977105604	-0.1627858403129447	-0.0043930416656681	-0.3025689167773652	0.8618858132166819	1.5289743349230414	0.5581547708314257	0.4708450117464238	1.6213474739929332	0.2297584288224795	0.5561803396837016
ENSMUSG00000025487.16	ENSMUSG00000025487	Psmd13	UP	0.6731601731601732	18	0	5	0	5	2	6	0	0.5648373583801727	0.5531297017756358	0.5363685581947637	0.7218796375924063	0.1627735339089444	0.8383277038245762	0.3669271911323394	0.8421263245291641	0.0219743020070979	0.7393322124189322	0.0487534028094202	1.1193023154843365	0.3669271911323394	0.1862715784372521	1.6337682122039747	0.5125542263662739	0.8559627675739208	0.2950822646198391	0.7723327949237749	0.0708526490962731	0.139824664505816	0.7821006105375029	-0.0874000589849682	1.2197562095950936	0.0837334545914911	0.264591162443955	0.2784056894919809	0.925439981817404	0.2650247374901485	1.1507462763217915	0.4416302041524869	-0.0326628823941261	1.0341894295536072	0.931445286306148	0.7586187064068111	0.1815399620800917	0.2831602346959818	1.3111657199267357	0.0599395443245389	0.3424198251777552	-0.0109454073201644	1.355396749880751	0.8421263245291641	1.153054706628064	-0.0182854321010086	0.7849719268090194	0.019551104341398	0.0219743020070979	1.0658011022052918	-0.0818325767992795	0.2173309493852485	0.2124471107267199	-0.4614744655592292	0.2321101868386698	-0.2020853348555395	0.7393322124189322	1.4088410134195142	0.6617505298654616	0.6283913454574722	1.3530091403137348	0.1303750257141136	0.9465946595828058
ENSMUSG00000034066.14	ENSMUSG00000034066	Farp2	UP	0.6731601731601732	18	2	4	0	5	1	7	0	0.4763835767727417	0.3534746686655651	0.5703423489687213	0.40418682480000934	0.18566972588025346	0.7453354074419828	0.4604089077271798	0.24654042960395045	0.126917317140729	0.5200839424522137	0.0902093410469153	1.798519326382999	0.322661813765941	0.4604089077271798	1.436220405048112	0.6226694222170814	1.0160453254163482	0.3272782999578447	0.5723935710566739	-0.0394324808074337	0.1489485054750919	-0.2306491903056514	0.0360924497699148	1.0275954055994272	-0.0696277391358267	0.3037828493856785	-0.2316556489020406	0.9681462873326916	0.8227770289802506	1.0118558639507211	0.4163227660898031	0.0104266975476133	1.4151621710845648	1.0598413408070118	1.054545182203955	0.5966909454897674	0.4520145749708385	1.0473163012176714	0.3477792484789246	0.1453016107289763	0.0067416999147253	0.9841683411042592	-0.1061862526445011		0.3563787181318213	-0.308313962719795	-0.1666914199971953	0.3316525146339644	1.041907156498722	-0.204732438159106	0.126917317140729	0.0700230762334405	0.4349326981841848	0.0051123339291001	0.3551809908069225	0.4913503642490137	1.1393486047254002	0.5640240267373656	0.5144607428942294	1.6426025668148028	0.3454776042208545	0.5200839424522137
ENSMUSG00000030059.16	ENSMUSG00000030059	Tmf1	UP	0.6731601731601732	18	0	5	0	5	1	6	0	0.4669190580787598	0.43684479958365025	0.47285471933180456	0.556879850174327	0.2747045582737235	0.5632371045351842	0.4072487046064146	0.4664408945608859	0.1589976029620341	0.5729871477934548	-0.0714228092785389	1.134359104624203	0.405512821189994	0.3590392879985662	0.6955890882221664	0.757126866239384	1.0106218318951796	0.4072487046064146	0.6762955599834924	0.0834060061887996	0.1612040141261497	-0.0039835729616734	0.2417271782978186	0.5186272170738364	-0.0304007794136137	0.1201714693809358	0.3862702285400067	0.6655683797427306	0.3943678210942581	1.1599881991555947	0.233946590528581	-0.0330091208699406	0.9656642063631078	0.648800573510215	0.855807603344053	0.4784548072763111	0.5460961451006903	0.7889985117741564	0.00541341343679	0.4470973205858706	0.4205163825782336	1.233097471933895	0.5365949563504573	0.4664408945608859	0.2025269127649939	0.2206781494490653	1.7100661818233045	0.1589976029620341	0.0380633818143077	-0.1191816050528683	0.1851457281324977	0.2131380888593947	0.1340664258187033	0.1476846057246151	0.1305646687149101	0.7528585478246405	0.5729871477934548	0.5123315349058026	0.6758175830842696	0.9808163592727018	0.1671656825210805	0.2806828763443391
ENSMUSG00000031987.7	ENSMUSG00000031987	Egln1	DOWN	0.6731601731601732	1	18	1	4	0	5	0	7	-0.5666856704998837	-0.46052986043954003	-0.3367441925246058	-0.5956705909795271	-0.22159504768053856	-1.112732850814863	-0.2812115982451678	-0.6398481226339122	-0.1564946984547735	-1.1710262043416626	-0.1937599519159441	-1.1231998845986586	0.0789297797337217	-0.2347278440061251	-0.523526420156101	-0.590657097320091	-0.78037298566636	-0.1449042930557978	-0.9180968237245156	0.0924170020765401	-0.1853696809143414	0.4686830817841352	-0.3970093381371949	-0.4431511104450636	0.0230387249669572	-0.0569108568599527	-0.0682714404618118	-0.4409687151975	-0.4956457025630293	-1.0758784227994007	-0.4586055171568626	-0.0108815220386416	-0.401584420008744	-0.2812115982451678	-0.4019358797013939	-0.2789589188349184	-0.2495333629180929	-0.7705747858729475	0.1040607740563178	-0.3318638135250302	-0.3871446370394603	-1.402995472905638	-0.6398481226339122	-0.7413280789360205	-0.3290355646222486	-0.9037164667666148	0.1627513543577169	0.035470729743024	-0.650781552321467	0.0575267360821695	-0.3388343562885892	-0.0281983641513775	-0.3984209333046008	0.1121875912408369	-0.1564946984547735	-0.7556478565852977	-1.112776542881708	-1.4540629707406438	-1.2518118421086857	-1.1710262043416626	-0.4781045475164108	-1.565699991529632
ENSMUSG00000044938.9	ENSMUSG00000044938	Klhl31	DOWN	0.6731601731601732	0	18	0	4	2	5	0	7	-0.9306945603191534	-0.8806745360816814	-0.6569810032633687	-0.8888405487608855	-0.19601872476463014	-1.9809379644877292	-0.6852414055016585	-1.0761076666617044	-0.108906286638125	-2.1924069213333364	-1.164220596420244	-0.9313370915871828	-0.7300165889230189	-0.3011811053887784	-1.3330174524979663	-0.4085299308824671	-0.7034118197360297	-0.1098217262538636	-0.9786587370455376	0.0918278538729526	-0.5863175760032542		-0.561028121838339	-1.1360455470987203	-0.8517037440031675	-0.04172501276253	-0.2071863349805085	-0.3941421150277934	-0.7236932655297054	-0.76362744456438	-0.609159288058769	-0.1571862039544196	-1.329176461148004	-0.9334175441543874	-0.6670709912672873	-0.4736421616468719	-1.0780170779473133	-1.091483702350135	-0.244520659924383	-1.115479265969838	-0.5008870977120463	-1.0138879691520315	-1.1795174795560608	-1.0761076666617044	0.3269308492338163	-0.7462453036652932	-0.0831174088721761	-0.2922623293994354	-1.5476087655645518	-0.0772841826231146	-0.5091430325226788	-0.108906286638125	0.2610492322671361	-0.1501549820191431	0.7705362373926339	-1.5146836569239972	-2.1924069213333364	-2.385983464986867	-2.366445528841356	-2.087147859199851	-0.5761550907982552	-2.74374322933044
ENSMUSG00000000305.13	ENSMUSG00000000305	Cdh4	DOWN	0.6731601731601732	0	18	0	5	1	5	0	6	-1.6611324985268814	-1.468145865021692	-1.8809770176066172	-1.487151292546489	-0.5039675361819177	-2.7724341477725014	-1.6016195882028592	-1.334672141840525	-0.2645835564585342	-2.8774066447682887	-0.9220266263338678	-5.951961181066896	0.0425969169403191	-0.4631716412657338	-4.205744024785133	-2.392017143612997	-2.33442284312183	0.539081408761716	-1.59251392538585	0.3113755868082798	-0.8015362085915324		-2.826427916522132	-2.3851136044954075	-1.2031449549715851	0.8392161304713426	-0.7097053155048055	-1.200139404034212	-3.349637915801465	-5.135577242251818	-1.536033766118531	-0.0791400340072941	-3.538422989195362	-3.7960044548585774	-1.6107252510198684	-1.937675153544005	-2.6665309042647984	-1.461756284958854	-0.8664230889331641	-0.4007867936546515	-1.334672141840525	-2.875710329709061	-1.3164217578184727	-2.154288650910693	0.0400014733537755	-2.594544327925062	0.4460352701056991	-0.5579315242617152	-1.7639572092464086	-0.5464892135462848	-0.2645835564585342	-0.0864105715218898	0.7706883907266999	-0.9255262841263756	-0.0609253451009993	-1.104007242831154	-4.016562287659843	-2.8774066447682887	-2.6677185726916925	-4.291050562412332	-0.2857575540450091	-4.164536169999193
ENSMUSG00000035783.10	ENSMUSG00000035783	Acta2	DOWN	0.6718374218374219	1	14	0	5	1	5	0	7	-0.6120406298413394	-0.6500056394227464	-0.42403071757267774	-0.9846001271447747	-0.025762084950353547	-1.0137695896975516	-0.3849252278784962	-0.9150860509669966	-0.0942464220661314	-1.0078137166846912	-0.6925248673862405	-0.1348548903352765	0.3738484802832604	-0.3213629775816518	-1.817400197884264	-0.6542101913396318	-0.879537262260079	-0.4221227230554713	-0.3849252278784962	-0.2546036095758949	-0.0935162176964351	-0.2182439682552003	0.4242684727777165	0.1383386667411474	-0.0155757254796467	-0.7677683267697726	-0.4970648113887	-1.3560159458739438	-0.4427610761223118	-0.7950378024722763	-0.3341685298091673	-0.0208888876254976	-0.7765813780307188	-0.7298842414741763	-1.256816903230369	0.3592918080411267	0.1212889592196719	-0.544372298323975	-0.3856039553970342	-0.9150860509669966	-1.6217342144245552	-1.2047147289020628	-1.5964492857446235	-0.6242403562541751	-0.2372380602446592	1.3134812016004591	-0.4664611557536236	-0.0942464220661314	-0.2245635055717777	0.1506659031330079	0.1191483692447719	-0.4253826785502088	-0.4949604340412999	0.1222056499593025	-0.0460318021637297	-1.2550936554609355	-0.6470267724383222	-1.0078137166846912	-1.5838649518059753	-1.3797261211163785	-0.4896298242021468	-0.7332320861744105
ENSMUSG00000000253.14	ENSMUSG00000000253	Gmpr	DOWN	0.6718374218374219	1	14	0	5	0	5	0	7	-0.7629695755289208	-0.5868536683715933	-0.38292264434060314	-0.7521958963281571	-0.32313307490526316	-1.5936266865416593	-0.3279554240957677	-0.8457519126474188	-0.1524355785022014	-1.6582006183376454	-0.3987607914257046	-0.7441287676095321	-0.6511764134404652	-0.4069156065563396	-1.123572428218076	-0.3431932820786719	-0.6155535090444796	-0.2543611850365349	-1.0594423768136207	0.1340148833268218	-0.2782887923534735	-0.0709213997713825	-0.3217766200259841	-0.4750772345172217	-0.1266676670410897	0.0526151513285616	-0.1043585540030922	-0.0738552960936207	0.1992594568011994	-1.164298095049865	-0.2895210831788549	0.2827284903940913	-0.8350442040323458	-0.3279554240957677	-0.5569518389871447	-0.148553697785237	-0.6371551118884533	-0.920683318178502	-0.0654219073443605	-0.6082956257850219	-1.0269391880295924	-0.992350824013092	-0.8457519126474188	-0.805928498299112	-0.1524355785022014	-1.146903542251118	-0.1434688782079366	-0.0232416341625524	-1.100296857978573	-0.0088257414373128	-0.2506460327656216	-0.1371570095468888	-0.4965223517221362	-0.1697439225220181	0.0747777251384642	-1.4877016726420702	-1.5987787439880832	-1.753502227148476	-1.6582006183376454	-1.8791458673185748	-0.7758468529839088	-2.0022108233728555
ENSMUSG00000061613.14	ENSMUSG00000061613	U2af1	UP	0.6707551707551708	23	1	4	0	6	0	5	0	0.35400789102650065	0.3993556688231297	0.43860343930246376	0.42036448620740713	0.16649107154731937	0.3905725670488123	0.4025329105297119	0.4112891343772308	0.1596979710597517	0.3961784271165474	0.4237865177277999	0.8010878836837779	0.1928575657039467	-0.0170070381457575	1.1950229292601535	0.39456689378816	0.7105946542422429	0.4025329105297119	0.6859720830833869	0.1587880874030856	0.3338245055168116	-0.720800533552533	0.1857848566348162	0.8660689372364567	0.3667448482563305	0.2958822942191098	0.1796767456787347	0.7819835634159069	0.5137951549447399	0.6332304095331549	0.3621613991078505	-0.0749243998177005	1.020221605224097	0.5749130960998027	0.4064874599486436	0.399477682861851	0.7695627485819402	0.7022934852078535	-0.0900564715927615	0.4857217739591914	0.1513935081790701	0.3788321202592726	0.9030778530619932	0.4112891343772308	0.106568581688004	0.4367665143679408	0.1996476936558894	0.0071678927584371	0.3217523686109653	0.0437394233849513	0.040119866579778	0.2976234600078407	0.1596979710597517	0.2239312922416669	-0.0056132773347121	0.2451677500069949	0.7375249646771556	0.2707100761117562	0.3961784271165474	0.545890198757677	0.1232518591646473	0.4152846935069081
ENSMUSG00000057411.10	ENSMUSG00000057411	Antkmt	DOWN	0.6707551707551708	0	23	0	4	0	6	0	5	-0.48504432274820325	-0.47833786518752797	-0.6228163844493638	-0.5658392148631869	-0.3897407116595621	-0.36178098002070014	-0.6165293822118826	-0.4364061043252754	-0.3688662521006547	-0.5202696260497806	-0.6451396304957969	-1.495619288137176	-0.4256091279594554	-0.815388354720386	-1.156148813123257	-0.7668447702475673	-0.8193130825645213	-0.2677445673701977	-0.7593493337610407	-0.2269740845790788	-0.4058565270127376	0.1044574981955225	-0.4900990759470428	-1.0217468046011324	-0.3170112739280902	-0.4110361712948751	0.0901210763645177	-0.7470494591757781	-0.7454532579427949	-1.162878272448115	-0.397626522262902	-0.2619993287235528	-1.2258041429048574	-0.7342669078013576	-0.5514544126212737	-0.6165293822118826	-0.5436783628579968	-0.5617672631633022	-0.1731775452320406	-0.3110449454872486	-0.7147474016989717	-1.418721352889614	-0.2155767807079446		-0.3688662521006547	-0.6502213493719988	-0.5282615071438153	-0.3668837315484979	-0.7860823753330052	-0.0863537431451382	-0.2127371866207451	-0.2049204678267361	-0.5849483644770251	-0.0778786796155542	-0.4199941710720125	-0.0894737205635845	-0.5901796808168863	-0.5202696260497806	-0.0338921445402305	-0.6007547208233643	-0.5394686324761248	-0.1584283348749297
ENSMUSG00000054752.18	ENSMUSG00000054752	Fsd1l	DOWN	0.6707551707551708	1	23	1	4	1	6	0	5	-0.7623310075645651	-0.6696885214677993	-1.3684659294332686	-1.0536303361293542	-0.2658211529691239	-0.36140661172651345	-1.452384562980214	-1.0051835268439144	-0.2090816786846667	-0.3341935160916843	-1.3002755311208816	-2.6676261248994755	0.2068865649382228	-0.8095807342364053	-3.360685673159067	-1.474577899239352	-2.349939198562881	-1.0545488945806931	-1.452384562980214	-0.2933467031634968	-0.8367310966233837	0.5460968783446329	-0.9639895578091262	-2.5789799636697386	-0.7295954085668017	-2.035093603097979	-0.9156717121810304	-2.0529024110805656	-1.888098892412392	-2.1073816336363387	-1.6363336232327887	-0.4370462394911104	-1.4574334719535065	-1.4941678922330903	-1.069618343448424	-1.1336544117666485	-1.601899954835716	-1.2540495495153148	0.3403234583066282	-1.0051835268439144	-0.9148115417095176	-2.0165188058085555	-1.9443965788651063	-0.580775808469699	-0.0013616059779094	-1.1666543450225804	0.5120919115074714	-0.2260198166276561	-1.0220579039022306	-0.0209763588690006	-0.7420271150214381	-0.1651585361637088	0.4011493074185521	-0.2839365413171955	-0.2090816786846667	0.0106424502572381	-0.5829123111084727	-0.3341935160916843	-0.2455268249357053	-0.5758254281086341	-0.7319122114101801	-0.0701184406881555
ENSMUSG00000038286.12	ENSMUSG00000038286	Bphl	DOWN	0.6699134199134199	0	18	0	4	0	8	0	5	-0.43163490303228425	-0.36891324769988476	-0.46323774458729006	-0.5514042472824768	-0.426301330934642	-0.2855962893247281	-0.3993383745176305	-0.5862612121683064	-0.324778356763371	-0.338488120882139	-0.6308693072623655	-0.8418028881886008	-0.7040089180187241	-0.3102910093735569	-0.985811877848175	-0.1798254885179584	-0.5948462985411324	-0.1684229976193476	-0.626115155216291	-0.0579064640079964	-0.4553035125236113	-0.0378491499181457	-0.5489920768504791	-0.7427794384152913	-0.2990835141792793	-0.1959315892116597	-0.0813685059690459	-0.1803219705986347	-0.2450699132924453	-0.8805562529798869	-0.3058128329364321	0.0265152951784511	-1.1629885037943717	-0.8047436810050158	-0.7596296286967418	-0.3342650495524627	-0.3993383745176305	-0.4679098876366713	-0.0785507652074791	-0.2144182234946793	-0.5862612121683064	-1.127527419254474	-0.6038443263262879	-0.7813178968894406	-0.6506612745745385	-1.1235761623284586	-0.2192018887786426	-0.4441377159149247	-0.324778356763371	-0.0743789115585435	-0.2477240449981215	-0.3068536984124064	-0.613693881702955	-0.3726699182562809	-0.3116387869928194	0.2303532362788428	-0.338488120882139	-0.5820076781681278	-0.2902676007920185	-0.3559396543326188	-0.0873305623034957	-0.5754936450735397
ENSMUSG00000019768.17	ENSMUSG00000019768	Esr1	DOWN	0.6694324194324194	1	19	0	4	0	6	1	6	-0.5888494971958742	-0.6784134432032946	-0.5844218615940182	-0.9295349012649974	-0.21028834591596793	-0.6311528800085133	-0.6061986857305208	-0.8996718988492811	-0.2786353212537672	-0.7506282006760683	-0.492608123856339	-1.5136467679322352	0.2086682492358166	-0.1035238791147262	-0.9075770553433632	-0.6391858586318967	-0.4859204456799876	-0.1926417009355157	-1.026657224595701	0.1840616191633251	-0.3536927934559281	1.099812569480317	-0.6183041622168408	-1.3262678554576932	-0.1050033860076216	-0.0846308993335223	-0.4386977361077908	-0.6061986857305208	-1.3921050979961962	-1.1985466574996946	-1.0085074680440616	0.0037288102949698	-1.1137840099590253	-1.2171644028351822	-0.5379761288623699	-0.6072504880018136	-1.305770683614896	-0.8395594532040501	0.0614314407530435	-0.7655645181253112	-2.084610538772804	-0.9451270731459418	-1.033642267510637	-0.8996718988492811	-0.3020284397253086	-0.7123707779071137	0.2580448553289489	-0.0650660789087174	-0.6981514595025977	0.1536573319420834	-0.2786353212537672	-0.5276478628787707	0.0944995665720536	-0.3281935951244651	0.092719976382007	-0.549263955979903	-0.525091864263403	-0.79544606210218	-0.787934754988222	-0.7506282006760683	0.5187900321103409	-1.5284953541601582
ENSMUSG00000022965.9	ENSMUSG00000022965	Ifngr2	DOWN	0.6681096681096681	0	15	0	6	2	6	0	5	-0.5306177735305139	-0.5463310014505312	-0.47515928149154263	-0.6547282983135309	-0.13997757914181927	-0.852605935175163	-0.4324951947370459	-0.6601668081640165	-0.2233144179039657	-0.8875994619064979	-0.5825079753506757	-1.2133244304542126	0.1305422351336756	-0.2055559235197288	-1.5366924423953203	-0.4745538612994936	-0.4190205037931618	-0.1074306849559854	-0.4514700879773066	0.0901808074100933	-0.082032593058614	-0.0276899944032495	-0.6309542879259094	-1.2667085925588806	-0.2285848590466623	0.1993512234378651	-0.1072041884290631	-0.4752106872169562	-0.7511605938859223	-0.8794061235851843	-0.3995430370229784	-0.0238350171595914	-1.35939814489823	-0.7602917456353844	0.1547810669428579	-0.4324951947370459	-0.9890849638865862	-0.6601668081640165	-0.172085644740412	-0.518241408083508	-0.2908940023680129	-0.7073994072032066	-1.299166974727897	-0.9351438429076632	-0.3412256426366166	-0.1922619893705003	0.543229931409087	-0.2233144179039657	0.3923003129944656	-0.0621362460670753	-0.1474399727276315	-0.2538327210578383	-0.5432328729460356	-0.4362705214391386	-0.2755692308147626	-0.8875994619064979	-0.3835662241448669	-1.3781724608898405	-1.2427592933653788	-0.1555586650197901	-0.1360015704814002	-1.7845838704183674
ENSMUSG00000050315.15	ENSMUSG00000050315	Synpo2	DOWN	0.6681096681096681	4	15	1	4	2	6	0	7	-0.7234477259510679	-0.6079840696752357	-0.5923469163681511	-0.8478863366599184	-0.35268210092565605	-1.1008755498505463	-0.448596714802746	-0.7673714245477254	-0.3908437159886965	-1.0194756621799077	-0.2312891264071833	-1.1824639339755096	0.3384103508530904	0.1247570327117017	-2.603942838444569	-0.5244531153853477	-1.837990962494909	-0.6095393310173771	-0.4095077615526054	-0.1248743934393318	0.2109946837621431	2.190092924643982	-0.5206329754324257	-1.117798883017438	0.1810275927533797	0.0380252810813449	-0.448596714802746	-0.9928296079976756	-2.52011029495554	-2.16975892041735	-0.3455070989036693	0.0255130104016125	-0.7910064509805705	0.0794671542321653	-0.2943034115604171	-1.0213739166151314	-1.4356750349797027	-1.0716542126847768	0.2438684787655624	-0.7673714245477254	-0.6778814442266958	-1.2453527488349576	-1.6622528596228208	-0.7545601454680144	-0.2026416418022669	-1.2088672893364518	-0.4298200001699273	0.1895154672896847	-0.504242071416927	0.1440330701310901	-0.3908437159886965	-0.0856406685631863	-0.6856277376037897	-0.1032337237733584	-0.6021347989483871	-0.9814194308283976	-0.936491667542312	-1.0194756621799077	-1.865207230725572	-1.111231993280194	-0.4257533556441551	-1.3665495087532855
ENSMUSG00000024608.12	ENSMUSG00000024608	Rps14	UP	0.6657046657046657	20	2	4	0	7	0	5	0	0.2973260027353738	0.3200636375546745	0.3494089750981519	0.3095387881340955	0.17717396772891789	0.3531822799803299	0.3473816529319691	0.2927456221773798	0.1764070538558881	0.376650345353132	0.2632109620802018	0.4847695901071965	0.4075106257686514	-0.3934336253166491	0.6018867803721154	0.540080775634138	0.580811304346851	0.1803986983768481	0.4892681903398594	0.0370221060525593	0.3281522151660922	-0.4049004684868719	0.2682177670109539	0.7822812131394524	0.3112441855102426	0.3473816529319691	0.4912146327294919	0.3808899766326554	0.2239298193148635	0.4915601771218535	0.5119929256919672	0.1949332773063077	0.0873033266090593	0.9063928692519664	0.3258424179396452	0.3357134224708074	0.6603675095478733	0.7526922950168575	-0.0656752231794961	0.1786795981248898	0.4282996079136199	-0.1851407589499683	0.765170375835386	0.2927456221773798	0.1277790342136314	0.4920891189948583	-0.1421791895998118	0.2203602795724838	0.3031442801365469	0.0231718703483047	0.1764070538558881	0.3890911060677241	-0.005569846880148	0.2545523128077766	0.1100676255008425	0.333656404865382	0.376650345353132	0.2457339376804738	1.0060609132302532	0.3858357525938943	-0.4935958039456881	0.6179344100848619
ENSMUSG00000038084.17	ENSMUSG00000038084	Opa1	DOWN	0.6657046657046657	1	20	1	4	0	7	0	5	-0.34162171370149985	-0.35320731082133416	-0.3198172074559291	-0.24404635954688741	-0.29791643289030173	-0.5047068549128813	-0.3278617030667644	-0.378552918575904	-0.2847351563751758	-0.5261791254328427	-0.1885863788321748	-0.3890401912267007	-0.4585241052751538	0.053472038203622	-0.1591383530204769	-0.408427591595652	-0.3238099213894139	-0.289502257916617	-0.7831011023883451	-0.0068643602642513	-0.3003792786911777	0.187113264697477	-0.6438700203600015	-0.5220897993039642	-0.3278617030667644	-0.2932517910877186	-0.2061806747287629	-0.22177365049929	-0.4876866083071333	-0.5860763494052657	-0.5639365407468862	-0.0153703862667925	-0.0303649207407988	-0.4444531712375457	-0.4164218618340681	-0.3389398585616238	-0.4699990274646068	-0.4375281556950906	0.2672786592401331	-0.1232363463475525	-0.3825271672183089	-0.2457483537448867	-0.4080102344866024	-0.378552918575904	-0.6272573961285544	-0.8259935330736614	0.1597568454175134	-0.0768909184513308	-0.2929575519175458	0.0666454829870829	-0.2847351563751758	-0.1939680930762883	-0.4638404001892431	-0.1575698762722015	-0.5802701647139146	-0.1722560066426578	-0.37723931157088	-0.7218647598746591	-0.8503911419114206	-0.5261791254328427	-0.1534631675036608	-0.7315544714540484
ENSMUSG00000022309.10	ENSMUSG00000022309	Angpt1	DOWN	0.6657046657046657	1	20	0	4	1	7	0	5	-0.7568828873139855	-0.5994023482260863	-0.8699270840084501	-1.3793284384415376	-0.30215532027413566	-0.47612070653181826	-0.7107508641646509	-1.3502352248287897	-0.4880538322875217	-0.4741417831334402	-0.7107508641646509	-2.1917583312506697	-0.7046437537722597	0.0872572218154026	-3.149532520807248	-0.0717834049331715	-1.4553608226327786	0.1072638240994289	-1.533017151012312	0.2271456337037004	-0.4714119915031315	2.872373895840396	-0.6597379698833821	-2.060342388118443	-0.5722154979164701	-0.5763600348422666	-0.4064584371129545	-1.1795332359552488	-1.0387232651728058	-1.7714394493508665	-0.482967154190801	-0.2920578200566282	-1.9470912053108465	-1.4326799550486513	-1.2975414540985155	-0.7746712853911525	-2.001993851161828	-1.3502352248287897	-0.0264699582611707	-1.7807049563611392	-0.7882858254410924	-2.0927893630081607	-2.892268900538593	-0.7245448406518167	-0.5240463022365763	-0.9408479279239732	1.2473073378785229	-0.0415290588310399	-0.8295611283317735	0.1052245534780815	-0.4880538322875217	-0.2110045745626549	-0.1511337060752444	-0.821030792667519	-0.6690330914557934	-0.4741417831334402	-0.4061835805029322	-0.501773480187324	-1.2049130536414467	-0.547075878502418	-0.0253902220476162	-0.1733669477075509
ENSMUSG00000037262.8	ENSMUSG00000037262	Kin	UP	0.6652236652236653	21	0	4	0	5	3	6	0	0.42178037669299673	0.4573023416631959	0.5022497605282857	0.5611986174144389	0.08057749469341452	0.5430956341358477	0.4086678376862114	0.5059368456401804	0.1804967789888874	0.5284613742820442	0.5239254087348986	0.8884624885332254	0.0408774083349347	0.0240333162407232	1.31908241519937	0.3101890144584944	0.8724123169917655	0.3594148277644488	0.5991175203189157	0.2210461624473943	0.351547758913155	-0.1617289454451098	0.2832269318167477	1.0158342842365828	0.2246179269877814	0.4422794047014688	0.1275005067181819	0.8061607697935204	0.8507233856572924	0.5163173934566956	0.3452451848733183	0.0170677022332585	1.0179757308694124	0.4086678376862114	0.616009833138056	0.3545990719005317	1.1861378777024387	0.5059368456401804	-0.1193866531215589	0.447591357387836	0.4539161578839192	0.6516244111269234	1.3272377104061055	0.6614704925776665	-0.2002916482634777	0.463616899920224	0.4505684537190232	0.2303954900444869	0.1804967789888874	-0.1308659478153301	0.0441788794156621	0.3354542600141082	-0.5500852674622665	0.2357820658601532	-0.1728975227939111	0.7855982080279413	0.8729001499818678	0.4739266542970854	0.1069911289364874	0.7966524209964732	0.2371395024290344	0.5284613742820442
ENSMUSG00000030432.13	ENSMUSG00000030432	Rpl28	UP	0.6652236652236653	21	1	4	1	5	1	6	0	0.38055385174982836	0.392210117218345	0.4220175358225657	0.36473496153396523	0.0940771103503101	0.6413857992924724	0.3980988610868454	0.3863213733498445	0.0833678181587769	0.7065109894770982	0.1848645723902785	0.7947474588728392	0.588183243508338	0.1477364513189258	0.8080716986553003	0.3980988610868454	0.7067606672091871	0.3152299789385371	0.6929884032976401	-0.085576619575006	0.3314129558865282	-0.5060924313849314	0.3199136341084604	1.150056365526218	0.3137271961378876	0.3846448936631688	-0.1996785331937692	0.565672083696157	0.3558165039040701	0.6378474291502527	0.6696063136521395	0.0133295009895839	0.5208321296511385	0.847493475610577	0.562909511570935	0.3378323328252952	0.5380453897126779	0.9111941958815064	-0.1287159921658096	0.1458376519707719	0.3863213733498445	0.1722866853161754	0.567860801140204	0.4983600152450644	-0.0795862118807141	0.531801299488815	-0.3305966332749278	0.1554836692771306	0.3561816805738881	0.0833678181587769	-0.0193309261134397	0.2772670455174858	-0.0239264442289396	-0.0111146936997673	0.0953016100351032	0.4936497068893558	0.8401848346127346	0.6105986509225588	1.2487183449573276	0.7065109894770982	-0.3075966150640598	0.8976346832522912
ENSMUSG00000079435.10	ENSMUSG00000079435	Rpl36a	UP	0.6652236652236653	21	2	4	1	5	0	6	0	0.3737146196031387	0.416260940387955	0.39849645879232576	0.36163004525139125	0.16829746825535444	0.5664345061134832	0.4615354525710142	0.3709864282048958	0.1074370214088546	0.5879638244152381	0.2434886063678218	0.4615354525710142	0.7412010273216677	-0.5920216147752453	0.5132914283953236	0.6559074086611197	0.7366006444995471	0.3769035825548412	0.7790055408088795	0.1698913856295696	0.475252493173208	-0.5826629749056361	0.3951604085638862	0.757750522219487	0.3257938786467796	0.4744766154886658	0.4547218205795065	0.4062175485267534	0.2269521372854734	0.5351059263019794	0.6359056072527887	0.0704775361232368	0.3422306861428559	0.8461860863505544	0.4989783341857405	0.1687087420747347	0.6423455573482433	0.8253386978496502	-0.1186804233725694	-0.0026029945001756	0.3361951748911454	0.3709864282048958	0.6188529158691944	0.5013205178175976	0.1002810474242476	0.7315186229191712	0.0615781838466552	0.258689305163989	0.1074370214088546	-0.0569401032685335	0.0404387051625703	0.2634026562586043	-0.2074198200240038	0.1164719796277662	0.4358145522895779	0.7087347166603912	0.5032946595410522	0.4837759845770293	1.116372095412719	0.5879638244152381	-0.3179860610797911	0.8828863232677437
ENSMUSG00000047675.16	ENSMUSG00000047675	Rps8	UP	0.6652236652236653	21	2	4	0	5	0	6	0	0.3579165988887894	0.34699855208716723	0.3791559267213489	0.3423132400181337	0.1768980532266452	0.5332991755890298	0.4225707219180021	0.2714263822563324	0.103601543417151	0.597621882278037	0.2506429649517683	0.6363370394569259	0.5379737550021846	-0.4434317846901706	0.2525869732111191	0.6616842411136956	0.6940099469093471	0.4283999423006365	0.7367153229257452	0.0773762529153822	0.4050763206093845	-0.3934565513648711	0.293735584362959	0.9252918929092832	0.3650060666016657	0.3601339759871201	0.6011404279011864	0.4834568221927214	-0.1467143762611988	0.5888049029055592	0.5129588545127888	0.0839442064724664	0.5210825051895283	0.7881901792116033	0.340818959301921	0.2528748749296686	0.4225707219180021	0.7517496614609356	-0.0607855940103099	0.1834821753130579	0.4305304682837148	0.2714263822563324	0.5659181001953885	0.2538714866278169	-0.0080494665131791	0.7036785031737731	0.0080680008475077	-0.0043749126211777	0.3140068020102612	0.0374627509623069	0.103601543417151	0.1896376878180071	0.3733321592524841	0.0866658676374647	0.1418496495084983	0.597621882278037	0.583138276687772	0.6112269012471255	0.9234780549699504	0.4461729122536115	-0.2914638566778761	0.862920058364589
ENSMUSG00000002332.17	ENSMUSG00000002332	Dhrs1	DOWN	0.6652236652236653	1	21	0	4	1	5	0	6	-0.3436007354176163	-0.30152942060918286	-0.4600530665027321	-0.4483418777410682	-0.21560670948815436	-0.25040128793851063	-0.463650055891992	-0.3262979175390139	-0.2423958294564996	-0.2767609236793519	-0.4028392980586435	-1.368328738047005	-0.220093264933921	-0.463650055891992	-0.5936622517215299	-0.723792396307068	-0.8175111058226371	-0.3053769779718938	-0.465862220018555	-0.0141740109949324	-0.1269227848067935	0.3082218956650255	-0.4708251153790862	-0.803476701592144	-0.2119848814126032	-0.1319701441691491	-0.1006463401556711	-0.4433798952931209	-0.76014558170149	-0.8635957118904342	-0.594231180717738	-0.2102738018103676	-0.6595598509361449	-0.694958990563417	-0.4228740774854377	-0.3731218701759995	-0.4863974433810167	-0.5671763458441506	0.0651343824768332	-0.1478601604366377	-0.2805964278596233	-1.2586246658262716	-0.3262979175390139	-0.6229720091586134	-0.4576641453770279	-0.2561103666170102	-0.2960679225418574	-0.2306537118396775	-0.262733158856756	-0.1038106559876671	0.0210604206370915	0.132351586498919	-0.6709624100349499	-0.0046876107942627	-0.2423958294564996	-0.2553829233181898	-0.1799141891054745	-0.3511985907440517	-0.2977951909701344	-0.3006835554575888	-0.0910736422947836	-0.2767609236793519
ENSMUSG00000014418.17	ENSMUSG00000014418	Hps5	DOWN	0.6652236652236653	1	21	0	5	0	5	0	5	-0.5378179923524671	-0.46595369273655024	-0.7924194164951125	-0.6686141260677109	-0.2713019804211623	-0.4189364464258825	-0.9523136954225492	-0.6008333396821756	-0.1535176681967437	-0.3310740457909249	-1.0186419799968731	-1.3034159521720794	-0.0889711730881494	-0.448626344063907	-1.5496641606365429	-0.9493985029551392	-1.162058752971128	-0.0783506748304835	-1.0407092497992658	-0.0360681223482051	-0.3746548155534777	0.3044639808393025	-0.4939311970796863	-1.5585433740587222	-0.580957618615337	-0.4242763418672422	-0.1063299654075736	-1.0094438816984803	-1.2068876408127276	-1.2498299859106743	-0.8103167213546902	-0.2424191810683132	-1.2898646323359495	-1.3689593896633492	-0.9545485171719532	-0.9523136954225492	-1.4006063553248411	-0.8307089741757097	-0.241761907152615	-0.4111403167186419	-0.3184985934715565	-0.9720464992694534	-1.305309252003824	-0.6008333396821756	-0.1535176681967437	-0.6857834019396524	-0.7417489187965827	-0.1671341413686075	-0.643044768237103	-0.0317957992464797	-0.117063999431082	-0.2671483802352835	-0.1019136051478472	-0.1278811295472683	0.0527100275138643	-0.3310740457909249	-0.4164391370407359	-0.2418091878405754	-0.1698495134891346	-0.7240667653492054	-0.199324713782345	-0.8499917616882567
ENSMUSG00000043311.8	ENSMUSG00000043311	D17H6S53E	DOWN	0.6648629148629149	2	15	0	4	0	9	0	5	-0.3556650088482899	-0.3529527750887571	-0.3428582364640032	-0.4705693031607878	-0.33152140483668036	-0.27771109093168833	-0.3518809483567779	-0.4529539834192867	-0.3540246018207363	-0.326936947630066	-0.7894824196491302	-0.0310830000003222	-0.483784274559092	-0.2101375532026579	-0.8306036877993777	-0.3518809483567779	-0.383873102101582	-0.4662154785339445	-0.2353930698762737	0.0385273777928547	-0.5044377470231145	0.3777428308713357	-0.3079335892732257	-0.843677371723235	0.1242097806021477	-0.3586708647992541	-0.193415509447247	-0.4872550111630425	-0.2374193776715434	-0.1824311661838635	-0.3556065847935805	0.1448451306891301	-1.1724291160932503	-0.2636266615784775	-0.7443710101843335	-0.447110111695679	-0.0616598487745502	-0.388792197676986	0.123231465645721	-0.692571520069956	-0.4529539834192867	-0.7728343929063057	-0.939753848520462	-0.1703106451782393	-0.6073372218911496	-0.4902843203543184	-0.3443571939702889	0.085587791368516	-0.3678159578929694	0.1569835383305231	-0.3528591082527312	-0.3540246018207363	-0.5770269940442214	-0.2854671853699284	-0.5101341993061793	-0.5099798602068609	-0.1591026307800745	-0.2492448853053582	-0.326936947630066	-0.3685202767445983	-0.4145209804046117	0.0843279445497519
ENSMUSG00000043822.19	ENSMUSG00000043822	Adamtsl5	DOWN	0.6648629148629149	3	15	1	4	1	9	1	5	-0.48357606840553014	-0.5015708591193269	-0.41705342770652565	-0.5916358401130654	-0.8038287236821645	-0.12178628212036492	-0.3660936391000287	-0.637048079138625	-0.6836824814353302	-0.3152663030408868	-0.3660936391000287	-0.6025798178310457	-0.7600267090681497	-0.0431693116852335	-1.959523657266496	-0.3255545615119828	-0.3244627309249046	-0.9484717825951564	-0.2488016986570045	-0.313854187780329	-0.83710662219423	0.4435570945847729	0.5244484187721322	-0.9678932074665192	0.3861095040100392	-0.7705991101277652	-0.6812068705123387	-1.0333388652735107	-0.4114958951483683	-0.1330874179268574	-0.4950395188677113	0.2309151473510316	-1.1831241548961569	0.3824125283797994	-0.905974385129342	0.188872107099656	-0.1053532043104912	-0.2496545593832787	0.1330460004789916	-0.637048079138625	-1.1509800827217436	-0.7077239010603009	-1.0440387319741145	-0.4850515269923857	-1.21909371810553	-0.393952063225692	-1.0947873865424136	-0.274933273245491	-0.6836824814353302	0.2569802328077376	-1.3224982517656922	-0.5158884091729711	-1.6482484004478934	-0.4651841571600719	-1.480828052210462	-0.6754414831701808	0.0771726257062076	-0.3152663030408868	-0.3570242384016097	-0.2999074452296869	-0.6511047509388067	1.3690676202324086
ENSMUSG00000038485.7	ENSMUSG00000038485	Socs7	DOWN	0.6643819143819144	1	16	0	4	0	7	0	6	-0.39552005498787124	-0.3110167843603868	-0.33956099423211616	-0.3853480381283095	-0.2769091172477682	-0.5802620703432911	-0.2455232138579562	-0.3765103548628174	-0.1955574605458109	-0.6465362309483842	0.0962667034108547	-0.718141939703328	0.2647526507842458	-0.2234018288856959	-0.7370309211976117	-0.563688034457758	-0.2269208593940834	-0.1712883222661869	-0.4878141521333245	-0.0333547666365381	-0.0849333831913572	0.0692277013801038	-0.1993750308399058	-0.6443140461768243	-0.1402771587747728	-0.3309880539582322	-0.1123088219952745	-0.7141323914880301	-0.7959935903293927	-0.6933374219840377	-0.6669794245884655	-0.2353675268071955	-0.1479496758073075	-0.5681552120448261	-0.457568564391196	-0.2455232138579562	-0.3995495589330431	-0.8178804763389248	0.0011555299689968	-0.0643839375954823	-0.089567325968068	-0.7523298210866557	-0.3765103548628174	-0.5979198810152153	-0.371775102318613	-0.9107076406883964	-0.1656779112733346	0.0581735693680899	-0.6834427230393498	-0.1210558567569743	-0.3048571821368346	0.0108541493847367	-0.4628802942368877	0.1009261625179246	-0.1955574605458109	-0.1531898647206128	-0.7032763720633775	-0.6465362309483842	-0.5608116524785132	-0.6891994867150845	-0.23050828010975	-1.078312605367315
ENSMUSG00000039395.9	ENSMUSG00000039395	Mreg	DOWN	0.6643819143819144	0	16	0	4	1	7	0	6	-0.5203682975068821	-0.48151622028139923	-0.37440458033518464	-0.725340314473173	-0.29002845876694033	-0.6916998364522301	-0.4363828529478442	-0.5266495876149543	-0.3787671956719731	-0.5657483244784329	-0.3223692660719421	-1.0360344003736437	0.0004986031219160775	-0.0580248238489027	0.794129197304914	-0.5008002572373452	-0.1261774461570443	-0.4329283027512149	-0.5518851559316961	-0.0504110557080482	-0.1323800796201223	-0.0107027963345932	-0.4398829517358842	-0.7038193010095077	-0.5317640439169791	-0.4261449056936475	-0.7362668629143774	-0.2347193720169546	-0.6227563388165492	-0.7829439983978929	-0.4780406596624339	0.0692277730904078	0.2379372397675399	-0.5194421516821491	-0.4363828529478442	-1.0123064887385216	-1.06453297076747	-0.2203216524790076	-0.362953727367664	-1.3054643614066397	-1.8797124051758969	0.1067557074524144	-0.6903454478622445		-0.3787671956719731	-0.3051911799743693	0.7484965817915585	-0.0330963146670344	-0.4926298884073479	-0.1000256669734163	-0.4984953095405273	-0.2238195012440502	-0.817011677671664	-0.4243371495837891	-0.6654357444937301	-0.5657483244784329	-0.4572771102882316	-1.348092716756892	-0.9519728505605648	0.1159127370204264	-0.3467631163516776	-1.287957473750238
ENSMUSG00000036940.16	ENSMUSG00000036940	Kdm1a	UP	0.6639009139009139	17	0	5	0	5	2	6	0	0.2903930078339512	0.29381170992102557	0.3493957356790438	0.32060998008605385	0.059685818131838604	0.43188049743886864	0.3045236180285152	0.283099801813536	0.0881844817756864	0.4094256499937191	0.4659231302404139	0.6696295125512657	-0.062047441389179	0.1266059145418978	0.8080355564018271	0.2966642979948038	0.5862591727844609	0.1160493852975984	0.4433265881411263	0.152677109350417	0.1565187402334923	0.2841799740293678	0.1826302483315947	0.5268392759323088	0.2320550598408777	0.1494669362463341	0.1809599577079399	0.4580654747922353	0.3991396006607595	0.4309663226369777	0.133761658290732	-0.0095722319676016	0.8079734009741759	0.468139689945835	0.3045236180285152	0.530355538805925	0.5945583729300826	0.5315621392825122	0.1250344827218713	0.2224365369837348	0.3841667035659251	0.283099801813536	0.4614633440713142	0.2365068521634832	-0.0197893639722032	-0.3632704187978539	0.34908220019865	0.1824968498134551	0.2481356028575916	-0.0234896207018732	0.1898289122491121	0.1412001583600148	0.0881844817756864	-0.0143679477904561	-0.121466854541899	0.4575806648960395	0.5925327693815413	0.2565934849123138	0.7334557103236126	0.4094256499937191	0.2628152403164096	0.3107599622484446
ENSMUSG00000046818.8	ENSMUSG00000046818	Ddit4l	DOWN	0.6639009139009139	4	17	0	5	4	5	1	6	-0.872749431275624	-0.8533216426575043	-0.8487943092098926	-1.9500818654463619	0.24551006167657305	-0.9376316121228143	-0.7021962150648595	-1.604737222849571	0.052101918657286	-1.0044470702501491	-0.833506182776578	-3.0201311456041484	-0.5622558010348931	-0.3953137755747495	-2.060654252280553	-0.5722712044475733	-1.5519861630444485	0.6791345228862263	-1.1543359698780884	0.2868912320900569	-0.0241145955001749	1.304263374795295	-0.4786811794063377	-1.3988369315120333	-1.351855730380212	-0.1153409455546091	0.8904772165020963	-1.2832523922788643	-0.7021962150648595	-3.866989581525552	-0.4448758978064333	0.3749976685853835	-2.02916440030252	-1.412041190544523	-0.9947203640867016	-0.4230333050061947	-1.777653139916116	-1.604737222849571	-0.8024562039967924	-2.888343975414432	-1.5876866506436194	-3.329800672880423	-2.1743847600065878	-1.2631635723331072	0.916559504009616	-0.6116752293141222	0.052101918657286	-0.4870595070040172	-0.9674500254261688	-0.2871407753747684	0.3584025441038905	-0.3250083315823568	1.52420708591111	0.4762153690588982	2.0514581254029363	-0.8911610171379241	-1.3125627166333351	-0.8523212663006231	-1.55883481936406	-1.0044470702501491	0.5394873148719525	-1.4835817100455615
ENSMUSG00000031169.14	ENSMUSG00000031169	Porcn	UP	0.663059163059163	12	1	5	0	7	0	6	0	0.6365413637943447	0.6399618129386682	0.21069461205664855	0.9659131836233719	0.29512761023375783	1.0744300492636003	0.287327151604221	0.9925964742731154	0.2575286136956956	1.023252462990868	0.2900556935185384	0.3878967087720504	0.3208547808582263	0.1846519889428727	0.731731628522917	0.1329120663484147	0.3097418407737082	0.2078639220804937	0.4258058761878714	0.1104537452726489	0.287327151604221	-1.0503262092617656	0.3389651143879377	0.337413288696507	0.0734235260099643	0.4191379793735704	-0.1299309661653661	0.3947676850371151	0.0255536912877865	0.7359297781228183	0.0979033469596192	-0.0640297885464915	0.3667654401991644	0.2732826685101804	0.4647727997779364	0.0231077283220013	-0.0072769600634296	3.109242358588529	0.0205340089261193	0.1911729490276137	1.1591854382231792	1.6447886497826096	-0.3561275934575642	0.9925964742731154	0.2246355304887217	0.4882324786886661	0.0127308501030539	0.4330755290728246	0.5599845902231136	0.1231168531090729	0.3616127566644367	0.2527290184892015	0.2557875364802621	0.2769699555562873	0.2575286136956956	1.023252462990868	1.4294067352252804	1.2540378496519529	1.7076105269675397	0.8710145202509825	0.2707630523030638	0.9649251974555156
ENSMUSG00000116564.2	ENSMUSG00000116564	Riok2	UP	0.6625781625781626	13	1	5	0	5	0	7	0	0.6646314593397862	0.5291349986093641	0.35100233343481013	0.6227271322258641	0.3103359685335747	1.3744604031648955	0.2572458047725467	0.7567324197869787	0.3015375774317496	1.5753514799725346	0.4270479801808653	0.1115628124363516	0.0042307385920152	0.4070691200058692	1.457458606899454	0.2350127223310325	0.4697608881428354	0.2310004296902036	0.2441877358967523	0.0984289173664671	0.1938138572339364	-0.0881062598881451	0.0400898767570494	0.4115425746736125	0.0996933368472641	0.3029319500643424	0.1779009351466827	0.9316865333847594	0.3236682549407745	0.4324289258463885	0.2393165826916325	0.0193283971739551	0.8907085220530776	0.6130001109944632	0.5574120250554548	0.2572458047725467	0.3886416234502342	0.7567324197869787	0.2741044245229037	0.4483583759751317	0.0490094431300151	0.8900192555281518	1.1655262552445091	0.7753397513933576	0.3292021323384173	0.6857523822520039	0.6428153957375933	0.1106916484173601	1.028351294597109	0.0425758520225331	0.3366521674395865	0.0337179025562339	0.3015375774317496	-0.0506927627200105	-0.0469079362032542	1.7709726947236362	1.992712548024204	1.5753514799725346	0.6748184246027144	1.9241259223885057	0.2920893967066778	1.3911523557359966
ENSMUSG00000022332.9	ENSMUSG00000022332	Khdrbs3	DOWN	0.6606541606541606	0	17	0	4	0	8	0	5	-0.7921579339773093	-0.7549583895281509	-0.7997245420525485	-0.7106639171620487	-0.6716299442390323	-0.9866133324556072	-0.6931965702134257	-0.816720208842876	-0.6539538636266597	-1.0609179600706735	-1.0052767811286711	-1.406625283829474	-0.531634005216433	-0.705753442270622	-2.1762027608298324	-0.4880782775965006	-0.8542550712923064	-0.7109497834481592	-0.5256951063726063	-0.3309251683147222	-0.6806396981562295		-0.2830140515885162	-1.1811499416274822	-0.0204118169753584	-1.2414247565446723	-0.4618380838760156	-1.5542900635955597	-0.4282378097878974	-1.0616429239873817	-0.9446756506338464	0.139289234392453	-1.4254087918005276	-0.5709775611106052	-2.0877286738512555	0.0059226755812271	-0.2612144995052676	-0.8217465944625352	0.1153465906658202	-0.8040705008550547	-0.1129043654247384	-1.6580297205043366	-0.8765226207106198	-0.816720208842876	-0.6445600428112748	-0.6539538636266597	-0.5326204781290718	-0.3661658015110186	-1.1566118183603111	0.3299895241267325	-1.3123523469870424	-0.9216071209135364	-0.6221765828917882	-0.7502996469246728	-0.7575712086007131	-0.8969577094037582	-1.0609179600706735	-1.477123715141272	-1.5777446281749543	-1.5115133140293004	-0.6770903216851611	0.2950543213158683
ENSMUSG00000045917.18	ENSMUSG00000045917	Tmem268	DOWN	0.6601731601731602	1	18	0	4	0	6	0	6	-0.4072405983557744	-0.3840858914707598	-0.2670359095214345	-0.5017551215727746	-0.2689620251684484	-0.5912093371604401	-0.2542611762344031	-0.4477400323282797	-0.3204317506132399	-0.5629987177999325	-0.2246928439867501	-0.3075006196646646	-0.0037503260894418	-0.20838182814448	-0.0662064141352362	-0.6893869168559883	-0.4157999563351997	-0.2542611762344031	-0.7607482586103401	-0.0958051441691407	-0.2384937154991309	-0.4528241622455902	-0.3750528379225229	0.0062523131458231	-0.2036449557243181	-0.2478351896449726	-0.1855764920044821	-0.298290729106072	-0.515530067099679	-0.7481179956020881	-0.5273366219077654	0.0156498434334477	0.3598585932932091	-0.3114192508927315	-0.5133049375900581	-0.4117630265233731	0.4639931590372165	-0.1846452645027945	0.122525931811614	-0.3797136484441527	-0.725006422084481	-0.8213308007069763	-1.076375614754352	-0.4477400323282797	-0.4257829543068178	-0.4444597602840108	-0.3510748329362712	-0.1793354612639849	-0.52268334306344	0.0883802859186076	-0.2205882593419425	-0.1525236417475638	-0.3656524927977452	-0.0644300664165241	-0.3204317506132399	-0.5629987177999325	-0.1607382997571851	-0.36691958884417	-1.0178139301329912	-0.724098666433209	-0.1738959700052894	-1.1320001871503036
ENSMUSG00000035936.7	ENSMUSG00000035936	Aldh5a1	DOWN	0.6601731601731602	1	18	0	4	1	6	0	6	-0.503386651318118	-0.4555963274609509	-0.45664749319536224	-0.7335016778918769	-0.24312185675629658	-0.5802755774289364	-0.4059262642248039	-0.82734978786561	-0.2045265599161377	-0.505266390697098	-0.3561776230888686	-0.2080927347392852	-0.7079003792176032	-0.4553327262889172	-1.2834475252874853	-0.1434769073756831	-0.9465357565945453	-0.3372251282016663	-0.7909338180175528	-0.0780340116222838	-0.5119095692029588	0.2772948012504582	-0.3994339771233264	-0.9154946181779656	-0.2675685348894437	-0.3570347816190479	-0.4894197107668825	-0.6757136324028403	0.0421450597249026	-0.919156501774022	0.0163724188143634	0.2524667245017271	-0.8035137126136139	-0.298958709458968	-0.7140280312223927	-0.852446666656074	-0.4059262642248039	-0.611432400664723	-0.0400576561909588	-0.8550728139817508	-1.2175130566226804	-0.82734978786561	-1.2741079211638946	-0.3089781087535203	-0.1050817937482174	-1.0489209417017853	0.1507290762087534	-0.4291377737216196	-0.4689081663822845	0.1666548525436118	-0.1375500361101189	-0.4197001851796902	0.1161090417348146	-0.2940079380465885	-0.2045265599161377	-0.9528091997174968	-0.3689912585928513	-0.6067720008473961	-0.8604315404833588	-0.4917910884013308	-0.2758675632630231	-0.505266390697098
ENSMUSG00000021102.5	ENSMUSG00000021102	Glrx5	DOWN	0.6564454064454065	0	19	0	4	0	7	0	5	-0.3909823921145547	-0.3698233663557676	-0.4211459909912619	-0.34588530472590406	-0.392487130134718	-0.4044111426063351	-0.4074462283477374	-0.2841902864956788	-0.3859809987509197	-0.3536657339606155	-0.5233796427338456	-0.6444916476613828	-0.3839043266966452	-0.6635612494709243	-0.0771598304376597	-0.2933369866417663	-0.5928237831103869	-0.4874919968321771	-0.4021494372471154	-0.3463951476880335	-0.4074462283477374	-0.6335321493612689	-0.520964474598761	-0.2835696157237846	-0.0394066197216695	-0.3089164781546708	-0.1451870821801666	-0.5056371044107287	-0.5423696301828712	-0.7510495572176782	-0.3480443494171107	-0.6937801275356741	-0.5558594071395127	-0.3470387379806531	-0.4603143217825872	-0.3698068226987618	-0.0433250017904982	-0.2222672592332019	-0.0071759629342329	-0.2841902864956788	-0.5186169867285324	-0.8763272132621744	0.0588021064150896	-0.5714215308425978	-0.6534963075846921	-0.3859809987509197	-0.3826534273758886	-0.2619491746466172	-0.4879853206494841	0.0337531156239384	-0.4857374076210689	-0.1352426403567273	-0.8649093137487742	-0.130589796227204	-0.5625671601444597	-0.5243774081479112	-0.3437584719298875	-0.7120990476031805	-0.3200587241221555	-0.3536657339606155	-0.5203894650540748	-0.0565291474265204
ENSMUSG00000026836.16	ENSMUSG00000026836	Acvr1	DOWN	0.6564454064454065	0	19	0	4	0	7	0	5	-0.4855185449239712	-0.4324675631217458	-0.4772110268565971	-0.7054516013581082	-0.288814151320844	-0.4705974001603354	-0.400986335791815	-0.6272210107294535	-0.21974437069899	-0.4639487904516766	-0.5475769842095184	-0.8272947725254065	-0.0867428080969734	-0.1301139332353695	-1.2605599148978797	-0.400986335791815	-0.2391290252787603	-0.276447146679715	-0.4213538650676761	-0.3353563467947503	-0.330366766591517	-0.7694529735992213	-0.259318097280964	-0.8976467148805332	-0.3751880055125472	-0.2854587808141415	-0.6655119333493594	-0.6812372637307861	-0.3573944933947007	-0.5943773920095753	-0.5117585999502885	-0.1807521900841452	-0.5587655178771872	-0.5413947525797911	-0.9668635751457432	8.97367794545196e-05	-0.3837392725292112	-0.9773695576440234	-0.037012922896457	-1.451514049294024	-0.6272210107294535	0.0997388306559249	-1.427716980008483	-0.5170655195902413	-0.1880721247727019	-0.2170016555618681	-0.5276624160001812	-0.21974437069899	-0.6119019798187412	-0.288486796814026	-0.1516801557693748	-0.0842960917726897	-0.5247523694307273	0.0553816813346422	-0.4187393852246261	-0.2418783507004654	-0.3167477099935767	-0.4639487904516766	-1.0982613274218758	-0.5467346248466107	0.0482671684407661	-0.6748781661489093
ENSMUSG00000020435.18	ENSMUSG00000020435	Osbp2	UP	0.655964405964406	20	1	4	0	5	1	6	0	1.1875977703133755	1.149193585843607	1.5536988648785752	1.5845867085908478	0.5181984436528453	1.093907064131234	1.943192433350803	1.1620163604896845	0.5808460854991395	1.1363708111975297	1.0237736949220904	3.495456886186128	0.0807227225662346	-0.5552399336771127	2.1613400520183124	1.942279314121916	2.7987413966489725		1.9337728371805287	1.015945720571347	0.4886577130456562	-0.1337072070248569	0.8667973424257676	2.6788584930964228	0.7545810988377178	1.9441055525796904	0.0428039371500267	2.1790027769852327	2.234818413796766	2.068645831748728	2.0500461937826087	-0.1725912589523444	3.1689678476194567	2.2112522202584057	1.636688889667328	2.314195758515756	2.1662541927721737	3.0014803680442874		0.8125979572035772		2.661767329510408	1.1620163604896845	0.2850715277062828	0.5998186949701535		0.7860213338840429	0.5618734760281254	1.5429951458650972	0.3638041755610195	0.5553509977153354	-0.4487633927736332	0.7281237424293989	-0.1680993769141058	0.6608596397630191	2.1648690348328765	0.0788343564720611	0.8053887907065572	1.1363708111975297	1.0413874608100204	1.1437352244568388	1.286763770442755
ENSMUSG00000008682.14	ENSMUSG00000008682	Rpl10	UP	0.655964405964406	20	2	4	0	5	1	6	0	0.6106303727417525	0.6910632495690587	0.6202121381416823	0.7072292100357535	0.25136296204837627	0.8637171807411977	0.6919099012033594	0.6902165979347582	0.2908846217120353	0.9057734685710248	0.6919099012033594	1.1148973167396454	0.7339909326539962	-0.4984728651181735	0.8069707871186725	1.0547595762988349	1.1152945078516932	0.3679564978752714	1.2032727929104068	0.140859157446381	0.521285569380689	-0.6025753704969524	0.4716470049654483	1.0460949485406428	0.5171270376025905	0.5279953435197159	0.3409370583075248	1.1162289369059313	-0.2213029288705921	0.8841198085310971	0.6660560462686468	0.1229097613841064	1.1261135366803745	0.985456554710716	0.7188640492649262	0.6419533528734271	1.151378415277042	1.231515676956033	0.0792544958188144	0.6902165979347582	0.8407226410753684	0.3987679050410582	1.133491546821256	0.5766356066029865	-0.0197870643445462	0.8505522144775094	0.3653506549226714	0.191335522149452	0.4676394434681752	0.1642011757125797	0.3904910194679847	0.4951837335639863	-0.2137502385612908	0.2908846217120353	-0.2171085000364183	0.9057734685710248	0.9475034212586568	0.8177920018767496	1.2848733709414664	1.1991198584708749	0.0053266773362747	0.8856314667333371
ENSMUSG00000028081.7	ENSMUSG00000028081	Rps3a1	UP	0.655964405964406	20	1	4	1	5	1	6	0	0.3219311885402772	0.34613095582329545	0.34982021733204993	0.3306275050821842	0.14577170536321715	0.46150532638365743	0.3872305321662398	0.3066494627979399	0.1086303059235338	0.385612448848651	0.17059346538993	0.4062230401245371	0.6004411436449054	-0.1151275034713961	0.342091103142034	0.5476934589181389	0.6864560861297917	0.3296757421441912	0.6934847234557535	0.1415715068741544	0.4547931303818158	-0.2643548896851068	0.3872305321662398	0.7579285168975645	0.3002901027893598	0.4486001105413527	0.2116217799955894	0.3593986257080431	0.0006087513648364137	0.4104829113213321	0.4773347004851363	-0.260806578612339	0.37669920528502	0.7949892018352744	0.4806169461018003	0.24584353081728	0.460766524220107	0.7230950484463592	-0.12229528069902	0.1752861084682096	0.3066494627979399	0.5622359213065423	0.4200477836672504	0.2493734915880076	0.0454256784635415	0.570498573841309	-0.271091220299831	0.0163389847416673	0.354426622305162	0.028895143872656	0.1086303059235338	0.2088043054877185	0.2433924736445031	0.2094303560253172	0.0887375349898114	0.6549111360662456	0.2747680432226557	0.385612448848651	0.8400316211355174	0.3757467866497951	-0.1819340843430298	0.8814013331057673
ENSMUSG00000045636.17	ENSMUSG00000045636	Mtus1	DOWN	0.655964405964406	1	20	0	4	1	5	0	6	-0.5878253195314251	-0.5176201390426167	-0.582709535448087	-0.4002046882730125	-0.26267163699502805	-1.105715417409573	-0.5996120032661421	-0.4356282748190915	-0.113559224287864	-1.1960569801956686	-0.5294608582620445	-0.979835452556628	-0.4887380329430974	-0.0019573141011807	-0.9699694999681706	-0.5722223625019704	-1.0514535271323608	-0.2444900482065849	-1.2358781556396128	0.0400573649715276	-0.2028324850809232	1.0425751361248197	-0.6482990776731361	-0.5996120032661421	-0.6635286572275529	-0.6861084019160896	-0.3559011552026205	-0.2285114647909543	-1.0044913907001105	-1.2901423276260748	-0.5297572213624069	-0.0360035061724426	-0.3205168547706463	-0.9028477389107686	-0.9152177692206578	-0.8700170306054354	-1.4879976223570848	-0.5098232295662464	0.0647031215045918	-0.4499127308589101	-0.4356282748190915	-0.4231241171334747	-0.6302412676296355	-0.4174063194083214	0.1746218976039512	-1.0107631125251018	-0.0914412795054537	-0.113559224287864	-1.1577473751030063	-0.0248731775214494	-0.3679517040121562	-0.286141378465346	0.076502302038549	0.1428426811984482	-0.2308776363658796	-0.2319065773041318	-1.1871287273781563	-1.2968190467695848	-1.1960569801956686	-1.6130823651253123	-0.4775329137365876	-1.7374813113575676
ENSMUSG00000052920.17	ENSMUSG00000052920	Prkg1	DOWN	0.655964405964406	3	20	1	4	1	5	0	6	-0.7162547643043788	-0.9218298112535592	-0.937434816821916	-0.5186179028377073	-0.19603593527809202	-1.2129304022798004	-0.971253193566419	-0.8724064289406995	-0.3640170789182235	-0.9833040506754412	-0.692846265074375	-2.5270338603357563	-1.1873517771631708	0.6021666087982874	-2.663967879537948	-0.9097755252386108	-0.9894314360842396	-0.8584377386791787	-1.303380067209271	-0.3409871553254223	-0.5776288837155366	1.046387625980575	-0.3608646867839574	-2.07477770731582	0.4895642183743259	-1.5544002124636118	-0.6638445162404721	-1.7944424220711457	-0.971253193566419	0.0348399214437914	-0.7917672120219715	0.4395128322947709	-1.7754208228992554	-0.98471467000846	-1.9207111865456497	-1.3388245224295028	-1.6413495203737138	-1.2754160761607929	-0.2537736471846412	-0.9952318533200653	2.820264724175539	-0.8724064289406995	-2.2361746754418155	-0.817587362991475	-0.3614169501060422	-0.561978361142254	1.1568659501532712	0.0008386877243472206	-0.6205679797974254	0.2520251562271879	-0.2116160089860469	-0.4596025033292482	-0.5741807082704906	-0.4127454916140875	-0.3640170789182235	-0.4512729517760124	-0.9833040506754412	-1.5627514131492275	-2.0439699212351403	-1.5308556887061753	-0.9681197542211316	-0.9502390361954732
ENSMUSG00000051067.9	ENSMUSG00000051067	Lingo3	DOWN	0.655964405964406	1	20	1	4	1	5	0	6	-0.9999005546134233	-1.0483693104180947	-1.0187777796573354	-1.3456166204038649	-0.27937581396951927	-1.355832004422974	-0.9985447316000292	-1.0981938892361602	-0.2645635170487262	-1.3488411043682218	-1.259918801447481	-1.5067026222627469	0.7309422788505396	-0.9985447316000292	-3.067112474262167	-1.1144105773643598	-1.841196771215775	-0.3807104198221194	-0.5515825119149217	-1.1475988639129364	-0.7253316713302006	-0.0704242695619851	-0.5991219743202596	-1.959180502615822	-0.3807004805432023	-0.6383635653087663	-0.0708858575154624	-1.255127936210989	-1.4729291496918238	-3.116589599273974	0.4341440812473202	-0.7574338241839214	-2.541283606095755	-0.5437351251524418	-0.3799600964406826	-1.143703029358827	-1.14953794943926	-1.0981938892361602	0.1558158757716446	-1.003092576677813	-2.213006372595446	-1.3347171600210224	-2.9988697183996176	-0.9272525016686404	-0.2645635170487262	-0.8651607215166714	-0.7779998001477575	-0.151076034735178	-0.644423566477472	0.141916489578474	-0.4989915564430307	-0.4159782265096415	0.2575726560583037	-0.1250256872094708	0.2705960107864583	-1.3488411043682218	-1.71504502108563	-1.7677418988997864	-1.2209384515254302	-0.8425862946980601	-0.0652007585609559	-2.5304705018227325
ENSMUSG00000059493.14	ENSMUSG00000059493	Nhs	DOWN	0.655964405964406	0	20	0	4	0	5	0	6	-1.1801398226741073	-1.5058782945485816	-1.5655559543968087	-1.4467782036537276	-0.42079114295851466	-1.287433989687378	-1.9186016463085092	-1.4572722766877768	-0.3030705798241765	-1.5544843124093863	-1.3525661718456834	-3.2689323551344143	0.0624139078440081	0.0468883855914366	-2.8995846560825163	-2.394060716924849	-3.6562698185904328	-0.3526787788255345	-2.057681762628851	-0.7219146569274191	-0.6213406896823562	0.3394822943632496	-1.47917964882707	-2.6823113215695664	-1.9186016463085092	-0.5866854107666203	-0.437473403552791	-2.156297087441075	-1.9711466820593515	-2.5571296180791125	-1.1417613318362192	-0.4809207652193152	-2.753153791081484	-0.8448030288408409	-2.1917584514825417	-2.1983435913689298	-1.9941999714370475	-1.4572722766877768	-0.6248158074368191	-1.75739242969936	-0.3598715391950771	-2.5928371927859493	-2.036250665524984	-1.299007514246128	-0.1820351590161559	-1.3948541762033222	0.6264826360778364	-1.087793904334713	-1.054220578417134	-0.3030705798241765	-0.0203097776275171	-0.8817817117237177	0.3438553667997802	-0.7123013884441955	0.0373267001696538	-1.2304487716694956	-1.5544843124093863	-1.7865978649744596	-0.9029146732674016	-1.7611100799091974	0.3134351337830601	-2.089917359364767
ENSMUSG00000006360.12	ENSMUSG00000006360	Crip1	DOWN	0.6551226551226551	2	15	0	4	1	7	0	6	-0.48401941055100123	-0.42116519744563174	-0.44567563591829157	-0.833428383947016	-0.21074509813622014	-0.4462285242024771	-0.3856279586762275	-0.9487700404991772	-0.2920591518796595	-0.456702436215036	-0.4880507083477679	-0.6784673281718865	-0.0468811543167979	-1.4451114382948282	-1.8686838880365209	-0.246517945790054	-1.0332009830764002	-0.5655238483221511	-0.2497914846047318	-0.6161319502927854	-0.2777793200122878	1.197073625168893	0.001674743253745	-0.7191859058003485	-0.3856279586762275	-0.3425208543182959	-0.247002120862561	-1.337458821427948	-0.2729207213985822	-0.530421990898553	-0.4815174480537356	-0.0508936028085445	-1.159783244693812	-0.4311344563340209	-0.3672769686064618	0.1510029931582047	0.4588906117705873	-0.8344052497813116	-0.095456123281925	-1.279751069254462	-0.9487700404991772	-1.7003536126827938	-1.3246784307820234	0.3494158386525811	-0.2920591518796595	1.3082514830611618	-0.6322567446213544	-0.0043729499207714	-0.5878591018036783	-0.1542894045105968	-0.6054220816416156	-0.2341258807588253	-0.5065178689089095	-0.0680586564927001	-0.5414857220214729	-0.645959859662457	-0.4243474844277898	-0.456702436215036	-0.4106019067929447	-0.6180713135698002	-0.8647077403089186	0.2967910715596063
ENSMUSG00000040667.12	ENSMUSG00000040667	Nup88	UP	0.6546416546416547	16	0	5	0	5	0	6	0	0.24777872956661667	0.23583557788269605	0.24093323577485057	0.2684800576983392	0.12362790202793246	0.3580737227653444	0.2028882726828478	0.2687828830825443	0.1027470710351193	0.3311520344419593	0.4027153832399	0.3259974593212176	-0.1075079555262376	0.1909271844129036	0.7953655018807816	0.11777332297254	0.3405294597996604	0.1025647999060001	0.191428249301272	0.1382327042564498	0.1558485678759711	-0.0307161012524763	-0.0652403979088686	0.3905682060836629	-0.0133676732238693	0.2853696832545713	0.0898746594748301	0.6092397708525531	0.2028882726828478	0.3081909532802075	0.1644291144245281	-0.0480209705474883	0.7850590973415255	0.3393839384527344	0.3603650248765407	0.2334843573861492	0.2398147533030601	0.3033187093195214	0.1097570298803545	0.2687828830825443	0.047827056254798	0.3891046963070887	0.5106217667450561	0.2499482622990116	0.1006593866289221	-0.0514983132250384	0.2100652020615494	0.1231736471947224	0.4667062297651217	7.679204398737785e-05	0.1776633046414753	0.111295237557534	0.0964999418744736	0.0225184227293901	0.1027470710351193	0.3776405899508006	0.6176625281031456	0.3311520344419593	0.3227340914261116	0.5962906957816108	0.0679054038373897	0.1931307158163927
ENSMUSG00000042203.9	ENSMUSG00000042203	Tbc1d22b	DOWN	0.6546416546416547	1	16	0	5	0	5	0	6	-0.2899186316819237	-0.2683199960711343	-0.25120200973048484	-0.46143242046245364	-0.15588781719968978	-0.2911522793350666	-0.250560096512207	-0.4455259754691324	-0.1577498698023592	-0.2860798956300616	-0.1732106720507618	-0.3583510375576911	0.0162072304444939	-0.030820458216319	-0.6306686492466839	-0.4061438279913745	-0.486174099977502	-0.2100881155410583	-0.250560096512207	-0.1878153363317028	-0.0541459319233975	0.1389486004460583	-0.2431331709513096	-0.3648661056014086	-0.1212096950208737	-0.2508396198326718	-0.7083876135782078	-0.3703272495015889	-0.2571459842886138	-0.4227358358545937	-0.263568088614204	0.0434701247011487	-0.4802734195984511	-0.1494759247927002	-0.3087424903252334	-0.1212454823844202	-0.1311513126218173	-0.4455259754691324	0.0072909805638469	-0.325123646025192	-0.1465014670974101	-0.7574835645634901	-0.5231341400812036	-1.0395491305645943	-0.1155266057495745	-0.5335592154448419	-0.3694215458099794	0.1953018288997305	-0.3415907337933884	0.0874484738200397	-0.1577498698023592	-0.06131216672986	-0.1968508854181047	-0.1819925839160858	-0.0395126852521638	-0.3298627838302165	-0.2860798956300616	-0.4680476403624255	-0.2647912825855956	-0.2094480966514379	-0.0703482348855923	-0.409488021400137
ENSMUSG00000025035.10	ENSMUSG00000025035	Arl3	DOWN	0.6546416546416547	0	16	0	5	2	5	0	6	-0.5586855604716986	-0.41920090994087666	-0.37631282317065484	-0.4985970545220391	-0.21807768494629579	-1.1417546792478046	-0.4054168709559628	-0.4329849489257906	-0.1032369606085253	-1.211437267010445	-0.7543918466389146	-0.7610409124209838	-0.4054168709559628	-0.5181227354786075	-0.7093469679399997	-0.2095473392579417	-0.303674401817379	0.0825205300651076	-0.160518473762375	-0.0689725795274505	-0.2878346270099198	-0.4210465212403682	-0.6438351066732646	-0.4918482177096877	-0.1167260422375414	-0.044615276159941	-0.271876747582024	-0.1362040096379759	-0.2487785169069326	-0.7052227305096428	-0.5747892789573824	-0.2033781238047541	-0.5083567190459648	-0.4465490522832699	-0.2639493209709604	-0.4363284708547159	-0.5505958662888282	-0.4934000833514886	-0.288466319730849	-0.2530211646322556	-0.4329849489257906	-1.085707749057607	-0.2350007391731425	-0.7015983767831403	-0.2251014660098613	-0.5839981229709363	-0.23532348502481	-0.0795745212032291	-1.021775254273888	0.1598236316953026	-0.3216568965983865	-0.0862153802395246	-0.1016528382996137	-0.1032369606085253	0.1998567591242191	-1.0794134781498426	-1.1824022077905754	-1.211437267010445	-1.2994056770605156	-1.3458229984530423	-0.4605352954824011	-1.4132658307878108
ENSMUSG00000052921.14	ENSMUSG00000052921	Arhgef15	DOWN	0.6537999037999038	5	11	0	5	0	7	0	6	-0.4881386252855673	-0.54683049712228	-0.1991739149553116	-0.5925412958060712	-0.456977962378682	-0.7038613280022042	-0.1337008143206716	-0.5972297892272259	-0.4964312050173342	-0.7486897757017535	-1.5596145373409538	0.0985396625656766	-0.0793140046540489	0.5150942530052017	-1.366711599964312	-0.2145904564958323	-0.0580593573869001	-0.1337008143206716	-0.2322248497699245	0.4147307501988765	-0.2565242333024099	0.938985406865882	0.2485592646140314	-0.724401641633275	0.359460641813727	-0.4379698975715078	0.0758514936442854	-0.8103319431755148	0.801620683921903	-0.295668393578742	0.2327529979228227	0.3323424870931352	-0.8467896387778077	-0.4718737081690479	-0.999880178113882	0.1534049733327187	-1.0613830645168425	-0.5972297892272259	-0.4465298905667404	-0.9372006160879136	-1.0228963202291093	-0.384047010390047	-1.1498625590874525	0.3899771149459895	-0.5416552272208769	-0.1604581825587062	-0.6413965981581897	-0.0478853500630474	-1.090540773103585	0.1079478226999106	-0.4441423996800894	-0.6119674220661299	-1.0337031928531095	-0.0665250581443449	-0.4964312050173342	-0.7486897757017535	-0.3698056708726958	-0.764478340467819	-0.5985762092939403	-1.3930984710902827	-0.03470734934608	-1.0176734792428594
ENSMUSG00000079434.9	ENSMUSG00000079434	Neu2	DOWN	0.6537999037999038	0	11	0	5	0	7	0	6	-0.7567459984110988	-0.7205937036013462	-0.41749257105489335	-1.38341334839265	-0.3462910082391419	-0.8797870659577097	-0.2677692978797192	-1.6334264274048484	-0.3381481206866032	-1.1030392865160892	-0.5849091514156378	-1.4273774269124575	-0.3124005201394192	-0.3765154799339215	-1.985034615152776	-0.4756599865631765	-0.8753292105551261	-0.2597963020802952	-0.2681880869410627	0.2421811364608694	-0.1654239196815337		-0.0050945725167547	-1.1648622941174769	-0.2016116046104318	0.2363725306855035	0.4232107154236633	-0.2655603241596341	-0.6235159212973899	-1.0823338005020788	-0.2673505088183757	0.0656380027179116	-0.7836797349212894	-0.0823984972002614	-0.1262283854963641	-0.365542574546927	-0.1233963151527834	-1.61759038713027	-0.1535361957892486	-0.5298498179331753	-2.46643789796925	-1.6492624676794267	-1.883803323854531		-0.021685337324078	-0.8294927326026609	0.1992264127888392	-0.3381481206866032	-0.513343515066689	0.0352983015866681	-0.6672418366867133	-0.4795065484373921	-0.686100856054051	-0.2988907576373487	-0.2093161005105324	-1.2098345463003637	-1.132188127968065	-0.6012307563377552	-0.5258675864331207	-1.1030392865160892	-0.0982868453725483	-1.4880623127760262
ENSMUSG00000121906.1	ENSMUSG00000121906	Dusp13a	UP	0.6533189033189033	12	0	6	0	5	0	6	0	0.5743803528826549	0.548985555103349	0.35405079204805884	0.7615372635326031	0.32847275815387217	0.8534605977960855	0.3177741464284636	0.7801969637782344	0.260279562709315	0.7857651763393267	0.0712430481759076	-0.1119792518960631	0.9775521013881132	0.6050665932372716	1.164306192698436	-0.0971258295283367	0.5697356140858995	0.3902282485493597	0.7544204175863987	-0.0769753869999065	0.3287050814688402		0.1385210963504978	0.5110192059308367	0.0081653561287778	0.3442758647220971	0.1279022153775736	0.4448897910631952	0.1370851151555259	0.8328116699011295	-0.0713292459098741	0.0882568292842501	0.3068432113880869	0.2607488644711054	0.6862358184899046	0.2915731532774658	0.5231448188530387	1.3526431205575085	0.1113693292048426	0.4694077787118759	1.1231272471459963	1.0909861488445929	0.4216899567308027		0.2653334841951657	0.9087371300198478	0.0255196085285168	0.06526942289398	0.8006098921647213	-0.1188210691397823	0.4113078187771324	0.1470866532460587	0.260279562709315	0.0898521012818526	0.7580257350157857	0.9514979221750424	1.5752981527637715	0.6538660520292751	0.7857651763393267	1.2884621381638794	0.6468906700396188	0.0724440730616843
ENSMUSG00000027014.15	ENSMUSG00000027014	Cwc22	UP	0.6522366522366523	21	0	4	0	6	0	5	0	0.5956099264157861	0.49506725335362944	0.8695184032996623	0.7473689918820307	0.31504173934573765	0.4505105711357138	0.7564362660245108	0.8847135430959172	0.2336982406827481	0.2252301537826196	1.416590513225252	1.76817290718696	0.2727456965886175	0.2309871540654194	2.216635499266141	0.795713988097129	1.2343949784413588	0.3964854122492754	0.7316059221061421	0.1893125276625283	0.3085729750399768	-0.0439691402636403	0.3429005259654828	1.5008811407007796	0.2702428432269133	0.7564362660245108	0.1682182845246375	1.700170725223918	0.6765107222721308	1.237687907852413	0.5150437694557963	0.1700827712675933	2.2550983126535984	1.0986780744708946	0.8604930403622971	0.8885139333139226	1.5187901381108373	1.2146015101795302	0.0007904488579732765	1.0099968236158583	0.1448552739142289	0.8847135430959172	1.4032366448452696	0.5733886986654371	0.18086181439478	0.4732609026550337	0.6704201427716995	0.1797939866022089	0.830403877883162	0.0258791806115838	0.2336982406827481	0.3860274056086699	0.2373744362822688	0.095991332031833	0.1517478132791262	1.594845924789564	0.4929787251607676	0.2252301537826196	0.1714635776136025	0.2524410837303291	0.197435171586765	0.2191793612863487
ENSMUSG00000019970.16	ENSMUSG00000019970	Sgk1	UP	0.6513949013949014	16	2	4	0	8	1	5	0	0.5168598018920415	0.4296461751053341	0.42749516149670796	0.8873495560355682	0.3812335908750319	0.37136089916085774	0.4278144846956403	0.6328654578773335	0.3790547702814538	0.4314778655150278	0.7609532638724086	0.2704786070253445	1.091566753609467	0.4278144846956403	0.6385653303263737	0.6252736671746006	0.2078152287671842	0.2255887402611139	0.2669439367852296	-0.2193289477814244	1.0051011892923156	0.2695580405775681	0.8978800822163499	0.608980654923384	0.6768096062539609	0.0769311697710485	0.4504583986803044	0.3703909319617044	-0.5845272715581319	0.8399184600889551	-0.3168360222425576	0.0247329320504787	0.0494025968693646	-0.0447203193951327	0.8615400959672314	1.0036771292695972	1.0574006209487348	0.6328654578773335	0.1512803759150181	1.1515671322116947	2.406911807975518	0.3962465071784939	1.559130888845644	-0.0865552777547235	0.3790547702814538	0.2039330753443104	-0.5714493449813495	0.9655436988660974	0.426433784260826	0.22361382734312	0.6935815297829978	0.6859668856833818	-0.0241799869867592	0.8403039917327904	0.3707672682984819	0.4314778655150278	0.603645851705851	0.62996835565733	-0.1846244819317901	0.2982628193711779	0.8731315536150644	-0.052335669806657
ENSMUSG00000037894.14	ENSMUSG00000037894	H2az1	DOWN	0.6509139009139009	2	17	0	4	1	6	0	6	-0.5332921544844671	-0.3835519979142516	-0.5196744447910879	-0.4746920978866503	-0.2296309154924911	-0.909171159767639	-0.4103237711381598	-0.3567802246903434	-0.2096526216588752	-0.9726791490055782	-0.4103237711381598	-1.3435966154126824	-0.0761203387384662	-0.859764271476197	-1.5820620636391467	-0.3565500976657983	-0.7440378131232083	0.0085279801282788	-0.3200127005794501	-0.0457241026557434	-0.0769632942222222	0.3317145385925331	-0.3194389752587829	-1.0079855222983498	-0.1018214770807242	-0.1463682803405469	0.6830175712405063	-0.8857829551336784	-0.8355366140166387	-1.1807284854445237	-0.3829963025613749	-0.5707546548124022	-1.5009058160266064	-0.7181186260817437	-0.644102221348948	-0.5367319963303235	-0.4080431039349728	-0.7169712883117019	-0.0356523369949545	-0.3124186330466	-0.5342558150409437	-1.0968214323726937	-0.3567802246903434	-0.269944954749315	-0.3335368789443779	-0.049634522249354	-0.4237697614124263	-0.2751566192851182	-0.906001926927672	0.0038974729837801	-0.5362715555349662	-0.2096526216588752	0.0055962392159924	-0.0348689891889266	0.2334590925845415	-0.9726791490055782	-0.9375958134446878	-0.6800230068902988	-1.1351259097255355	-1.010517003478894	-0.5658608552473249	-1.062396380581154
ENSMUSG00000026697.11	ENSMUSG00000026697	Myoc	DOWN	0.6480278980278981	0	23	1	4	0	5	1	5	-0.707619142135474	-0.9312398383140363	-1.287233454086717	-0.9979372316203053	-0.15547250802702187	-0.38983337480785213	-1.3085202683336616	-1.4497224866473692	-0.2936170843892777	-0.553959408294411	-0.1661833006333138	-1.9291781566955897	-0.772884228732777	-0.6260446899540975	-2.452028262985095	-1.3602033398161737	-3.3667847627984697	-1.7845501130643946	-1.4155253743339813	-0.7840873928517442	-0.5900534139051279		-0.3580007560392978	-1.8123345625342635	-1.809488627519851	-1.1960486903610148	-0.8470407414649573	-1.642101934860675	-1.2714202524072846	-1.983295420357713	-1.958613587275316	-0.9707838924347324	-0.9718892296289992	-1.5303026747329718	0.245282125388	-0.768888241994761	-1.3456202842600389	-1.4497224866473692	0.352009016679473	-1.7405370534604951	-0.0888473288084987	-1.747677239762035	-1.477057445214952	-0.8337280841282599	-0.0366222417133283	-0.5077611072056467	-0.3090444263813906	0.10382766421985	-0.6038084203129979	-0.3937920185326223	-0.2962283652947622	0.0858617053115003	0.5639276609922772	-0.0229409549908425	-0.2936170843892777	-0.553959408294411	-0.8323225220937622	-0.8615171959440947	-0.1968223190532426	-0.6243613768033661	-0.3292911704961682	0.6694403690300803
ENSMUSG00000014551.9	ENSMUSG00000014551	Mrps25	DOWN	0.6471861471861472	0	18	0	4	0	7	0	5	-0.3312957332354459	-0.3157785086117636	-0.41902689793848835	-0.37729538724389794	-0.206988155223209	-0.3218724925361882	-0.323339388059128	-0.3892934228569183	-0.1801100373078574	-0.3082176291643992	-0.8187457244946963	-0.7773318463501319	-0.1362943983789488	-0.6736961978759329	-1.0563391850915815	-0.1797141602649105	-0.3209190921593676	-0.1800122263836384	-0.3042047296006756	-0.0813203741731281	-0.3470021315134634	-0.0701146755836863	-0.423074103275189	-0.7011196041195223	-0.069065957112793	-0.1998692277878663	-0.3063163298061034	-0.4313001928770195	-0.6581646561295144	-0.6838397552623323	-0.323339388059128	-0.0039313844168168	-1.1071848822764525	-0.4579685083868382	-0.2976717569109002	-0.1744829722444101	-0.5307027838041389	-0.3892934228569183	-0.0252191530249915	-0.1096767872628791	-0.6174434933407971	-0.9430043165652984	0.1262353005505574	-0.6826658382069586	-0.2937038868959684	-0.0909739618456367	-0.0184689724902779	-0.1359339749012587	-0.4301069444995207	-0.0819742232426204	-0.3653041275368344	-0.1801100373078574	-0.3349923413383712	-0.1900299758421254	-0.1552712615548286	-0.3888072560457844	-0.2629655383001077	-0.2629086961112651	-0.5256219471203794	-0.3648040187793441	-0.3082176291643992	-0.1397823622320375
ENSMUSG00000025938.17	ENSMUSG00000025938	Slco5a1	DOWN	0.6471861471861472	1	18	0	4	1	7	1	5	-0.5717453840989659	-0.5435226497806314	-0.7259788052708238	-0.8128652934720211	-0.3134848055523363	-0.4346526321006827	-0.6309537864863677	-0.6617111783350514	-0.2982782782844956	-0.456091513074895	-1.0272223987192484	-1.7888025064474733	0.6899606296631515	-0.1049499802838487	-1.7700068764924477	-0.9670370305829455	-0.5479303992717662	-0.4860695359923676	-0.7932553964919828	-0.1719550553995527	-0.1817132767347078		-0.4167932576528993	-1.6320855249883977	-0.4051737903655081	-1.2122277754023545	-0.5703377984509772	-1.295780683063397	-0.851875366936294	-1.0303495547979031	-0.6709856398171988	0.0528734866231522	-1.421675100174404	-0.4049092166948409	-0.7446150067392469	-0.5316099486724296	-0.5909219331555364	-1.2705584552723557	0.0382114463093662	-0.9863230258945916	0.0078752166248302	-0.6617111783350514	-2.499558230819853	-0.3179928269164918	-0.1885801411753828	-0.5813956109428371	-0.2136672455124697	-0.1944738688653453	-0.5062817837255688	0.1459077332479355	-0.2982782782844956	-0.4381215592607674	-0.3374318733746487	-0.1623375203585487	-0.6736727128235713	0.4824379801345067	-0.9038949652671668	-0.8699500806822588	-0.456091513074895	-0.2150849592427561	-0.2476474275743736	-0.8323374589978356
ENSMUSG00000022300.11	ENSMUSG00000022300	Dcaf13	UP	0.6453823953823954	15	1	5	0	5	0	6	0	0.40004662262302165	0.28493713939802867	0.32957905734711834	0.6489929219414103	0.2205898739719455	0.40102463723161236	0.2187295420239685	0.7643589803852693	0.1375682504245616	0.3511447367720888	0.1328131314488454	0.7638424472961335	0.0966557182558739	0.2181392555231744	0.977004185029968	0.5380697426599257	0.5749815412133457	0.330721406540338	0.3827809920960781	0.0560802953955985	0.0706088730823004	-0.3745743075235005	0.0425886142532491	0.5732487941395955	0.1506684392398621	0.0824672890838803	0.2187295420239685	0.7409298637572701	0.0126548803401858	0.6161779101528353	0.38226454024754	0.0097860279687192	0.8066726958193439	0.5222476503481898	0.6299310244151065	0.1755052481497083	0.1676387474146598	1.0676795643037515	0.0985133366473221	0.4505533147710064	0.338379017079145	0.9612661426592928	0.7643589803852693	0.8622000977440853	0.0635894033301171	0.4599165660200941	0.2513419406229787	0.1375682504245616	0.7495506135708183	-0.1541963436963609	0.3541611760028762	0.1235469917685063	0.3536118458982619	0.0216871935268162	0.0657109762227304	0.4788024736583343	0.5127977470667852	0.3511447367720888	0.3356902886534473	0.7116880820793875	0.1507196170368614	0.266329515354382
ENSMUSG00000027215.14	ENSMUSG00000027215	Cd82	UP	0.644059644059644	11	2	5	0	5	2	7	0	1.1332535042424898	0.5456939179036229	0.3275483114569984	0.768412423903049	0.7033319776393173	2.733721303970594	0.1814472136762174	0.7132964969155017	0.3780913388917442	2.689183195798893	-0.2306153907883636	0.3624564229529554	0.5398667319667045	0.0281430533782579	0.5280100466859743	-0.2034307535261955	0.7792724525533601	0.6180343404242307	1.7916062156406614	-0.3438933145687864	-0.0382757359783553	-0.1508447897238911	0.374900232416828	-0.2094361135994301	0.7403148273512385	-0.7642939626405153	0.1664717788738151	-0.152745548489503	0.1814472136762174	1.4615050714350128	0.485733904408915	-0.6870979583708879	-0.1520750173454815	-0.3514512687639542	1.0125848201731673	0.7610326335215262	2.296584517675458	0.7132964969155017	0.6471827171960404	0.928872278519473	0.8902783114673216	0.6492533642318872	-0.1970187351193024	1.7470225341104215	0.4948162015679299	2.5177522427999555	-0.6958944765528028	-0.1380700466655749	2.6507220750518545	-0.2390616187513275	1.4675146389902485	-0.0141407052097754	0.3780913388917442	0.259730684677195	1.0551914192330434	1.9042783951494413	3.531661220329165	2.336381619120176	3.3520382406079525	3.432258249686417	1.8902482071021136	2.689183195798893
ENSMUSG00000031379.14	ENSMUSG00000031379	Pir	UP	0.642977392977393	20	0	4	0	6	0	5	0	0.725346768672278	0.6363094041624711	0.921487375391618	1.0586315972975389	0.465790788644006	0.45547731335594893	0.7593994087391844	1.2710344969823273	0.4315467497229119	0.5132193995857578	0.4770876897018326	1.889326856798378	-0.2709642451326352	0.5264200474194012	2.378917918197757	1.0050531454416802	1.7739361345229203	0.8140401372602342	0.6825046898283758	0.133495159374334	0.7056685670388559	0.5486991525629674	0.7752001274753536	1.7838133859612475	-0.0347756375675789	0.6861474242183875	0.2094696840337149	1.6264852916524897	1.3753560396577174	2.250669486408748	1.1682288130299965	0.3788327812614731	1.229352470331502	0.6631272773837185	0.4844707470720176	0.8601965829016114	0.7593994087391844	1.7651020244139766	0.1601921123572232	0.2153756748456546	0.4437691947244462	2.2048650608808384	1.3500826168783062	1.2710344969823273	0.528508908614304	1.3119857226135352	0.4315467497229119	-0.0392381522756309	0.8201372710646555	0.0728624587141738	0.2974661224502239	0.214779818459363	0.5672979127478982	-0.0850720406673631	1.0034239036399946	1.150761167860492	0.8274084003502231	-0.0630632142915585	-0.2586566655237416	0.5132193995857578	0.3827105110502638	0.6359615944602058
ENSMUSG00000022414.9	ENSMUSG00000022414	Tab1	DOWN	0.642977392977393	0	20	1	4	0	6	0	5	-0.4060058625936665	-0.39827752972975417	-0.39056518816449615	-0.5893478045199944	-0.2291882057269485	-0.414922251963227	-0.3632465049999526	-0.6619142339716988	-0.2404406184361789	-0.4333085544595557	-0.0194401226606951	-0.3243518526764828	-0.23570635428646	-0.1523552330189056	-0.9177683351712782	-0.542058067667928	-0.8364409323947447	-0.592198067903018	-0.5293300152718833	-0.2472409718174857	-0.4374642669112385	-0.2123773873526873	-0.3188567398890374	-0.4215299766337599	-0.3632465049999526	-0.3257382173472026	-0.3936919448312069	-0.2812188475672655	-0.4403441502257675	-0.709831094975586	-0.4297317271996682	-0.2111889389834214	-0.2494498741688917	-0.1617818602543398	-0.709938043218303	-0.4097632290944972	-0.0722173239196877	-0.1306305217361597	0.1923972024386353	-0.7631039499633323	-0.5607245179800653	-1.152467046438914	-1.1215579934401303		-0.2404406184361789	-0.5916645784248081	-0.2176049277437887	-0.2812322726646608	-0.2744597230126865	0.1517483187964094	-0.2163711121313877	-0.0735429095632256	-0.4289306843999201	-0.0830388638078695	-0.2655328916083168	-0.3696045433032958	-0.2223350320156753	-0.4333085544595557	-0.5261315118371221	-0.5566268701826717	-0.5962244882262071	-0.2002247637180613
ENSMUSG00000023845.8	ENSMUSG00000023845	Lnpep	UP	0.6421356421356421	15	0	4	0	8	0	5	0	0.2966416987578413	0.23126481909510516	0.2844544104733207	0.35477573218226854	0.2546046628361285	0.2927319895396473	0.2500203895790021	0.2125092486112082	0.1784908322397402	0.2633913800988708	0.2286329177153468	0.00022687679090577676	-0.0207103281685084	0.1728414437534537	0.1282353568944507	0.5444304536265748	0.6144200246741287	0.2486179938936016	0.2028499669473107	0.4885429785335211	0.4521122552973352	0.5257376782160551	0.4782707263537826	0.1765622270086825	0.2868378915007888	0.2128707229337093	0.3405673069734939	0.2500203895790021	0.1772177880479287	0.5848444438502766	-0.1169959227330807	0.2909299859365611	0.2006820185468168	0.3747578537063282	0.4135263776986366	0.3975075416487482	0.0267321135538088	-0.054939563891877	0.2125092486112082	0.3757837789431802	1.0041522803781266	0.5878250642711811	0.1765288116365728	0.1815705053274878	0.1107172575593369	0.0065320257138827	0.9100069629727466	0.0877130880128887	0.4917730106813991	0.1473545382455568	0.196784827656157	0.2426944278451277	0.3574719364218954	0.0711123838486819	0.1784908322397402	0.5270021653309291	0.4722535789532636	0.2633913800988708	0.0371441933243423	0.1241397059816786	0.2596253771657518	0.3655675259226946
ENSMUSG00000033044.13	ENSMUSG00000033044	Dhrs7c	DOWN	0.6416546416546416	0	16	0	4	2	6	0	6	-1.9095534118688402	-0.880770874914166	-0.7999177458170917	-1.2009666928062832	-0.39301135644641055	-5.244317852405575	-0.6463747444228525	-1.1151670054054794	-0.134807095287138	-5.694264962025124	-0.7190429972590067	-2.033633945363999	-0.2623145767203438	-0.9159768371783326	-2.235417261709902	-0.7026111062152682	-1.129083416926613	-0.4765444375580967	-0.8433561637269338	-0.2400279938285279	-0.5427519793196592		-0.5331386466936323	-1.3011205100053658	0.0557206549135531	-0.0842773012103239	0.2252518028020567	-0.604199194458472	-0.7408424172759772	-2.300539526723124	-0.6885502943872328	-0.4118297399085582	-1.893295459148856	-0.0997534917366935	-1.3522707391058348	-0.3933026615601944	-0.5749531509390446	-1.2618097489453386	-0.0276170501534977	-0.3711413260999773	-1.1151670054054794	-3.555265264200191	-0.7430759363786128	-1.3326905184608862	-0.0921741789986428	-1.5963119342530876	-0.7140920325435891	0.1214538478179789	-2.0830255652672487	-0.134807095287138	-0.9421665338656442	-0.3483918181492025	0.168831549478559	0.3441834242128319	0.9533754159446678	-4.455964297509733	-6.359117463405674	-6.496160322549502	-5.472169229221313	-7.412701830758609	-0.819846861369068	-5.694264962025124
ENSMUSG00000029249.16	ENSMUSG00000029249	Rest	UP	0.6403318903318903	12	3	5	0	6	1	6	0	0.3943169272761565	0.3746878292062602	0.2700416059573635	0.48755110918374794	0.3039184173080759	0.5157565766554387	0.2295065933222454	0.522073032943724	0.2153593183398355	0.519869065090275	0.6780969612172016	0.3518015067335529	-0.1942297527806047	0.4501694302415617	1.1792140842420775	0.0332536349113201	0.2295065933222454	0.2750576654316303	0.5680952894974173	0.1505163326267901	0.1776857460269948	0.6176295594640846	-0.0638331715615599	0.478042165293818	-0.2292842603667113	-0.0695491536347467	0.1049015341629838	0.4260137656354594	0.1746257833554901	0.2901022627527347	0.0253724192497655	-0.002175668656915	1.6455865700827006	-0.0022341016910929	0.259876698670568	-0.5123613242352307	0.249242790857279	0.311038413653868	0.2306611486828002	0.830795361034275	0.249451353641974	0.5626596176859054	0.706178836643689	0.522073032943724	-0.0678246858569794	0.2455287244692692	1.405948968215709	-0.0084525461691516	0.696800306070372	0.2017783350274999	0.5125292799400949	0.2153593183398355	0.0547890410955688	0.311211072504125	-0.2245652232475084	0.4825396260365105	1.0299223172811096	0.519869065090275	0.8387342231102572	0.2032101863119257	0.5301371228240545	0.0058834959339386
ENSMUSG00000025584.18	ENSMUSG00000025584	Pde8a	UP	0.6387686387686388	22	0	4	0	5	2	5	1	0.5758697243891844	0.5079331897880226	0.6958783031736959	0.672185112423829	0.17808931042526693	0.7573261715339454	0.7408499835299154	0.2750163960461299	-0.0430109811649195	1.199150917539629	0.3887700436116767	0.8105426794622252	0.7499363508903345	0.7105402902604141	1.6732997655721222	0.6193721452944968	0.8092145554366932	0.0385335807163769	1.121905833467962	0.065468511938773	0.4473199794355112		0.4953290695757477	1.3561793355194678	0.2531212769740601	-0.0598881034127531	-0.2346251906931787	0.9985950291487736	0.9686263733701156	0.9239462875043204	0.7317636161694964	0.4025227061506323	1.132943052858493	1.1113952032492105	1.121230270375184	0.7601330338914991	0.696660185748441	1.3661737353427243	0.1947753834371466	-0.2185133441810811	-0.280293546191477	1.9067569398056985	0.2750163960461299	1.4613802227076609	-0.1482576406739882	0.6428601354719256	0.6522371802555592	0.3763533819836838	1.3492801262934428	0.2696665705902951	-0.1769827962556723	-0.0430109811649195	-0.2174233825916955	-0.0780169028817614	-0.6677232763489336	-0.2873017177785241	1.7045168614636332	0.2160578772458164	-0.1892217382277578	1.3716694798661142	1.199150917539629	1.2864115206287072
ENSMUSG00000026199.19	ENSMUSG00000026199	Ankzf1	UP	0.6387686387686388	22	0	4	1	5	1	5	0	0.4594569072023692	0.3957810700904981	0.6835575601962683	0.661154379023676	0.09525122514886385	0.39786446444066875	0.5659058654625844	0.5211512678938168	0.1550109665014127	0.2704108722871794	0.5237060613536992	1.7079914606848297	-0.0116563624993011	0.064082837960264	1.4716048317524395	0.4721271666772553	0.9282023808940926	0.3033364430909245	0.5659058654625844	0.474854566689435	0.4224751903844493	0.4436377106008608	0.3946734777075025	1.2833135731516627	0.220196300955537	0.7759687144965923	0.4561063281833242	1.133003925926204	1.188213221859727	0.8985565923556804	0.6042863039161911	0.1936377350552901	1.278958561778271	0.8661772534263615	0.5989252542983061	0.4780222888078602	0.719746440329203	0.8476143254258884	-0.3224765993855121	0.5211512678938168	1.3076483327302226	0.3425598477988913	1.4126428210538695	0.5189406576485558	0.2215053766915703	-0.7410697401809887	0.3546897378881815	-0.0979880930975692	0.4011923822779744	-0.0367558313667676	0.2542655947422017	0.2834510974628023	0.1020303477445314	0.1550109665014127	0.1514316379741537	0.6278391824369469	0.857637269764432	0.7876129148818647	0.0930815907888602	0.1296284417030419	0.018840979222356	0.2704108722871794
ENSMUSG00000025893.9	ENSMUSG00000025893	Kbtbd3	DOWN	0.6387686387686388	1	22	0	4	1	5	0	5	-0.645202728365289	-0.8245961157206017	-0.7941405712798906	-0.8512634195889727	-0.15376621502521506	-0.7816407075670779	-0.7940895651034537	-0.8551026663377497	-0.2669593925594238	-0.9069354399330836	-0.8961742909781801	-1.6337293573734266	-0.3968655923825404	-1.0962104242303248	-2.074146656997653	-0.0274664983592834	-1.1911951152129925	-0.4826380427073183	-1.1115075369550054	-0.069596852168888	-0.4447393313796249	0.530233777104523	-0.4725704867728739	-1.5539726455788625	-0.2604019319220966	-0.5406792244930518	-0.1515615498482997	-0.7962323827169445	-0.9108933966850348	-1.2066682865180087	-0.3833289526256231	-0.3252712820791209	-2.0386205714041523	-0.5379385094171102	-0.7940895651034537	-0.8800411722849079	-1.6954895454667929	-0.8201500816767809	0.0097204407229273	-0.8551026663377497	-0.995595345463838	-1.6327705816661562	-0.9910179737123896	-0.673927728988821	-0.2669593925594238	-0.0432893231502887	0.6462408040689123	-0.2708277903574648	-0.7712665146429818	0.0779516095914909	-0.383967328117212	-0.3520426826781466	0.0908246405657292	-0.0206497522840836	-0.3974426357138966	-0.3377945927117385	-0.9069354399330836	-0.9302891769920272	-1.216658718148633	-0.9293712046255412	-0.5424801234941765	-0.6079556970643459
ENSMUSG00000031910.15	ENSMUSG00000031910	Has3	DOWN	0.6387686387686388	0	22	0	4	0	5	0	5	-1.2130373444107858	-1.0750753500891557	-1.5793382549057418	-1.927045507923753	-0.4754854273379662	-0.8702801874756819	-1.4828661892994257	-2.097204796617689	-0.587043601105262	-0.6672845108788855	-2.6669548228707245	-2.350852786162376	-0.6040850768025088	-0.4423384671704342	-3.4551161655913294	-2.052472974826644	-3.1745795733676503	-1.1646995367780513	-1.4828661892994257	0.0853119804521848	-0.6466544364166695	-0.8856262160892596	-0.6431841886299966	-3.0807735168677213	-1.530803410970662	-1.029911491050271	-0.6589834813217835	-2.481601291873724	-0.967517562662124	-2.3846543177576254	-0.8781165449149668	-0.5648169040106105	-2.1647008630290223	-1.82789782839983	-2.1525019635333176	-1.0930888159471814	-2.3426464365632995	-0.7731041471378821	-0.6824043124975496	-2.803214992521424		-2.097204796617689	-3.27929929084422		-0.587043601105262	-0.3103843336513529	0.4395386330716078	-1.2148450384348872	-1.2260449731987908	0.2907823277976076	-0.17941308473051	-0.9680956726444462	-0.7286278774487922	-0.1104632324121688	-0.6357428479606335	-0.6672845108788855	-0.604283554452972	-0.6659683884171275	-1.3453805569335384	-0.944895455576255	-0.0547431911366535	-1.8094056549343416
ENSMUSG00000032526.12	ENSMUSG00000032526	Ss18l2	DOWN	0.6379268879268879	0	17	0	4	0	7	1	5	-0.37153968609953336	-0.35904152761768127	-0.4430851827088877	-0.48141219803990026	-0.3299940898570919	-0.23166727379225363	-0.3689687906273284	-0.4989099609155462	-0.3339191254196369	-0.3491142646080341	-0.7732193632805151	-0.480391973872918	-0.0916773273310547	-0.9952481667938974	-0.6319025992320324	0.0739888500042241	-0.3400240701603988	-0.2287321054355094	-0.3927217537092232	-0.1442001934410716	-0.238663414938852	-1.353040967210942	-0.5471027578097128	-0.7057550384561256	-0.121091086772071	-0.177959314054339	-0.0189916242145264	-0.6686461654777668	-0.1810141886788796	-0.8266497440619105	-0.3306964106159019	-0.1872318745259995	-1.013315074407175	-0.3689687906273284	-0.4937052290947086	-0.4499781853313765	-0.2763613636099555	-0.2674774522741452	0.0536920125952863	-0.4989099609155462	-0.7955525619199317	-0.9080373131587705	-0.4112285516788974	-0.5423715589272974	-0.6541956185955657	-0.3708278077716462	-0.4843971476873588	-0.2412181780757757	-0.551141852069152	-0.082736940655796	-0.4996639336873107	-0.105523361265241	-0.3339191254196369	-0.0549563872352085	-0.251354635965319	-0.3491142646080341	-0.4413848230610187	-0.4033710577250951	-0.2624748566522413	0.6000657017116324	-0.4499268340092585	-0.3154647822017605
ENSMUSG00000022257.5	ENSMUSG00000022257	Laptm4b	DOWN	0.6379268879268879	1	17	1	4	0	7	0	5	-0.44778517579542226	-0.373555029551627	-0.48165247917101844	-0.5153076770776838	-0.38272138754319074	-0.4114591593897961	-0.3657763545097484	-0.5801457508417412	-0.3813337045935056	-0.3121921120400098	-0.5672191423894681	-0.2668655358985058	0.0630176927450657	-0.81229900582631	-1.5619840611766305	-0.4781754038488398	-0.8141654712102477	-0.0390975553020752	-0.6832754809679227	-0.1984731166148137	-0.3317011634988906	-0.2028254806752432	-0.3309388465017294	-1.1337860520723702	0.0696429343138785	-0.2353637429076516	0.5419379147920382	-0.6097345841490167	-0.466163089094844	-0.8631035384841423	-0.2903140014167797	0.0264352381299043	-1.6171391122151872	-0.7398668964239915	-0.8028141861490151	-0.2945688962649634	-0.3657763545097484	-0.5909926078071279	0.276240632100469	-0.5801457508417412	-0.1800578204970596	-0.4895641248007539	-1.292339068186283	-0.7502949995112898	-0.2856734704629445	-0.8239082335840222	-0.7446903824582171	-0.4013780859181663	-0.932561017578306	-0.0610405053863993	-0.3813337045935056	-0.4824712427915611	0.0295822685392773	-0.1403291794639144	0.0138682907226609	-0.2857230252608864	-0.4127025260084846	-0.3219282613844592	-0.2036275671745186	-0.3121921120400098	-0.1598935753134848	-1.1841470485467291
ENSMUSG00000009633.4	ENSMUSG00000009633	G0s2	DOWN	0.6379268879268879	1	17	1	4	0	7	0	5	-0.911752383316019	-0.9756921559924586	-0.9114759234335348	-0.8860772463086002	-0.8181567262360029	-1.0312996372859384	-1.0097292990274183	-0.941655012957499	-0.8987317203360449	-1.2441550156958974	0.035924432069809	-1.502197183196696	-0.569625726643249	-0.6015018698468659	-1.586035188247012	-0.4833976046629033	-0.8687310346987489	0.2428171004818061	0.0478188799247055	0.947246118255218	-1.3073575227777388		-0.2125247545262592	-0.8955700295568999	-0.1198896390749919	-1.5324680013382148	-0.541107602775879	-1.6977876269170646	-2.161536552777057	-2.259675841180696	-1.8555515654078811	0.7819059806091034	-1.1836164932109163	-1.1238885684979365	-1.6513584275885245	-1.300347663958202	-2.299917623728812	-0.941655012957499	2.3364553711179648	-1.605513000726727	-3.4588109505176123	-2.335507586391998	-0.5351804128859209	0.3376708682015904	-1.533352911594167	-0.6776958898651642	-0.8868423751027061	-0.8987317203360449	-1.1686228740123887	0.2358908386437326	-1.1345129543292016	-1.7076559531320392	0.416176692073574	-0.4000850454373967	-1.244291795504229	-1.6320277893692694	-1.0737183879208474	-1.3624363920741054	-1.5066485076434433	-1.2441550156958974	-0.6188385857570828	0.2187272174590764
ENSMUSG00000019122.9	ENSMUSG00000019122	Ccl9	UP	0.6361231361231361	14	1	6	0	5	0	5	1	0.9013974906450899	0.7602859207606276	0.986447209147692	1.2341905545052885	0.6608348525920104	0.7241173463353687	0.7984959419845739	0.8748411185627527	0.4508187584227131	0.7220758995366813	1.5920032865986928	2.0324244748741025	0.7057798017061947	0.2723479729393398	0.5796205255159229	1.5419820506977884	2.401584196738272	0.1187997814526059	2.1534857158806684	-0.38008103065296	0.3429994007949365		1.9582054397640891	0.6225719908092406	0.8646940856691644	0.7322977982999834	1.5253382401688134	0.1780200780363901	1.3269814255469845	2.41759870394237	1.0195108227425498	0.2456158605785741	-1.0521528621387517	0.4984150551888699	0.665574661231413	1.330376899394229	1.953633062060513	0.2692224576716446	0.6029574023569538	0.8748411185627527	2.984194402326549	1.1792722625304746	0.826379952893089	1.9024662851955547	-0.1290216997136866	3.4046348944677303	-0.0578585365270003	0.7185805774914023	1.0007809336582236	-0.3386844797998824	1.2713273269735763	0.1558037122337184	0.8072070959153577	-0.014405204610037	0.4508187584227131	0.601288835391995	0.556821437392993	1.2857220360309218	0.7626766260812479	0.7220758995366813	-0.9936444067572964	2.133880996671039
ENSMUSG00000041075.9	ENSMUSG00000041075	Fzd7	DOWN	0.6361231361231361	3	14	1	4	1	5	0	7	-0.788785841395547	-0.6162843704106722	-0.21532330033912364	-0.8392756854070725	-0.28808394091789674	-1.812460438918095	-0.286401582270916	-0.9461671585504284	-0.1454652018572237	-1.745454982734343	0.1101595485380954	-0.4458473566433469	-0.2268460082525457	-0.286401582270916	-1.2769088117050278	-0.4319986545771093	-0.4059517077384236	0.288765765328662	-0.4658754753892138	0.3676465024578172	0.0092264997837844	0.132317895637235	-0.3418749415860245	-0.3918483075884493	-0.0760875533195045	0.5690012826048393	0.2713534769491117	-0.5082647971789338	-0.2928467800521735	-0.6791052609456734	-0.3685936192535871	0.27415281797681	0.1230516124465971	0.0912074264354217	-0.0530921680214404	-0.8435909667041732	-0.95547794608817	-0.9461671585504284	0.1800515792723707	-2.3370563107335487	-0.9846137771205504	-0.1146202436245076	-1.2890898779989557	-0.3834340090938877	-0.2432248714943569	-1.4789264947536482	0.0813004198829624	-0.0735478498361379	-0.4867822873929412	-0.1454652018572237	-0.5598098651029473	0.2035564299091325	-0.7718673372106996	0.3638660331832379	-0.0580223254242416	-1.1822477977184227	-1.745454982734343	-1.970583172848622	-1.457758050935066	-2.4922651319775984	-1.0619391720356148	-2.776974764176998
ENSMUSG00000071176.11	ENSMUSG00000071176	Arhgef10	DOWN	0.6348003848003848	0	10	0	6	0	5	0	6	-0.47898052163403426	-0.40530763795795255	-0.3678176147691733	-0.8940605035786497	-0.14888439017175073	-0.5051595780165635	-0.2784480569156202	-0.9650746704323552	-0.1643348765265461	-0.532167219000285	-0.0226956424098678	-0.2435416899180374	-0.0393818269668379	-0.0018956560127853	-1.2450285594314143	-0.8182718895749649	-0.7886410633935846	-0.4759547080370689	-0.3397600772650189	-0.119569682168283	-0.0643249934705639	-0.0132718971426182	0.1449515677635145	-0.3930353790480884	-0.5760815918652121	-0.468127834848861	-0.1225314103690775	-0.9236317472015316	-0.2784480569156202	-0.3080523536198892	-0.2674365977307266	0.278708907359462	-1.1544120904135973	-0.7338625268852774	-0.6026992962245011	-0.1173028341469332	-0.2367766688302957	-1.031383697025105	-0.3557471610800818	-0.9650746704323552	-1.1703827012133556	-0.8217609107376946	-0.927161461889128	-0.9869129226728292	-0.3005726558140016	-0.1643348765265461	-0.543037116879109	-0.0142202958914392	-0.437693745198086	0.2174737373427023	0.1340518592334733	-0.3252298264509908	-0.4844388649213564	0.1192344576604636	0.161039035555632	-0.701159220797511	-0.3979460523106048	-0.4902197160724711	-0.5905762491847438	-0.8165020016704857	-0.0075465870798433	-0.532167219000285
ENSMUSG00000057522.16	ENSMUSG00000057522	Spop	DOWN	0.6323953823953824	0	15	1	4	1	6	0	6	-0.33795189982165075	-0.30281082608300347	-0.3225181428038622	-0.2622144131139999	-0.2312303576967486	-0.5358446856719923	-0.2879392653934098	-0.3176823867725972	-0.2801403526836134	-0.516906161163021	-0.3872772843689024	-0.8148206532171819	-0.020094840260623	-0.1245736354151171	-0.7618360449353746	-0.2264971864129114	-0.2387835513118621	-0.0288786882071758	-0.2838501156334085	0.1191259619820157	-0.0047721564665359	-0.4518495429886399	-0.2881152025756798	-0.7059472646976279	0.0058888816288883	0.0147954122856477	-0.150225304819946	-0.4180194872554887	-0.5579044658133491	-0.6092193548538606	-0.3188591385845657	-0.2658755984744447	-0.7581264692249335	-0.4679272135486217	-0.2356635787741642	-0.2879392653934098	-0.440744068367008	-0.3176823867725972	0.1378661605552832	-0.1326529839355901	0.0410979537444747	-0.3299115963971513	-0.5500473263086768	-0.6841707126837419	-0.339520004479659	-0.2801403526836134	0.5553271033310367	-0.1156296048998411	-0.8213913120083135	-0.0324165565184266	-0.3983546965039415	-0.1790028236886127	-0.5987977831988534	0.0036237214084979	-0.3372316254225079	-0.3518349424753342	-0.3795194376033643	-0.6893154532908522	-0.516906161163021	-0.730873998786679	-0.1534034255137029	-0.9290593808709924
ENSMUSG00000067825.12	ENSMUSG00000067825	Pex26	DOWN	0.6323953823953824	1	15	0	5	0	6	0	5	-0.6225574205575201	-0.5377036503388903	-0.621014357596645	-1.143760743374629	-0.2580674844576883	-0.4673870968011176	-0.6403929416452644	-0.9144886204144532	-0.2761035080812891	-0.4350143590325162	-1.1848245584824524	-1.050693652150244	-0.1350336597205081	0.033139581707847	-2.436279879277722	-0.3366625745417207	-1.2303602464623562	-0.0117342772081658	-0.747408856992592	0.1827477440831625	-0.1866303158346917	0.9494732571993216	-0.1368131498932082	-1.4645094098944136	-0.4026904462809509	-0.3558824297360647	0.1588648380269348	-0.94522435129711	-0.749409023981727	-0.8478004954450133	0.0377535821411202	0.049563685787062	-1.5586618890437884	-0.6403929416452644	-0.6958863022288652	-1.1539736060758723	-1.9080582778621356	-0.9877989914728044	-0.5420322175953006	-1.2892426574853475	-0.9144886204144532	-0.7012231540185498	-2.663782881776776	-0.9077566808591712	-0.2101811266876577	-0.2951691250002891	-0.6857987690546281	-0.3936345308357742	-0.3808786139673287	0.0936002474567853	-0.1583294060213308	-0.3428617420003105	-0.2761035080812891	0.0318992629320151	-0.221285017774763	-0.059570689832986	-0.4350143590325162	-0.5419249145924881	-0.336190179232055	-0.8555180038767465	-0.2655613642027832	-0.7779301668382481
ENSMUSG00000052911.10	ENSMUSG00000052911	Lamb2	DOWN	0.631072631072631	1	11	0	5	0	6	0	6	-0.31810372479178595	-0.26074878500662174	-0.14870961387594978	-0.3468703062420155	-0.18332829038696313	-0.5935066886622152	-0.1947614600984004	-0.3267361099148431	-0.1291964457200887	-0.5488979024772135	-0.1283184907443048	-0.1947614600984004	-0.1304658464415687	0.1942428009526583	-0.503114041055425	-0.5246354980848594	-0.2965957793537581	-0.1959403640753676	-0.3550081063381016	0.0722440189011808	-0.3053123923543292	1.167431693700904	-0.2346684709894318	-0.1516284546142362	-0.26341007548018	-0.2249611909954767	-0.2078479953676579	-0.1508018904690136	-0.1894381068106791	-0.2506167273232799	-0.5839869193586826	0.1670620999489966	-0.0897439208502389	-0.4414867986322492	-0.1516875847047904	0.1129681638876625	-0.1546782379000152	-0.7262707559073294	-0.2598473235821231	-0.3267361099148431	0.0243693182460798	-0.2531605092737944	-0.4304540314236055	-0.4559927318384927	-0.1291964457200887	-0.5610112933654323	-0.3595515981656366	0.1541052938645142	-0.4258204471523648	0.0676426795791191	-0.3259793992835314	-0.1200054957371958	-0.266528040893009	-0.0588341251060624	0.0085676777230936	-0.7279223212394995	-0.3196753242703593	-0.4109574849918168	-0.8356696851220452	-0.771342937203177	-0.5488979024772135	-0.5400811653313952
ENSMUSG00000058254.13	ENSMUSG00000058254	Tspan7	DOWN	0.631072631072631	2	11	0	5	0	6	0	6	-0.32075179800170184	-0.2675003241641982	-0.14669873121989715	-0.32523164731510723	-0.28040710169942745	-0.5306697117723754	-0.07171286000207086	-0.3018377072710155	-0.233162941057381	-0.4840465061792864	-0.3710922824164813	-0.3340543112464275	-0.0062635281216146	0.1532833286679761	-0.9661969830254848	0.04082968244175	-0.6529993095801939	0.1008441754967118	-0.1879660977862505	0.2342471249228472	-0.1002579892418811		-0.0431677307622606	-0.2751107811555651	-0.0082623048951706	-0.0173335563045143	0.2073300362881444	-0.3380835325234473	0.2204075713974435	-0.3295740219966994	-0.2464862228217639	0.4785434129116337	-0.6465411764012473	-0.1015873057730056	-0.627802411832608	-0.0035178205183574	0.0066450225591402	-0.5599563405868987	-0.1216436674833776	-0.2662409193555173	-0.3018377072710155	-0.4934956881637456	-0.3883848475398735	-0.1450623608053222	-0.5265498652371087	-0.1672830633027577	-0.4974463741661226	-0.1092508104889063	-0.4601274805815951	0.0360813599133327	-0.1248043723778064	-0.233162941057381	-0.474456995151992	-0.0973890874373431	-0.4300884888060222	-0.449907824026216	-0.4238318145386469	-0.6880943455410636	-0.4840465061792864	-0.8224337941571007	0.035093125792368	-0.881466823756682
ENSMUSG00000024395.10	ENSMUSG00000024395	Lims2	DOWN	0.631072631072631	3	11	0	5	2	6	0	6	-0.43619812310459294	-0.43183889274742904	-0.2637117651817306	-0.5916862352569386	-0.18137146436094903	-0.7080230276187537	-0.1391672622095256	-0.533023435821643	-0.330654349673215	-0.7436042844191075	-0.1449546240900469	-0.117778813048677	-0.1391672622095256	-0.1294518791669729	-0.9057107498087268	-0.4473770690511355	-0.5257955480122656	-0.8014685520254823	-0.866697542737585	0.0589125515210791	-0.1387640984290898	-0.9838046598644804	-0.1125030548146901	0.3740960421436249	0.161360354495414	-0.2754295745420048	0.0372615541532367	-0.3991017733028585	0.2123916286157352	-0.0699823934923173	-0.3882958583482497	0.2590869564785508	-1.3993904517639977	-0.4894400966309086	-0.7473085232647468	0.5389778804051628	0.3201178968842318	-0.7200949112820892	-0.533023435821643	-1.049078773726153	0.2090930917383726	-1.327993732506653	-0.2158329136018403	-0.5048729715985646	-0.4308512220289276	0.4926493965702919	-0.6089881844262077	0.6062814258014733	-0.8618490033749324	-0.0500799674729952	-0.330654349673215	0.00015207480393095776	-0.3621787028160625	-0.0062644359159595	-0.4433031394378352	-0.7921548711297656	-0.6488041791978736	-0.8116434765542937	-0.7436042844191075	-1.1323074484928872	-0.0856792991454119	-0.7419676343919357
ENSMUSG00000033773.15	ENSMUSG00000033773	Rpap2	UP	0.6281866281866282	17	0	4	0	5	1	6	0	0.41926236767869185	0.3770156315885166	0.37569291886638867	0.44298633548523514	0.187230518196432	0.6711396981667116	0.3501193558216972	0.403911907355336	0.144443876929659	0.771409077725856	0.4197748394694288	0.7664420651700292	0.1387164134613342	0.217956062318835	0.8445606348775103	0.4737094841038589	0.6066628017033459	0.3501193558216972	0.2148079118752847	0.0918948059141298	0.1350316392220895	-0.0377522304812803	0.1999245894158403	0.6124541173204069	-0.0281287094076978	0.3327938121052982	0.2642816141956023	0.7062995301862209	0.3613099293257863	0.8542387799800915	0.5323763848112191	0.0134320082185474	0.7765757318449811	0.2235476925240624	0.4658561007940579	0.3906304729161625	0.2161929717056525	0.7154703067012191	0.0319031146235086	0.3677969848997415	0.5232847735939695	0.9079812288796676	0.1505560323432035	0.403911907355336	0.0385938674378395	0.268785222370892	0.4848559148544356	0.0653331907282385	0.7169749139899207	-0.1973808846609133	0.2642307612471701	0.1423637206363366	0.144443876929659	-0.0546378185353817	0.1859729351625552	1.005530533873202	0.8545365945754729	0.771409077725856	0.7230489908453204	0.916806489655924	0.1195705123228866	0.3070756881683192
ENSMUSG00000035620.16	ENSMUSG00000035620	Ric8b	DOWN	0.6281866281866282	0	17	0	4	0	5	0	6	-0.6019365685258271	-0.47143116696056686	-0.3681724152936087	-0.6484013323454427	-0.25564390529970277	-1.135528621164554	-0.2703651706898576	-0.6724971632312761	-0.0966815312748077	-1.2009518390189748	-0.6042198368796091	-0.6219707462336193	-0.2205627897593171	-0.2393278836429989	-1.0357928856319978	-0.0849549777603831	-0.2082065175964466	-0.2106964184730747	-0.2595378552505458	-0.1691383622282642	-0.405589930334718	0.0473711952060794	0.0033529552409723	-0.8113007317042382	-0.0539153542945808	-0.0443357589701325	-0.4182241061150731	-0.6237791166731097	-0.6081761693702528	-0.6024372618837964	0.0364329721965502	-0.2703651706898576	-0.8492443412429508	-0.0465198437500999	-0.4588466586111113	-0.4562739722333075	-0.7243956462415528	-0.6130055911701773	-0.0939066056802561	-0.9103277610424574	-0.7316295665449175	-0.1057082879525628	-1.411734350796452	-0.6724971632312761	-0.2757014067681161	-0.8050364095430045	-0.0966815312748077	-0.0965614520127185	-0.7984207138850248	0.0855654676157188	-0.4273084689495643	-0.3403004410179769	-0.0693492813344445	0.0735856020188396	-0.061874323145632	-0.6097332647401037	-1.2009518390189748	-1.597425592140954	-1.5006950894790916	-1.1521984679989394	-0.2927094292497766	-1.5949866655240392
ENSMUSG00000032478.15	ENSMUSG00000032478	Nme6	DOWN	0.6273448773448773	0	12	0	4	0	7	0	6	-0.3257809861368152	-0.31669001144561226	-0.19665095696322787	-0.3672043787541511	-0.2393445770682379	-0.499924031761644	-0.1634779997570969	-0.3780043409117273	-0.2553756819794973	-0.6235578186214623	-0.6132589259345189	-0.3762065562409483	0.3109556976419146	-0.2505470260262504	-0.6615989973785833	0.0077127447533064	0.1626540670026842	-0.1112424110996911	0.1151121839266376	-0.1634779997570969	-0.2289729015132471	-0.9615104894035094	-0.3170105894525643	-0.3272092123833339	-0.0207829814049092	-0.1319645940200211	-0.152867111246679	-0.1682342583627577	-0.2837000349731345	-0.2022327303224611	0.1436470917182868	-0.0571963951953745	-0.910226618259516	0.3599709605115196	-0.0612737270409525	-0.2926562705283083	-0.1174587530176439	0.0083089091882406	-0.0224877858714134	-0.3709312607171382	-0.6315079086953315	-0.4938546821549844	-0.3780043409117273	-0.6819535821167031	-0.14210634443881	-0.1728619754249327	-0.4818275036839606	-0.2652513036730174	-0.1618043321287068	-0.1075351832913733	-0.2761045166549372	-0.089376800135807	-0.370409946115334	-0.2553756819794973	-0.3101367602242406	-0.6469104803458732	-0.2890044725000356	-0.7118183535014627	-0.6235578186214623	-0.2391190265620942	-0.3634138049946128	-0.6256442658059671
ENSMUSG00000046679.17	ENSMUSG00000046679	C87436	UP	0.6244588744588745	18	0	4	1	6	0	5	0	0.2908316019671159	0.32721187283122233	0.3445861758209985	0.30831506134843917	0.22385623155744802	0.2865689391415779	0.3433158463392697	0.4356962965453024	0.2006958485179764	0.3111078993231749	0.561505007988228	0.3957542664737173	0.3655432033204426	0.2563343966377978	0.8658811407607931	0.1801721024540877	0.3379793890905947	0.1725573709052719	0.4096267842594773	0.1651821149362619	0.4100647889826746	0.164344012643385	0.1986902194718817	0.6830738833250446	0.1267185922583498	0.3433158463392697	0.4611434167472239	0.6252143139718563	0.1701627199463998	0.5266338595699144	0.2177240783997142	-0.0955480064833752	0.8897455312335828	0.4151608555996979	0.4131739686222141	-0.0336912909287749	0.0773641806412293	0.6219812620360258	-0.2776250065340797	-0.1048938875770126	0.531452002892129	0.4356962965453024	0.8698746927406276	0.0817200693360817	0.17564200080337	-0.0371490076756766	0.4315045293741472	-0.0428869937202019	0.492744759251959	0.1114807357779372	0.2006958485179764	0.2511668475025834	0.4748370697336299	0.1443747044271989	0.2600080531390047	0.3342011490045828	0.2117746467491829	0.3111078993231749	0.3417493287548587	0.1548650928828042	0.301775025570617	0.3505094317058249
ENSMUSG00000028859.15	ENSMUSG00000028859	Csf3r	UP	0.6202501202501203	20	0	4	0	5	0	5	1	1.6376913091972383	1.3242812586354105	1.7293897497204727	2.6776474465322813	1.3744668302301943	0.769261210306006	1.7264504618663077	2.778068280928567	0.9212529512484459	0.9221120554045132	1.1764005676116158	2.081289081320965	0.7515724367817415	3.388178621160799	1.6380445865221496		0.879155185929724	4.333397306472184	2.150638966112389	1.9245154378115523	0.2246432616751802		1.5028395488088897	1.5686096461505552	1.8967738058117576	1.8148563372104656	3.4684611982118168	0.7464732339214719	1.8988405226166012	0.968406556448573	2.1868007773414906	0.1072465224952966		3.499676934118323	-0.0130768941734032	1.9696525976657169	1.341957755265488	1.654376681387136		2.688333342015287	3.500076542884856	2.8678032198418464			0.4908537734129328	4.476748569796053			2.1570229739041045		2.4917615936479565	-0.3882061214023913	-0.0749520500139944	0.8684164514639021	0.9740894510329896	-0.5910897863317857	0.740126570523725	1.197923411608191	1.1040975402853015	0.7375705867394684		1.4269389390111358
ENSMUSG00000034801.14	ENSMUSG00000034801	Sos2	DOWN	0.6194083694083694	0	15	1	4	1	7	0	5	-0.27577866462731476	-0.24172905162456415	-0.1965179505088486	-0.26624800469521404	-0.19870747523415302	-0.44164122807104345	-0.2284625357958011	-0.2549955674533272	-0.1926191178209819	-0.3744113059386391	-0.0423448625508951	-0.2944014968618333	0.1085265893426192	0.1279183844429993	-0.4773704835357176	-0.2618487265559052	-0.1613853738607339	-0.0995956222082844	-0.5337995164910364	-0.0109479356134615	-0.0065357304235395	-0.27143589837003	-0.3300586410390484	-0.46825697942539	-0.34603048178899	0.0522077440918812	-0.2399748201864087	-0.2209289582805663	0.0818809531804449	-0.318918142062983	-0.2284625357958011	-0.1075989517954119	-0.3548942636301413	-0.5393319708531448	-0.0417170682488142	-0.0814180704342935	-0.2392618047844273	-0.478262281109943	0.1568017297823289	-0.2549955674533272	-0.0502522181003388	0.0595379741319149	-0.7716806810965152	-0.5248849890206179	-0.2648233440749206	-0.6456057111355938	0.3454325092860837	-0.1926191178209819	-0.521843784885043	-0.1283114990267693	-0.2141873137545305	-0.1367714650646811	0.0182391377619357	-0.2692910136849403	-0.176000625176242	-0.1368020332681612	-0.2903258777520897	-0.5379609765446629	-0.637346213157686	-0.3744113059386391	0.0086267025623279	-1.123268892398393
ENSMUSG00000053604.6	ENSMUSG00000053604	Rpia	DOWN	0.6189273689273689	0	16	1	4	1	5	0	6	-0.4844757053202301	-0.49094860273928914	-0.4846272540448356	-0.6504540491237345	-0.2591426292185968	-0.5436788888937536	-0.3905381057108728	-0.8568400177471996	-0.2663878205422402	-0.5913590997677055	-1.102894397947571	-1.1316649417630291	-0.2241167459050573	-0.4035705837745405	-1.3487023375202798	-0.3907463597276559	-0.8847321586927038	0.1241818015452873	-0.2553113881113774	0.0368266588496808	-0.294662832985463	-0.6077024116437307	-0.3073369114644945	-0.8965728920305086	-0.0452674764884169	-0.1389022900693818	0.1759085251078277	-0.7611811309442131	0.0005006048139018353	-1.045390855063064	-0.3905381057108728	-0.24593824580152	-1.315770394940358	-0.2815499891109772	-0.3606312415699824	-0.4979053641829623	-0.4912643940790955	-0.8847684528494892	0.1738545821876657	-0.8568400177471996	-0.1710766656691673	-0.9122808736989584	-1.3986266104661542	-0.5034403056228389	-0.5089490545624747	-0.66182400846782	-0.4198305116313637	-0.1626807435182225	-0.7080361517109746	0.0864064766216252	-0.2663878205422402	-0.2675134427465516	0.0209597883431127	-0.1529884320734229	0.1902749788837672	-0.4697930178596889	-0.5913590997677055	-0.6779656869481543	-0.7239521469603251	-0.3268257878382397	0.0670125451579087	-1.0828690280400703
ENSMUSG00000022749.9	ENSMUSG00000022749	Tbc1d23	UP	0.610990860990861	19	0	4	0	5	0	5	0	0.349773285782181	0.3441852215993922	0.42040683452305755	0.42286141235917196	0.25791991388111407	0.29790498236538027	0.3815161142851391	0.4491242611244164	0.1326016847427727	0.3068543289136453	0.1702323700783446	0.5216611177519401	0.1199253658349319	0.4906152742708436	1.0837577343481677	0.4312726438974094	1.1491711545063612	0.3293066756162031	0.4099432642631463	0.1771990522386185	0.1192990806136745	0.6273291188095242	0.1103961536180988	0.5002490592608352	-0.03382227600616	0.2881802900107699	0.3111678546501042	0.9227425483453696	0.1804443956420045	0.7255220641007841	0.4000253417128874	0.1145664404756059	0.859722990383144	0.2367653904394577	0.5828615523592904	0.3815161142851391	0.1409337606160573	0.5126053126513009	0.0808688216546937	0.4191031028950218	0.4491242611244164	0.6264474069674488	0.4155236973516158	0.4563572838697062	0.0061278953326664	0.1326016847427727	1.149922225170542	-0.0057341232205148	0.6127819034014783	-0.0008589760877002702	0.2401977544616038	0.2188599606063574	0.2786432367941971	0.0928329384838898	0.1117445530069615	0.4658183387910011	0.6822093619657638	0.3068543289136453	-0.1288197057204754	0.4739766747184206	0.2201199130649555	0.0651759648243509
ENSMUSG00000040652.18	ENSMUSG00000040652	Oaz2	DOWN	0.610990860990861	1	19	0	4	2	5	0	5	-0.3736339992639468	-0.3701277123136797	-0.4961020776856155	-0.5317390560433541	-0.12543179268870272	-0.34126307063811473	-0.5072599412671625	-0.4577856307988982	-0.1419844279741228	-0.2824697938284612	-0.5072599412671625	-1.765873466091844	-0.2100322184758257	-0.5361729044258976	-0.945980161025662	-0.5465344976354666	-0.767153558310699	-0.0793277332693783	-0.4251320875495241	0.0956180434642363	-0.0381041528809112	0.292966234600711	-0.4846801875731917	-0.9027091432801098	-0.1940742448172967	-0.1418846168002622	0.006975831770614	-0.4595446621302849	-0.8547432731532187	-1.227492765039906	-0.570816774067976	-0.0989041415528279	-0.5313309091346682	-0.8033466097912876	-0.2605892983530926	-0.688667723281593	-0.7499611374390911	-0.6116061429448917	-0.0605002617258543	-0.1694789171184084	-0.2573368720943898	-1.3141338488530336	-0.4577856307988982	-0.8513317187680031	-0.2152626692550274	-0.4023450146528797	0.2638423665434751	0.0689834622833447	-0.4593436789933272	-0.0367129347699371	-0.185402489207042	0.0594259800857526	-0.4642936369730409	-0.1419844279741228	0.1333433233370748	-0.5183953640398441	-0.046951159253425	-0.4817364575070594	-0.2824697938284612	-0.1810062845796899	-0.1526952465637501	-0.7255871886945735
ENSMUSG00000001520.13	ENSMUSG00000001520	Nrip2	DOWN	0.610990860990861	0	19	0	4	0	5	0	5	-0.6777284927915113	-0.6101957756221748	-0.742787900496891	-1.0570042782262965	-0.3446352927101478	-0.5664864997327095	-0.6624016175349757	-1.1745073227699865	-0.2636631005492461	-0.5579899337093739	-0.635083748978447	-0.8235581753859778	-0.4676007240116941	-0.1844794983394844	-1.7617012392313225	-0.1986829424391632	-1.5665071790386775	-0.5729763306083646	-0.8297704032343669	0.1676879868147143	-0.6624016175349757	-1.0214354543177824	-0.0894065964553654	-1.1003018940163882	-0.4535722652353455	-0.1276929700682265	-0.4310309403731087	-1.209569837556026	-1.475230836671092	-0.7283308296217578	-0.7691525955223608	-0.0673505449182886	-1.7328405824231867	-0.1899588349289821	-1.5185002118560835	-0.3589417956149395	-1.246883251849367	-0.8800324470220052	-0.0409139427736689	-1.1862161698415663	-1.1627984756984069	-1.5488507710769088	-1.5232138629452223		-0.0718276223313702	0.2664681439194303	-1.1067038285221535	0.010438032641699	-0.8932081697373302	-0.2636631005492461	-0.5662836764604978	-0.4353699006314153	-0.7575247744045598	-0.0765058402210928	0.1031925164849097	-0.5750876736365416	-0.4289479437989389	-0.7833898938407693	-0.8000284859486188	-0.2791305665352446	-0.5579899337093739	-0.5408310006594793
ENSMUSG00000032035.17	ENSMUSG00000032035	Ets1	DOWN	0.6101491101491101	0	14	0	4	0	7	0	5	-0.42485169833253544	-0.47079376040795473	-0.4272099460323059	-0.34875497217858914	-0.396783326624687	-0.5266585484945597	-0.3508890883844659	-0.3911366896439205	-0.550450831171989	-0.5957502181094911	-0.9637465747979412	-0.0716849895410486	-0.2456062108086149	0.1126306908498782	-1.1599122506406292	-0.3924563987748067	-0.6664510655320457	-0.5373399605151662	-0.3508890883844659	-0.2316150643126447	-0.6664803464446462	-0.1865420933492606	-0.1204458252837658	-0.802187696090001	-0.026050234733183	-0.7113595994857587	-0.1201283005225649	-1.2386972868571746	0.1940106898356553	-0.6034122779889153	-0.305062454654513	0.1209774223737519	-1.0424004098974289	-0.937904335859374	-1.2598169925522176	0.1849307948807767	0.4929713162138466	-0.8855568420591818	-0.7042965363283574	-0.3911366896439205	0.0563561026259749	-0.0475932481472377	-0.7699471325216635	0.3008895408242619	-0.6691324232759441	0.1746914644783056	0.0636348369502944	-0.550450831171989	-0.7259176535955163	-0.1946769975313601	-0.1278709502976037	-0.8190403718648126	-0.67692889262202	-0.1931467229014568	-0.6457780510394536	-0.7933972882536434	-0.1199152522392013	-0.5957502181094911	-0.3655021877840045	-0.8392908816916494	-0.2603055048084335	-0.7124485065754952
ENSMUSG00000021559.15	ENSMUSG00000021559	Dapk1	UP	0.6096681096681097	15	0	4	0	5	0	6	0	0.6856188751613352	0.5292345604989644	0.6234044527424702	0.517804655127769	0.40363263343880645	1.197633759336295	0.5274734914639552	0.5309956295339737	0.3528156016221047	1.0592564115882608	1.6561212049327731	1.1819696572752765	0.5274734914639552	0.1986801682179062	1.279160475798565	0.389667968834514	0.6663834332020057	-0.1788688280377111	0.8751386575941865	-0.2574637194700342	0.0759322085263902	-0.3912888469496409	1.1029160429800005	1.6992639432773324	0.218018124460364	0.3202904783293459	0.7021498434125641	-0.0773895235507964	0.893810375398267	0.5745800627183569	0.2519126570069164	0.2699395542211296	1.430187016315664	-0.4702328102548826	-0.1944847621101394	1.4630891797335772	2.624964170720811	0.3907373520704186	-0.1291045243734197	0.8393006981222431	0.0988791596511837	0.8104663130197786	1.0833579578702044	0.5309956295339737	0.2340342485473127	0.9392860506951152	-0.1619253601350314	0.0913360874084958	0.9764686913405082	-0.3362030586887196	0.521871019232067	0.3528156016221047	0.4024644670464696	0.2634673008183196	1.1563439199402294	1.7532167785501744	0.4568752587503337	0.6013419893490762	2.3427077001863785	0.0985465724225641	1.0592564115882608	2.071491604507276
ENSMUSG00000036632.10	ENSMUSG00000036632	Alg5	UP	0.6096681096681097	15	1	4	0	5	0	6	0	0.3818582425457269	0.35054489040778636	0.28547302877458014	0.37493698904021483	0.279149864115283	0.5878730882528298	0.3115756965564953	0.3895140842590774	0.1457213709847947	0.7150227218322157	0.1682299907471008	0.3115756965564953	0.4913545086215006	-0.1987151786644303	0.688612523799649	0.4305194971411292	0.3369225210470309	0.1409363466368554	0.4646865260981927	-0.044736731966628	0.1487410788789876	-0.672429128414004	0.1887915453358025	0.6853142805936151	0.1432512326595198	0.1810649577270039	0.273320046792836	0.5181770718465359	0.2128109125640153	0.6655891318428254	0.3538025752012469	-0.0383408525122672	0.548842261172902	0.5815550651168467	0.6137783768153222	0.0269677699937035	0.487149751281877	0.9494613118041744	-0.0646924263568481	0.4455625115722312	-0.2112284529954936	0.3895140842590774	0.3824895897953956	0.7334523052029667	0.1090252056288294	0.8341392927429431	0.1268411478528358	0.0896291755810052	1.0219993072541358	0.1457213709847947	0.1642540137840455	0.324932304966008	0.0569857554299881	0.2911855720208983	-0.0940646409773708	0.4250014916062746	0.8847338641034165	0.4057149875654642	0.7947342818077116	0.992262123660159	-0.102357852805433	0.7150227218322157
ENSMUSG00000029730.17	ENSMUSG00000029730	Mcm7	UP	0.6017316017316018	18	0	4	0	5	0	5	0	0.42804791070097425	0.4307636539917824	0.48847997435802043	0.5540305072840817	0.22339674901671486	0.4462844121450803	0.5852266028035592	0.4345097245002756	0.2700054164088432	0.4270175834832893	0.6593601803257921	0.9465144169993432	-0.0598560017050311	-0.1051974756627367	1.3164992133509603	0.6356220090101775	0.7977494937816899	0.2173095723225598	0.6532586013675243	0.0156766184354304	0.3516708241373628	-0.0036919742652855	0.3799284871462408	1.3143259925260562	0.0042748255557511	0.2926960627328703	0.5354160599520079	0.6379530447600993	0.788806712544994	0.7144653655861705	0.5599331112382733	-1.1411904086632407	1.2230338102176304	0.7458468625285669	0.3436026737216024	0.5852266028035592	0.7797246269181848	0.9500169706165644	-0.1095269919006231	0.4345097245002756	0.1458234003624708	0.2155393086589964	1.394536557956349	0.8473145807945387	0.3340102319979597	0.4493348391226118	-0.1979118035257583	0.005496331099001	0.3688274366094116	0.1460868115168815	0.0121756876092361	0.2700054164088432	0.3724654433291866	0.0610028161514384	0.635871028865052	0.0859766680635915	0.8902674972524022	0.4270175834832893	0.6806299923970048	0.2177989515416034	0.1677064700354387	0.6545937222422327
ENSMUSG00000042642.14	ENSMUSG00000042642	Flad1	DOWN	0.6008898508898509	1	13	0	4	0	7	0	5	-0.30849163907384847	-0.3260962857995048	-0.239373371624657	-0.3315851293396263	-0.38858260610285117	-0.27442544922825934	-0.2395451913993065	-0.3692970492616068	-0.3755530179661323	-0.2828955223374028	-0.6545772860268179	-0.2581419752164272	-0.1763280199043257	-0.0331928253447405	-0.477317925210857	-0.2243003943013904	-0.2487696502015737	-0.2821246164595602	-0.3241425728833257	-0.0252303937648892	-0.383093672585972	0.3523784448629221	-0.4236414163498211	-0.3939131701624689	-0.0238711437357464	-0.1175777567729408	-0.2263544730627072	-0.2478903556914267	-0.189313205207746	-0.364775989952048	-0.1701000597102273	0.0739496650502417	-0.8687318146987465	0.0212093357763282	-0.2136019740012094	-0.2395451913993065	-0.3440825969109566	-0.1401809877536009	-0.1307809598218492	-0.3692970492616068	-0.1365758921261873	-0.4114565500094782	-0.6765692609364378	-0.456235205468224	-0.6235514559624245	-0.4000001783722182	-0.8782145516586972	-0.1615053788666638	-0.2952282072870527	-0.021231916751624	-0.3755530179661323	-0.2099795735993374	-0.6791859550389318	-0.1483225340419231	-0.4816358975863581	-0.2920473228694381	0.0579306032985157	-0.5339860129490912	-0.5338699199974407	-0.1161768687673825	-0.2199331009755759	-0.2828955223374028
ENSMUSG00000024219.17	ENSMUSG00000024219	Anks1	DOWN	0.6008898508898509	3	13	0	4	1	7	0	5	-0.45702227176139054	-0.45787606739105446	-0.2178508729933011	-0.6177708707455248	-0.3747082225579582	-0.6177591207487781	-0.240892358206576	-0.4939202940790669	-0.4218318407030421	-0.7184604677273648	-0.0774257353238296	-0.3579218632276088	-0.4146958308511083	0.0272371551029035	-1.2315632733790696	-0.2367869248500048	-0.4797732093550663	-0.3797342756636548	-0.3265989167984096	0.1585581638519605	-0.4126611970183469	-0.1654259697269207	-0.240892358206576	-0.1104710996417364	0.3352580228464691	-0.4350256396334929	-0.2031799824122637	-0.8322814006192485	0.1353406998086302	-0.384513705189638	-0.1432808389848056	0.1447519312563841	-0.7043771559649502	-0.2599170541556287	-0.879065619287716	0.7883730281384582	0.8040994784661395	-0.4939202940790669	-0.3099425223892918	-0.2949833194084347	-0.444132273255015	-0.8727729754865422	-1.3451966750240532	-0.5634480355762701	-0.4218318407030421	-0.6480978091494232	-0.6994283311954506	0.1906140556593971	-0.766330359280356	0.3427903315876545	-0.865155111866528	-0.5077984096143587	-0.4153656297526755	0.0094237896752057	-0.3406111334979632	-1.0328515483326766	-0.2521477963265326	-0.6208545032533128	-0.7477128593010703	-0.8030783954610138	-0.1492082748394759	-0.7184604677273648
ENSMUSG00000040297.13	ENSMUSG00000040297	Suco	UP	0.6004088504088504	14	1	5	0	5	0	5	0	0.4141608930852975	0.36029851075026836	0.34461974836685594	0.5782952701455946	0.31382244329807274	0.4199061105306668	0.287067308947053	0.7065586066719377	0.165571660504918	0.4335297125534837	0.3824971905674371	0.6230977914400188	0.2426344428846862	0.3318441266233474	1.058063382614986	0.3010109099537903	0.8210146716894845	0.2007798901538977	0.4407277514406997	0.1495464843824243	0.1358808463943272	-0.344272702833397	0.2397936703641164	0.7245164509686837	-0.0395667966752422	0.0026403639775215	0.1542681336161666	0.4468506484364213	0.0996053300454617	0.7606742532999322	0.1621806245195391	-0.254354415879229	1.0851783431613538	0.1387659964829551	0.4370282606417113	0.287067308947053	0.7172602486869639	0.7065586066719377	0.1949585945536657	0.922506002415176	0.0971191075275909	0.7481235030026246	0.6649876940584108	0.7138133827897566	0.1132947830402033	0.5451110117820753	1.0217678273346378	0.0367105403033675	0.511047703376302	0.0016637444329984	0.5718475458883863	0.1110704057359809	0.2493842672755675	0.1245773866043628	0.165571660504918	0.5303354949201229	0.7520172926495355	0.4335297125534837	0.0264128642080011	0.7478780495086561	0.3012580387627536	0.1479113211121143
ENSMUSG00000038290.16	ENSMUSG00000038290	Smg6	UP	0.6004088504088504	14	3	4	0	5	1	6	0	0.2929889698624073	0.2406220057215137	0.25956145039709827	0.33587017400080105	0.13778673414645995	0.43873752090527	0.1791772371708457	0.3020667742721817	0.1100471691802489	0.4754349904082937	0.5444168963989918	0.6502413990292634	0.1726072712155296	0.3238398980246684	0.751355729668298	0.0498349874837435	0.5828399351661236	0.1763231269557151	0.0471775794007544	0.1485076476364497	0.0407510156327055	-0.4810228376544033	0.1311098774813885	0.5456297660917626	-0.0747754924992632	0.2471068971024455	-0.2921698978035533	0.6495685831628772	0.1029704846231332	0.3362988694812957	0.158793092512484	-0.1032017570570349	1.2625905724408433	0.1791772371708457	0.3472841196488073	0.2706120630001854	0.2402920964075962	0.5890663438324827	-0.0061684108470918	0.215192393207254	0.6829888085777689	0.5011837567282094	0.3020667742721817	0.0667615522348022	0.1100471691802489	0.0909044598038117	0.4872928723738424	0.2158698785390088	0.4625167729494504	-0.0754450795492687	0.2367391956467015	0.111407567536401	-0.0932753078623211	0.0828050377243967	-0.1132084907312121	0.2289369580875207	0.5968456391388265	0.4042111546610946	0.4754349904082937	0.5096491659359675	0.4794571039311439	0.3766276341740431
ENSMUSG00000016831.13	ENSMUSG00000016831	Tox4	UP	0.6004088504088504	14	1	4	0	5	0	6	1	0.2290958958659532	0.25554423179187036	0.27607657173695893	0.25033957784270744	0.08541185190999619	0.30455558197415006	0.2284986294948824	0.2825898340888583	0.0769429308254971	0.3170635192606266	0.1103387212208542	0.846137285211244	-0.3994286382560756	0.3672334322322713	0.9828986313502924	0.1867375722284405	0.3579035520300163	0.1266281688075921	0.0387014110589761	0.0857129016470237	0.0891172831468143	0.5499426018830986	-0.0149904321555105	0.3322656971797775	0.1050961641656388	0.1562860034656482	0.2407831946195528	0.559649149567202	0.0424724472119149	0.5546203608517674	0.2396026316765548	-0.042676681053823	0.8246844509683858	0.2284986294948824	0.3327413053492359	0.1523337579473113	0.4007778350488036	0.3257193664434269	0.1901330288295007	0.2501564771972289	0.3106002192652798	0.4179284369504754	0.2825898340888583	-0.0247503178758177	0.0908270777661032	-0.1384850603631286	0.0074091201746858	-0.0895132082535445	0.2778798239676597	0.1214541321540026	0.3683432708455264	0.0436161674941435	0.0769429308254971	0.0013434375912846	0.1797126788077283	0.4004756740049781	0.6511516641278462	0.2355813719224077	0.3170635192606266	0.5868220874156848	0.1923928589503085	-0.2515981018628013
ENSMUSG00000027259.16	ENSMUSG00000027259	Adal	DOWN	0.6004088504088504	0	14	0	4	0	5	0	6	-0.4240336745586099	-0.3606898695976337	-0.3825007250596431	-0.484872174283745	-0.14641289702257732	-0.6823489018684741	-0.2781520362251473	-0.4432277029701201	-0.1184790457110293	-0.7335579044418739	-0.748146786913079	-1.4121477620594522	-0.0327586685401486	-0.1849706318981694	-0.3355792231283632	-0.4208100015413375	-0.5772521350547242	-0.0276258091645114	-0.4752767595043263	0.0396624004615955	0.0895142142160105	-0.2781520362251473	-0.2308266200409632	-0.7802703509119345	-0.0902036251193125	0.0255943534780189	0.0550196696585056	-0.1581186068739076	-0.7320802866933356	-0.7292161125479428	-0.2446306895948854	-0.1596055025242974	-0.8336859629854111	-0.7546689519204008	-0.0701864951217609	-0.4692107930505207	-0.7918864030105616	-0.5609290895540657	0.1202005732885021	-0.4432277029701201	-0.4051253177791277	-0.4193624879679337	-0.8535363445149502	-0.8321248504885199	-0.3168085932874171	-0.508860921520766	-0.0883266349420828	-0.206040329335403	-0.4607144984611817	0.0821975587711646	-0.1184790457110293	0.0651748382257427	0.146747790432818	-0.0753113424216772	-0.1301206889985187	-0.5518552208162089	-0.8804426343661235	-0.9830826338570507	-0.5864831718116948	-0.9357808290441236	-0.1052399187422429	-0.7335579044418739
ENSMUSG00000074622.5	ENSMUSG00000074622	Mafb	DOWN	0.5990860990860991	3	10	1	4	1	5	0	7	-0.7469920101857495	-0.5599298235702581	-0.4341482657808239	-0.5830269531120829	-0.3500303699209932	-1.6207624519290975	-0.5277589324697516	-0.3624122664487321	-0.5921007146707646	-1.430430468007654	-1.6167976048061103	0.2845217867233786	-0.9555418546741568	-0.6610157255695462	-0.4264059874108981	-0.0780998996651295	0.3098178596817569	-0.5253392184989681	-0.5588704021770664	0.4857478091663933	0.6897600226450562		0.6408946316313626	-1.1936763670548605	1.399167351109452	-2.251512938947416	-1.1655086507169783	-0.5301786464405349	-1.4849325641853854	-0.9817206961395736	-1.154712275759057	-0.0616501145618992	-1.09925196531836	-0.501884358001274	-0.6824343283831973	0.3135600153812738	0.5182092116703179	-0.1605454375964015	-2.560719961934488	-0.3624122664487321	0.5584348011991507	-0.7928754649094205	-0.0790473822171127	-0.6840229598775768	-0.1346321086986593	-0.6741169809718593	-0.8445287862110081	1.4045289109075252	-1.193650522045095	-0.7181092747462907	-0.5921007146707646	-1.3032624214344053	-0.0023780566987742	0.1704908538812509	0.0374250315571549	-0.9188077741570864	-1.430430468007654	-0.3979434913556324	-1.6565313672407116	-3.216187544286324	-1.1417368844019486	-2.583699634054325
ENSMUSG00000026932.15	ENSMUSG00000026932	Nacc2	DOWN	0.5953583453583453	4	11	0	5	0	6	0	5	-0.36460802438137013	-0.3264014813064563	-0.13012644483604022	-0.54556614231658	-0.36571618383581317	-0.41702332653704727	-0.1890830247322153	-0.558312787639762	-0.2585654450433328	-0.3942375175695798	-0.1890830247322153	0.1749955431884857	0.2832809605988312	0.1010768569190433	0.029990537004744	-0.5080911352622365	-0.2356160197221718	-0.0665581085228413	-0.2162612338614671	-0.2295681915868969	-0.331482175200324	0.8075401954136018	-0.1109445514970745	-0.6588906445100701	-0.0739852039689782	-0.5083585316422364	-0.437018344206485	-0.2713636617740096	-0.0630925908281136	-0.1275557138735087	-0.4642503726486622	-0.2145254304775245	-0.0069003564486849	-0.6035048918505627	-0.9698969723456268	0.6885475762730991	0.6881014749887991	-0.641698312798348	-0.2028711775426648	0.1605057647231825	-1.0653739683128365	-0.2745260587681374	-1.2366864558774933	-0.558312787639762	-0.572312383119052	-0.2234025237376329	-0.8348983773639507	-0.0463910419915923	-0.589860354581326	-0.0040960186552354	-0.0444732849733835	-0.5496482487799716	-0.7554959728601991	-0.1437343710882693	-0.2585654450433328	-0.5759278360314838	-0.3942375175695798	-0.591863297747551	-0.0096508984953263	-0.2976213501077647	-0.23597721164622	-0.8138851741614052
ENSMUSG00000074793.11	ENSMUSG00000074793	Hspa12b	DOWN	0.5953583453583453	5	11	0	4	1	6	0	6	-0.4743919542209585	-0.4437065289907083	-0.2075874159613208	-0.6491088942425726	-0.35538714275594646	-0.6854843639239939	-0.2756316994550261	-0.568147054820592	-0.3192660031608245	-0.7077203793151741	-1.036538007417963	-0.2903481091590371	-0.1115352607993274	0.097298545313667	-1.4250670539705352	-0.4910241352254493	-0.6914048750023782	-0.2155176801988994	-0.4260599089509477	0.5457253333876309	-0.2756316994550261	0.8860767144476569	-0.0525576404133422	-0.6078279090628023	0.2487548150108125	-0.3078363355784608	0.1357038394319304	-0.367124850082927	1.1347788022719694	-0.1537211387822214	-0.2222990007546851	0.8561527068290918	-1.3699213069620146	-0.9384450344086966	-0.4460432867804308	0.2725065041062063	-0.3529542587494829	-1.0628168525000763	-0.5235580916558319	-0.3614492759115821	-0.568147054820592	-0.9294682589063554	-0.4584139438943433	-0.6399087820092266	-0.4866013189847973	0.4776106723310643	-0.6628551433981518	-0.1163737788895651	-1.0777171179528622	-0.1197992148150846	-0.1261982438589839	-0.3192660031608245	-0.896374334447299	-0.1061508969430501	-0.4755331901958562	-0.8719612236248777	-0.4623897739861646	-0.7077203793151741	-0.4919240046273239	-1.086640663749071	-0.0738551578735783	-1.1038993442917675
ENSMUSG00000062619.7	ENSMUSG00000062619	Pex39	UP	0.5924723424723425	17	3	4	1	5	1	5	0	0.49884331369550095	0.44193026978541267	0.5428206774378618	0.6007191780268588	0.38973748150675824	0.46209591781052495	0.5333401992749656	0.356646924304444	0.2241251643683025	0.5272136152663813	0.1811045806500981	1.307451236937386	0.4160146321454155	-0.4476428682381977	1.656852945537243	0.6557204164003955	0.9037957151676844	0.0094505968198829	0.9779388364267412	-0.4487343951795201	0.0419487136624637	-0.579392809692358	0.1113509570783933	1.2484869851943037	0.2785776218301833	0.4829497906210472	0.699311381016201	1.0626618277498103	0.5333401992749656	0.9948277417027992	1.1066258440712522	-0.0144671443693411	1.32107087160645	1.0820900798144777	0.543310824232521	0.190510563293679	0.3410031470682927	1.451894263570172	-0.2698263784447816	0.221375575006206	0.0954441603015959	0.356646924304444	1.0577665479537253	1.2917331534966503	0.4976318643134502	1.0703116817008729	0.1040653748212708	0.2241251643683025	1.3424288039454624	-0.2696844640057035	0.6131856010004813	0.7490432610973573	0.0722603682765775	-0.1870327181261555	0.0707773591824246	0.5272136152663813	0.6386220455460281	0.1746034269922236	1.135658621619457	0.6345712532714249	-0.3210780945398117	0.4450805565179708
ENSMUSG00000025092.8	ENSMUSG00000025092	Hspa12a	DOWN	0.5924723424723425	0	17	0	4	1	5	0	5	-0.6346640459696484	-0.7892220440398425	-0.9001189563557209	-0.6661254260563844	-0.21279782193072283	-0.7596139795357656	-0.7825115761356642	-0.7959325119440208	-0.1797849173005692	-0.8738038880581503	0.2479615512041813	-0.4946162338188775	-0.1624398929877749	-0.2262963371080475	-2.664235605111486	-0.843420291045222	-2.0340292472624038	-1.1241569020263216	-1.316659296474625	-0.3220940249414461	-0.2981528241494284		-0.1395315784939298	-1.1514681387087562	-0.4769083296265037	-0.8577038222796398	-0.6919045656281214	-1.7140140235028272	-1.1294021275417834	-1.0830221602253505	-0.6220979502867331	-0.1845398679667936	-1.9327464988166867	-1.4957568685287683	-1.820060791247922	-0.1441941774473729	-0.7216028612261064	-1.1586254326230894	-0.1484357674528421	-0.2564350498361437	-0.7959325119440208	-1.178187450423669	-1.0400768772229538	-0.0851848928919731	-0.1779846495391271	-0.7053073751938863	-0.7053798823921055	-0.1797849173005692	-0.7354924950036906	0.2620567140486078	0.2144597199116649	-0.4706332381334595	-0.3029143138225611	-0.0042685394536093	0.4644729356407851	-1.3080106367484992	-0.1238898715875723	-0.59718564838824	-0.8738038880581503	-1.40580940798678	0.0021791464919648	-1.0107775504730834
ENSMUSG00000047497.11	ENSMUSG00000047497	Adamts12	DOWN	0.5924723424723425	0	17	0	4	1	5	0	5	-0.6571750478118995	-0.5311832682238065	-0.8420110198255727	-0.8766974644750436	-0.22788740954410105	-0.6821042974028805	-0.6130708335456456	-0.4492957029019673	-0.2843193003053139	-0.6709121049777093	0.0375322646807651	-0.2821316827929511	-0.7375170295588206	-0.3574440919774246	-2.472016307204514	-0.4908062975693518	-1.3912099897441248	-1.4258977953336045	-0.5178299502689621	-0.5169203298923023	-0.5289106709069101	-0.1020009778986093	0.017904031100015	-1.2641750554892588	-0.5991018420580324	-1.1224442502279106	-0.5019555659420011	-1.7617183228311717	-1.237288351936643	-0.7759780074471551	-1.4765263667184976	-0.6130708335456456	-1.946992898842531	-1.5083032473582123	-0.6946220333589693	-0.4628355592718451	-0.0020363728957974	-1.744601593995889	-0.1395020811004139	-0.4492957029019673	-0.398930109374007	-1.7799027639840563	-1.248007042006401	-0.3766429579625703	-0.1975387908130034	0.6917726919076589	-0.8487039215822941	-0.2843193003053139	-0.6517382378925677	0.0297109289072831	-0.4859213600926399	-0.4577239767851204	-0.0777480070567859	-0.3264688297637111	0.1019172984913829	-1.9211313052889707	-0.0012306302799059	-0.1666513868348357	-0.6957827487759435	-0.6244069178993021	-0.6709121049777093	-0.6946149877634956
ENSMUSG00000071748.3	ENSMUSG00000071748	Styx-ps	DOWN	0.5924723424723425	1	17	0	4	1	5	0	5	-0.8138600560823134	-0.656740924157435	-0.6617203118756817	-0.8702106038730024	-0.42652700846026464	-1.296982300120305	-0.6957564581882568	-0.6177253901266132	-0.5602582902377189	-0.8988290004531609	-0.6139731370135875	-1.5423193039798917	-0.4820842197475665	0.5220399218679195	-0.1582106476185995	-0.8835512429598918	-0.6957564581882568	-0.0146318484214788	-1.4203753912211463	-0.0283815736939045	-0.6946956463157261	-0.8227768222660906	-0.8477806101829765	-1.678623469938351	-0.933428091583806	-0.6197661683398136	0.5205557237307145	-0.6626274010476527	-0.4049009107367956	-0.6926919122362214	-0.7529008842537854	-0.8105465650667294	-1.2479885322465285	-1.2009873280991503	-0.1000127063562011	-0.7126942389295451	-0.8873389557983457	-0.6177253901266132	0.1671798219245503	-0.891328927322031	-0.7144546011318765	-0.5951898253691758	-0.351240530145062	-3.088714774940809	-1.1514875853525723	-1.289255091037203	0.4218603003348508	-0.6535396095038307	-0.8821381591222931	0.0063827247057937	-0.193974119657391	-0.5989970809929304	0.7116024260847779	-0.5602582902377189	-0.5019926082843944	-0.3621278271436451	-0.8988290004531609	-1.2860143909923976	-3.0820926936906123	-0.5316232096050031	-0.3443658503878041	-2.573823128569509
ENSMUSG00000021728.9	ENSMUSG00000021728	Emb	UP	0.5911495911495911	13	1	4	0	5	1	6	0	1.8450173102659306	0.7002014616554677	0.6357665220654458	0.7973122222379188	0.920208677358323	5.026781819402035	0.6489214178681882	0.7514815054427472	0.4086015195446321	4.9997859386816454	0.6489214178681882	1.0500989886110916	0.2517045183742705	0.5664027498228134	0.4468814843903356	1.1692672923114351	1.434396676937355	1.5524207898807665	1.5901788651537234	-0.2646025006935594	0.1354699406676768	-0.2968970553225852	0.9351243324159434	0.6909741091527855	0.2903892887403375	-0.2071133882518774	1.0927884275479172	-0.149542138484557	-0.0999562312154445	0.2740715750009969	0.1958150714819131	0.0238833688483942	0.6957641234339362	1.209013812308896	1.031907478975509	0.9961733116867476	1.9021597861240271	0.918914828734412	-0.1148946833951065	0.9002810606436793	2.348343977245224	0.673444187554402	0.7514815054427472	0.1036146794400731	0.3216837959849713	3.928017736623822	0.4086015195446321	0.0429742923747864	2.5853053047898147	-0.7590300729483347	2.155708067812802	0.0866658444079353	0.6345940531646519	-0.0970090171646573	0.8147839263511316	3.664561995829331	3.8564026523046335	4.986173281418503	6.405131487161958	5.013398595944787		6.235022903753
ENSMUSG00000019158.10	ENSMUSG00000019158	Tmem160	DOWN	0.5911495911495911	0	13	0	4	0	5	1	6	-0.3592699549400943	-0.3572138435575599	-0.4561061166970093	-0.49330546866706554	-0.23824069943929474	-0.2494275349570076	-0.4259767545794284	-0.3563682868491835	-0.2056090744426398	-0.3580594002659363	-0.5358828784896137	-1.2253831347618942	0.0903787224738227	-0.6867749408348196	-0.873210194480611	-0.5583964781056806	-0.695563222850051	-0.1859901024197133	-0.145525357947938	-0.3799912849254973	-0.1750218881805362	-1.0045264086112615	-0.3402618458852739	-0.6994533617382661	-0.0846460091344353	0.0497541669447034	-0.3558397817436647	-0.4259767545794284	-0.2866817955601656	-0.7738230699094621	-0.4341582643203614	-0.1101511457945638	-0.9852273888565416	-0.5022317346496741	-0.2955050545554322	-0.4679936816158741	-0.2267822602870173	-0.5214428341215525	-0.2647772404109228	-0.2301141428566173	-0.3563682868491835	-1.4744100378201122	0.2343541545761204	-0.8403798931871909	-0.4133537957671681	-0.1954515405705138	-0.3489870468415459	-0.2212100800223367	-0.5706064766028656	-0.1333422463251307	-0.089605911335315	0.3128428310086185	-0.7204628174399835	-0.0348615354933613	-0.2056090744426398	-0.2896596899068931	-0.5292507770275617	-0.3197954966952208	0.8747551846717986	-0.4954129859695299	-0.6285695795057098	-0.3580594002659363
ENSMUSG00000024498.17	ENSMUSG00000024498	Tcerg1	UP	0.5874218374218374	14	1	4	0	6	0	5	0	0.26790875271444153	0.2047665179429755	0.28462755007850893	0.3894595232384014	0.2013992663293539	0.19614867121150198	0.2613218865358999	0.3874496612806544	0.1395193926178058	0.1482111493500511	0.537202000241131	0.2975533953880028	0.114652894763234	0.3589631031008754	0.9850653929235238	0.1226902050093733	0.385162858931546	0.1862734632122251	0.230893299715607	0.0377512383557127	0.271036633430872	0.045148376576633	-0.0463461298096486	0.401385366322832	0.2613218865358999	0.295369542795848	-0.0983861347023602	0.6176048888939597	-0.2326091055528623	0.119235382608586	0.1085904773854342	-0.0650050905950418	1.2167768228447242	0.3977025186941931	0.6484438987644863	0.1124157625667742	0.3760509037181808	0.6518636346849883	0.1565010658663201	0.5748556159129933	0.293210619620108	0.230194445183118	0.3874496612806544	0.4321416201206272	0.0922851904962373	0.1392220562630793	0.4334869532936647	0.3221022214282439	0.4107994182362619	0.029237778773095	0.3522331536169292	0.1279240255322367	0.1506160723453138	0.017965667020025	0.1395193926178058	0.3741003994010861	0.4694214390984338	0.1482111493500511	0.0106223569150539	0.1462346548012347	0.3833135792403705	-0.1588628803257165
ENSMUSG00000004096.10	ENSMUSG00000004096	Cwc15	UP	0.5832130832130832	16	2	4	1	5	1	5	0	0.2226417056713676	0.2327105625118056	0.26704503324073675	0.21603879485146352	0.1509689497856638	0.2565140448076063	0.3136592629114697	0.2840669333520842	0.1319900382097945	0.181354191671527	-0.0016826944356469	0.4368691572456536	0.4115515009980958	-0.2173776065808826	0.6353512595287855	0.3378630839577908	0.4054082028885823	0.3136592629114697	0.5065783471407881	0.0446154360594158	0.2912869766971468	-0.205444340127796	0.019836103302942	0.5485982746492548	0.2162433275192845	0.3276197125743049	0.1604156217556285	0.5699996242458338	0.169819052091769	0.3257293856494909	0.1527080490027659	0.009541673746716	0.5337221729227131	0.437297834472606	0.5177298805426964	0.060557692609303	0.2017189061311803	0.5735608635761554	-0.1455489720284044	0.0975236166294106	0.0132254059538657	0.330487140529245	0.2840669333520842	0.3589565759478881	0.0215686439135015	0.2522028413266393	0.4813530186652648	0.0338576470426751	0.4126602079575384	-0.1213152365198709	0.1580625499386487	0.2828001836357434	-0.0709988559651752	0.0784774094375424	0.1319900382097945	0.5126537747798239	0.4809561040733056	0.1793942689006949	0.0647299722614505	0.5288629310700427	-0.1523529291036006	0.181354191671527
ENSMUSG00000029270.11	ENSMUSG00000029270	Dipk1a	DOWN	0.5832130832130832	0	16	0	4	0	5	0	5	-0.611826716756013	-0.7141392468740341	-0.7912850801612135	-0.9079645327377842	-0.12670144020884283	-0.6213558139162113	-0.675254787840659	-0.8741614429068392	-0.1437375906238619	-0.7530237059074092	-0.8742081132336132	-2.686288360539806	-0.2245712099356822	-0.4849929657203345	-2.0589351425798545	-0.633368437333186	-1.054137718870236	0.2347180461187298	-0.7272497503015581	0.0552252417008393	-0.2639340474962905	-0.675254787840659	-0.4363377322999889	-1.8656041006417765	-0.0481791596512349	0.1003029812731104	0.0138065064296096	-0.9956252559750594	-0.9701018340966712	-1.5374540075662462	-0.3898468285546943	-0.2146143486457563	-2.012882359549946	-1.1007498189879503	-0.294039765989625	-0.8952515904912969	-1.3251226035735866	-0.983804196935366	0.0166522435328473	-0.8741614429068392	-0.7087973408462193	-1.1501047572789231	-1.825983529773884	-0.8295527049561044	-0.2312716516748343	-0.1778298667049084	0.0355623493412574	-0.2019789356082866	-0.8282582587813936	-0.1367796594133301	0.2956725747948955	-0.1990447329151914	0.0745596729347936	-0.1437375906238619	0.1193902563535886	0.0841679094626872	-0.8655679213559214	-0.6613033199199043	-0.7667018929106082	-0.7530237059074092	-0.0458538814471616	-1.341207885335162
ENSMUSG00000031637.14	ENSMUSG00000031637	Lrp2bp	DOWN	0.5832130832130832	1	16	0	4	1	5	0	5	-1.209818281155875	-1.019034671754068	-0.9831541328327638	-1.3962023548747275	-0.32472083076774155	-2.1351958061482676	-0.9121188041658996	-1.1259505393422364	-0.2524043485787136	-2.816070284431947	-0.9404963912150636	-3.9499019314959902	0.5734747969908826	-0.2605989756252295	-2.001351408544507	-1.1465526160513957	-1.434836605501396	0.3732097269801827	-1.2564677359659493	0.1663819483841407	-0.3552134639761527		-0.4695032781347479	-2.101395802735162	-0.1277435437040512	-0.1110198321645271	-0.1445771858670363	-0.8837412171167356	-2.1877257728217185	-2.538033941154338	-0.5315476765497401	-0.3777526713974475	-1.874377509271257	-1.263990753232337	-0.5259152109432819	-1.212981852803913	-0.9793485497350878	-1.4743289865318594	-0.8335253041568551	-0.6404034626946887	-1.1259505393422364	-3.214266486482704	-1.6380664084093497	-0.8468752965053992	-0.0935080571636252	-1.282438397827159	0.6855805990088875	-0.3313138568442202	-1.1636094487697748	0.2510902623050012	-0.402065360727471	-0.7715404513449095	-0.2524043485787136	-0.1605777700625827	-0.0511423084405894	-0.3224832287403957	-3.0353586062204263	-2.816070284431947	-1.3903917457807942	-3.787543957166715	-0.2792089434801866	-3.315313877217407
ENSMUSG00000038366.16	ENSMUSG00000038366	Lasp1	DOWN	0.5823713323713324	1	11	0	4	1	7	0	5	-0.3141206864245554	-0.3091109185888783	-0.35275471271423936	-0.37258828482930423	-0.1972993708718872	-0.33384037728279076	-0.2693959045184871	-0.524392362400966	-0.2584566118197137	-0.3488259326592695	-0.7046611677139015	-0.0348573261933212	-0.2921880620850433	0.0413014836355997	-1.45918131005281	-0.2503054883712097	-0.7931582148889373	-0.3332339068612484	-0.2891631091638839	-0.0163377138937657	-0.3575838136681931	0.3585047318407262	-0.0978283694316838	-0.2769299687970342	-0.1534411789675588	-0.2693959045184871	-0.1441540813856981	-0.9517349504353804	0.1282293311430047	-0.2731383842857064	-0.1947975292299118	-0.085954438926815	-0.9552919004506052	-1.1347496927617997	-0.8116749514890425	0.032659272196963	-0.2053105985287183	-0.574361114922749	-0.524392362400966	0.0479774168063516	-0.6731418037242107	-0.3770865954900445	-0.5891698197031836	0.0820562856296723	-0.3389423253420666	1.2340641555723375	-0.6898151630393755	-0.1814316320304263	-0.5939681331344193	-0.2584566118197137	0.0529726711071878	-0.463083953825995	-0.6762149903191128	-0.1018564036727749	-0.1535606930864004	-1.0673426992440835	0.1822498738224514	-0.2003819964377745	-0.3488259326592695	-0.6922860590685432	0.1737420187699276	-0.3840378461622436
ENSMUSG00000059498.14	ENSMUSG00000059498	Fcgr3	UP	0.5818903318903319	12	1	5	0	5	1	5	0	0.7081856518041394	0.7267245450064128	0.550529575319896	0.9924052481609307	0.6042548958339417	0.6855528879017891	0.5666781166753357	0.901145588444505	0.4311496835970442	0.8867709733374898	1.2085817526105354	0.8262732409088633	-0.1244730651994461	0.3586920299789797	0.1657862311204248	0.7680236516544521	0.974200279504979	0.8766434464290305	1.6317314793890607	-0.2371618040420209	-0.162943392643005		1.2694217441189033	0.2009281773632065	0.3691669259398691	0.152152330856523	1.132850857984907	-0.1209935699152243	1.2155353036019882	1.184499982038947	0.1227031107060758	-0.0605840405946224	-0.7262129752869603	0.2880689395356728	0.7641893074108024	0.788218668351232	1.4484703464941202	0.7251836608649459		0.6141420718169547	0.4938747609735863	1.284042147082441	1.077107516024064	1.7600813322035924	-0.2407242187364688	3.2377240653433588	-0.8332154515408198	1.0452581969734582	0.7950512688459348	-0.1621527838389254	0.8360061945488478	0.0207703001342349	1.454686590582772	0.062250008263922	0.4311496835970442	0.009931416928805	0.9745515235804292	1.0805527128524353	0.8867709733374898	0.6559854626014356	-0.7731137320264354	1.964191858038364
ENSMUSG00000025141.4	ENSMUSG00000025141	Myadml2	DOWN	0.5818903318903319	0	12	1	4	1	5	0	6	-0.4165249848920033	-0.30913156956220894	-0.2490975199386355	-0.41280504494516557	-0.2083880602439099	-0.7958093144403023	-0.2375138505730155	-0.3807492885514024	-0.1850026559205204	-0.950795257738303	-0.4457207620291836	-0.2960778051496892	-0.0322190258689606	-0.3362276699519747	-0.0720891195845161	-0.2280207690826135	-0.730962909817792	-0.2470069320634175	0.0742316777252908	-0.2862110117792837	-0.1212434088430377		-0.6260298489428333	-0.1368586575286599	-0.2931409552598855	-0.0754272844742258	-0.097071348543341	-0.0649756278855014	-0.2876990147340184	-0.5906782264416636	0.0026797946891107	-0.264076433026255	0.1013461808538142	0.1688565521836598	-0.2061035001969067	-0.7295316098612066	-0.6562778027914326	-0.5280855655654086	0.0945085894253057	-0.5063642979517184	-1.0976166418459437	-0.3627887571746345	-0.3807492885514024	-0.1085393529523565	-0.4175700084809472	0.2502414392648973	-0.3746505931520715	-0.0451693028848041	0.1168211960557133	-0.0854751800819551	-0.3631159103487731	-0.0971349138057621	-0.5826325317929907	-0.1850026559205204	-0.5085802015357951	-0.950795257738303	-0.3232887371419305	-1.2329735143086242	-1.2713005483960624	-0.2354790219078272	-0.2171822050183209	-1.3396459165710488
ENSMUSG00000016382.16	ENSMUSG00000016382	Pls3	DOWN	0.5781625781625781	0	13	0	4	1	6	0	5	-0.2958856265421391	-0.29556440109466886	-0.28200719552347836	-0.37167254993311627	-0.19841035520405367	-0.3314524055079081	-0.2573303720827744	-0.3917606718189934	-0.2255432709534353	-0.3337984301065634	-0.6248384407616113	-0.1081007751217166	-0.1533852101945132	-0.0188014550806904	-0.9527166127043664	-0.0656598785460189	-0.3684108970971569	-0.4356249492474574	-0.4495146828836391	-0.1469625325769271	-0.22607786624746	0.0885230435934864	0.1330202484673526	-0.2830422313692597	-0.0541588249168993	-0.5945293482462932	-0.0965548651532044	-0.780601899973142	-0.028567888252948	-0.391922209084169	-0.3233761864112219	0.1687483968999847	-0.4201651941392031	-0.8118884048183738	-0.5029788788400457	0.0907236356543511	-0.2573303720827744	-0.7334929662471976	-0.3089949842463341	-0.2284867260865027	-0.5765584916152792	-0.7049973548165038	-0.3917606718189934	0.3425833452989969	-0.4242912905367528	0.6813701209536378	-0.1211637828330177	0.0136860666934729	-0.4388329231123249	-0.0224829636529583	-0.4322339822356569	-0.445241476573798	-0.2255432709534353	-0.1912507204085544	-0.5765296845852026	-0.6688841821727125	-0.2394085634286782	-0.4150001136306969	-0.3337984301065634	-0.5647135872790676	-0.091361762907077	-0.0070001990305612
ENSMUSG00000025666.17	ENSMUSG00000025666	Tmem47	DOWN	0.5781625781625781	0	13	0	4	2	6	0	5	-0.3103317765362398	-0.31035494759682825	-0.319731358491135	-0.42805706106529706	-0.06731508864251365	-0.4262235979460133	-0.3077094684945831	-0.3130004266990734	-0.2428893795059189	-0.4183805666707312	-0.5225300537274636	-0.905993528242559	-0.01608157438462	0.0187423376194171	-1.394538876483907	0.1202650760443019	-0.4549798300248207	-0.2987429228330344	-0.0057772549164909	0.2063583899458616	-0.0731497062344904	-0.3945039384341041	-0.1278944532358256	-0.4954987119206854	-0.3207689078614243	-0.3077094684945831	0.3099992652270443	-0.6953189556889333	-0.2931965353994372	-0.6452774892476723	0.0405175763752381	0.2137101736870488	-0.9643896532335584	-0.1449813372252504	-0.5535306976141038	-0.3667879829734274	-0.5606876199831655	-0.7400738364294533	-0.3130004266990734	-0.0004075276750532421	-1.153045596910996	-0.2027864138201739	-0.5594551544979058	-0.0276304714244231	-0.2982044667931824	0.5867829214268202	0.9075438226173576	-0.1559117731088087	-0.6993397170786232	-0.0333713288774117	-0.3613836720510007	-0.355792586378326	0.3036007454895077	-0.2428893795059189	-0.3915005408080642	-0.5086879991087035	-0.4183805666707312	-0.322454834807697	-0.2994577867201306	-0.7695058722912564	-0.0914228050146432	-0.5736553210089306
ENSMUSG00000035992.16	ENSMUSG00000035992	Fnip1	DOWN	0.5781625781625781	1	13	0	4	1	6	1	5	-0.32690179084158877	-0.339308084824378	-0.2327656020449766	-0.26056570008263846	-0.29189729283134724	-0.5223785684073927	-0.290121129906655	-0.3884950397421011	-0.215012398597539	-0.739340376127673	-0.2541506772203836	-0.6864701870512677	0.1935013114762274	0.013416926508994	-0.3599716695170047	-0.3242516998129167	-0.3775380524149748	-0.111307630659928	-0.5421331766829594	-0.1130034583564001	0.1027102152552882	0.1230315916499476	-0.5231381237643224	-0.4523286893031262	-0.5924337292023364	-0.290121129906655	0.2120870919679226	-0.4927786169568265	-0.0337570094644598	-0.460297206473139	-0.4120706803643414	0.2031773647018584	-0.1687917443320411	-0.4341718560691396	-0.110515041756113	-0.4911654706559554	0.0978000931896842	-0.5772902980402611	0.1022900447348051	-0.4694828221020963	0.1537039165107646	-0.2390144225556427	-0.3884950397421011	-0.4056712793839374	-0.8897126012943228	-1.0830852640423665	1.463840312181776	-0.215012398597539	-0.5652409235418675	0.1244158507281929	-0.0788959937105759	0.1440122277370581	-0.8244918705448757	0.0407613354111553	-1.3274608954714546	0.794247237938536	-0.739340376127673	-0.568883571607828	-0.8652406551483378	-0.9402618821866262	-0.3787094424227923	-0.9584612892970278
ENSMUSG00000068079.6	ENSMUSG00000068079	Tcf15	DOWN	0.5781625781625781	4	13	0	4	1	6	0	5	-0.5993562617681956	-0.6161315641677154	-0.35705764683651825	-0.8028756916052623	-0.3802244922182149	-0.8572672164127869	-0.417992208062435	-0.6734735017781073	-0.5587896265573236	-0.9101820711486596	-0.7995497069297204	-0.4729290944270783	-0.1242435494975817	-1.05946824003105	-0.9012424352537894	-0.2318027755323537	-0.6816817433276114	-0.4284068609398588	-0.3139659413336776	-0.3742335587906409	-0.4335736975937601		-0.5142157346952272	-0.465955666506621	0.3678590673289293	-0.2664933612742655	-0.4075775551850112	-0.9295229398851732	1.15480943664254	-0.1764143321713534	-0.2679103900005143	0.5947390616501081	-1.274384666210409	-0.8271303363896277	-1.329308507722493	0.5824043504907274	0.2967003598360392	-0.4410022996688563	-0.9186582169077854	-1.5689197063874587	-0.6734735017781073	-1.1594563020708184	-0.6666928002592274	-0.1919270141645818	-0.7479682673845255	0.637497020278483	0.3488094820972911	-0.6207043532137659	-0.8689391553496957	-0.1610019578002249	-0.2316535851861977	-0.5829312870269262	-1.2461977584455672	-0.1505899258119113	-0.5587896265573236	-0.8332569285320836	-0.9101820711486596	-1.2323710397412673	-0.2351412954551371	-1.4847556275614089	-0.2584154662491232	-1.0467480862018288
ENSMUSG00000024811.13	ENSMUSG00000024811	Tnks2	DOWN	0.573953823953824	1	15	1	4	1	5	0	5	-0.3324802464359087	-0.3648523489581271	-0.2468121255428974	-0.3345918853875323	-0.2160086952133071	-0.5325082795998979	-0.2756868160504312	-0.4206936589939164	-0.3090110389223378	-0.5229113437592541	-0.0218102044211104	-0.3906547216990591	-0.0512921019096742	-0.1514455741574971	-0.3257880440785362	-0.3473770857230881	-0.4350721980531264	-0.1893299651026771	-0.3389501824125513	-0.1554923519554675	-0.1425664179955415	0.1440173488873411	-0.3066917071484341	-0.63620375901495	-0.2393095549780443	-0.0859290207396083	0.0948189448531948	-0.4462921050010082	-0.3075082704524832	-0.5258459625742693	-0.2276676061602077	-0.1408403959989875	-0.4861798723506176	-0.2756868160504312	-0.301664115174124	-0.0762018118158747	-0.2969638384313963	-0.6927026028828843	0.1011627315478987	-0.4206936589939164	0.0748401898450327	-0.3612075738575568	-0.5829728399935258	-0.4605694433777747	-0.4603895333962195	-0.638273546429882	0.3810340175035994	0.0301782433230465	-0.4700774349096929	-0.0274712687205165	-0.3090110389223378	-0.0306733045727301	-0.3145629538957655	-0.0613310468544517	-0.475517780471428	-0.1747199042070589	-0.4042108926852262	-0.7750685894029906	-0.6220977995142152	-0.5229113437592541	-0.0810829852807882	-1.1474664423497516
ENSMUSG00000010064.16	ENSMUSG00000010064	Slc38a3	DOWN	0.573953823953824	0	15	0	4	1	5	1	5	-0.6258597994922175	-0.6506733103819553	-0.6866478601983126	-0.8057256861869216	-0.34286221068240025	-0.6682034409012357	-0.613001369722713	-0.7973161115835607	-0.2102811938189838	-0.6883452510411975	-0.2465457006009189	-1.2641536136613971	0.0104117593880094	-0.0434027017606271	-1.5873511888981442	-0.6348831308779644	-2.1855262226907235	-0.6730273370398199	-0.0639434797261867	0.041907152346133	0.076119876701132		-0.4291572208036003	-0.8967522059852117	-0.2157756297327137	-0.5911196085674617	-0.280728843919342	-1.015567548051471	-0.2808463715332175	-2.1329258661789576	-0.7765972730410697	0.1075632648967843	-0.8120095645468284	-0.9176273599669844	-1.2897988901056798	-0.2507926772943178	-1.50031398350555	-1.0985714785202303	-0.1254277549793189	-0.2587002247404543	-1.6677098144366975	-1.5508564840815393	-0.1414979349666507	-0.7973161115835607	-0.4722294600370238	-0.9249635409707924	-0.4774513654161518	0.6283352314338598	-1.1843688585796592	0.0343409009697986	-1.0144973643724668	-0.2102811938189838	-0.1219446194368336	-0.0155557089213304	-0.0128683383568195	-0.9390587608761228	-0.2320845287771796	-0.6883452510411975	-0.9245672237826998	-1.950739384714592	-0.6089689370849658	0.6663399999681078
ENSMUSG00000029649.11	ENSMUSG00000029649	Pomp	UP	0.5726310726310726	11	3	4	1	5	2	6	0	0.37355667401094683	0.24119592311944185	0.11497004849289116	0.3313041607128646	0.11574341172228801	0.9322090751157436	0.1179529202190831	0.3644389260198006	0.0755130551959063	0.8366509176152824	-0.1983805220909784	0.1742578959313032	0.2464695376853048	-0.4963870400222034	0.6667072322333594	0.058638854308019	0.4053491187377782	0.2547276227707926	0.1783428659239994	0.0011796836886409	0.1448842794040632	-0.0217074697330785	-0.2639267791677021	0.2815640299361669	0.1179529202190831	0.0732229730685992	0.1372485987197025	0.3360182418776481	-0.1588207501683819	0.3511594995856746	0.1090402005703956	-0.0405993372834138	0.4704966106042736	0.0452346133661015	0.3443460761814217	-0.1413463768010133	0.0285187297625055	0.8132436353674544	-0.1413641292867161	0.3415233193482513	-0.1211737687987726	0.4041798334025982	0.6582813089374364	0.3644389260198006	-0.2690954533325324	0.6387035193600581	0.2199443636571204	0.0015263085152825	0.8485990810463696	-0.0551070625839404	0.3941641152885658	0.1615513044078751	-0.3092622232400551	0.0755130551959063	-0.4333594793694816	0.7996390367137556	1.5387482678827002	0.9374880646957024	0.7513885608358472	1.6374211861063184	0.0241274919605992	0.8366509176152824
ENSMUSG00000031523.17	ENSMUSG00000031523	Dlc1	DOWN	0.5726310726310726	2	11	0	4	0	5	0	6	-0.4290576213833225	-0.3697180563037112	-0.2935138377368255	-0.538224539433399	-0.19384388897293653	-0.690648219390129	-0.2578943365097024	-0.48154177609772	-0.2059931062118611	-0.8054827500409594	-0.3864232335091424	-0.0581465800776862	0.0122351949778036	0.345350100756948	-1.7287640628525436	-0.0884269732923518	-0.4077423800708732	-0.3454212845442415	-0.4221069948460854	0.0390572572430936	-0.1825764341582518	-0.6555386696561599	0.0296080845998979	-0.2578943365097024	0.17397944858998	-0.7900455225678256	-0.0671303937459402	-0.8125806900553877	0.4113748558917841	-0.5378429164331979	-0.1070283081549397	0.4565338476823176	-0.4924390051793504	-0.92572280198193	-0.7386930352933021	0.1753073875183355	-0.5637961732255373	-0.9060227201146974	-0.3444295764529663	-0.48154177609772	-0.5126694151830022	-0.2023211450260988	-0.9792662864005844	-0.3413208567587236	-0.1230087992582973	-0.2059931062118611	-0.4854380306007035	-0.0582642566414965	-0.3852104035916374	0.0744987783994607	-0.3455874278316825	-0.4389458834661568	-0.2726612184572554	0.1337687087694785	-0.0254411398121506	-1.2138563721511058	-0.3979644520162064	-0.4503558272902318	-0.8065541411012742	-1.1991634773990167	0.0388394842678906	-0.8054827500409594
ENSMUSG00000071856.11	ENSMUSG00000071856	Mcc	DOWN	0.5689033189033189	2	12	0	4	0	6	0	5	-0.3897123639600689	-0.4259749869309669	-0.2623588060646069	-0.4126778756994561	-0.2848893741207549	-0.598923399955458	-0.2591679145294198	-0.4753254539907587	-0.3766245198711752	-0.7309046952102394	0.4297227765807879	-0.0435319397022927	0.1188205873261765	0.1339169878202443	-0.2682848590754745	-0.6183805390186332	-0.9105729739641134	-0.9890905990017328	-0.0686177433959417	-0.2420960098343296	-0.377771611110462	-0.2591679145294198	-0.4537271790379229	0.5278370196643408	0.0910249374222479	-0.4923358197279621	-0.6646996587545467	-0.9808812069583628	0.7447304566188465	-0.4235018638220398	-0.2278150373183876	0.0554106384172192	-0.6854457018355656	-0.8015106902609898	-1.0549597826573016	0.2016401204617375	0.1755998419494922	-0.868572693116875	-0.6915124603471994	-0.4549104392627593	-0.4753254539907587	0.3702989156871316	-0.0995183652990702	-0.6692046335666613	-0.4914638785909908	-0.2804549187354137	-0.6397544917155743	0.2059651035611392	-0.5531690454084067	0.0715023688869144	-0.418536928068876	-0.2637589927163437	-0.4123986154798361	0.0249108028102588	-0.3766245198711752	-0.4354617203997491	-0.4336859788159529	-0.8277494340952858	-0.7517765625312645	-0.9540707725791082	-0.0588146360566061	-0.7309046952102394
ENSMUSG00000026656.16	ENSMUSG00000026656	Fcgr2b	UP	0.5646945646945647	14	0	4	0	5	1	5	0	0.8198289961549201	0.7166715956829912	0.7099313689272164	1.2301483682813543	0.6034823271848242	0.735753920226285	0.7091995534593927	1.1584218687428811	0.4627375894208962	0.7241436379065898	1.643591804436236	1.1083941832534554	0.2640208768467446	0.3514364522255154	0.1498893059163828	0.6674511899263701	1.4563152254596023	-0.2818166735880748	1.3658937910069415	-0.0292980833641113	0.0062475248200228		2.229423162563711	0.4274260985804471	0.7631737010361792	1.0168562757596074	0.8960739512470575	0.224430944128604	1.3231623288694547	1.2488719044223848	0.7509479169924153	0.2580115639074617	-0.3102735237229848	0.104504159383992	0.2307575880680546	0.9496604143982644	1.6430635095338908	0.3813853751684964	0.4724467645510511	2.189280324379329	1.3839905511895152	1.1584218687428811	2.150895916353436	0.8746177775847725	-0.0982407087132729	3.271528661207663	-0.5149310971587706	0.4627375894208962	0.8149055543080983	-0.0076562416168676	1.5193523947657634	0.0574472492132564	0.6268356904773216	-0.0631958157004071	0.5695223228293859	0.7241436379065898	0.2432949708151535	1.4241606805371192	0.555871737724163	0.9968009479750828	-0.4458840645843299	1.6518895312102164
ENSMUSG00000067274.11	ENSMUSG00000067274	Rplp0	UP	0.5646945646945647	14	2	4	1	5	3	5	0	0.266530799106636	0.31345166784987955	0.26618665254072194	0.27329076726176443	0.038410669492524294	0.4882351071315334	0.2685173911839401	0.358385944515819	0.0609389155302898	0.4403352172064509	0.0744187634094386	0.3770254380823286	0.5819658882291329	-0.4626229539808544	0.3254076929504175	0.2685173911839401	0.5912676848502508	0.1287068968902894	0.738669397670101	0.1001402439095515	0.24698147388528	-0.4125302242445618	0.24965222986607	0.6295839110390041	0.3782230882592107	0.2706509154751887	0.2119937602613933	0.242985832246967	-0.0413447188723801	0.3056054565253278	0.0948873341760822	-0.0404028937920432	0.2837818100865399	0.9134332179705824	0.3271327264645584	0.2634428946686183	0.5394663613890579	0.6480502098948421	-0.1402475157531421	0.136830570157458	0.4574040717152315	0.0479235287612132	0.4046885615409293	0.358385944515819	-0.1978188154972219	0.4118418741187227	-0.4138415387756184	0.1602972440320012	0.3469040828438071	0.0971393394091657	-0.113235806828303	0.0609389155302898	0.0046174372030156	0.1989679034255981	-0.1332932710436897	0.221054351479383	0.4403352172064509	0.561101249339476	1.2459249858419297	0.4395716402243458	-0.2863845331137998	0.7960428389429477
ENSMUSG00000040774.16	ENSMUSG00000040774	Cept1	DOWN	0.5646945646945647	2	14	0	4	1	5	0	5	-0.3325624067444032	-0.2570543629996157	-0.26190177746033083	-0.45020819854391697	-0.15256408994142986	-0.465575561031935	-0.2454703723261798	-0.5441164225614263	-0.2013291419190883	-0.2686383536730516	-0.5995736743572688	-0.5343635591669618	-0.1583616220711051	-0.2180101731554531	-0.8354976237316201	-0.0018182274607499	-0.3115485311025642	0.2169145372374848	-0.3848793100716457	0.1927844598732365	-0.2454703723261798	-0.4065423949793265	-0.2894200658954157	-0.8063246250720683	-0.2695903027736545	-0.0693593434974148	0.5572084442012815	-0.2450183488860589	0.2916103313822225	-0.1859042559040007	-0.2252262818339561	0.1648960546869875	-1.2455967472194005	-0.672344972081529	-0.5464599557715828	0.0707769669026625	-0.3142283983548515	-0.8014024913749178	-0.0099299741271526	-0.5441164225614263	0.1155981733562527	-0.6672402373119397	-0.7317800876391657	-0.5125863501490693	-0.2527191705884355	-0.361230415861824	-0.1860432015052251	-0.305868919206695	-0.4192882006856975	0.091812986590767	-0.0718899794096712	-0.2209903546620581	0.1602113840078414	-0.2013291419190883	0.089130023884358	-0.2686383536730516	-0.2438272763898193	-0.6336659293181832	-0.489598938231443	-0.22532155533011	-0.1125844220236091	-1.2853924522573283
ENSMUSG00000033157.18	ENSMUSG00000033157	Abhd10	DOWN	0.5646945646945647	0	14	0	4	0	5	0	5	-0.36808457660235594	-0.34842074152268615	-0.315735927278381	-0.4029472673236668	-0.21705245393974335	-0.5366026578676325	-0.3033319948864832	-0.3935094881588891	-0.1990464486085084	-0.6200658801539962	-0.46550994949814	-0.6425629444071859	-0.1209838084588507	-0.4664256723910007	-0.4974962363731084	-0.1940259589621505	-0.372482086066097	-0.0490235883480807	-0.7875730826715235	0.1233960990844463	-0.1488476208190557	-0.2701374152819537	-0.388403102145654	-0.4885396890909357	-0.1415914859790997	-0.012822495122004	0.0438901634854528	-0.2292092993651429	-0.6352982541097143	-0.6259309181425762	-0.3033319948864832	-0.1385986770862579	-0.5644796637748408	-0.3073068591436811	-0.205884114353703	-0.427681246322217	-0.2080101362867289	-0.3292654506972788	0.1584698844917549	-0.4689574992110238	-0.6992697299217001	-0.7476358485603627	-0.3935094881588891	-0.3404627392081676	-0.2156768275380294	-0.9066843660844044	-0.0789498686973984	-0.1990464486085084	-0.5225348106279036	0.0405034428303766	-0.25388289641478	-0.2581886250408514	0.1955135141406392	-0.0776558368204585	-0.1109742704758584	0.1056738290418917	-0.4778843446280397	-0.8502454704077052	-0.6200658801539962	-0.7386676857966112	-0.3341053957204473	-0.84092365740852
ENSMUSG00000020601.9	ENSMUSG00000020601	Trib2	DOWN	0.5633718133718134	0	10	0	5	2	5	0	5	-0.5259798874961317	-0.421166277101119	-0.5142384084687827	-1.021744720545108	-0.06481687952871833	-0.503119541441918	-0.3693637975287416	-0.801339025853185	-0.1577959291716792	-0.4729687566734963	-0.77445238765455	-1.1010713446414335	0.3203555251905047	-0.1050142053282467	-2.1960470325203656	-0.6592417636104752	-0.7331398005939964	-0.3693637975287416	-0.3597856512010727	0.0711274068039259	0.0127508249429469	-0.3711310028963316	-0.1496449972425402	-1.5652851815697886	0.0766401046831138	-0.2984964700987238	0.0527682209275087	-1.5234447390057648	-0.0556684268787613	-0.8916208580640473	-0.0943699766341806	-0.0018483912607672	-1.3052497361241162	-0.5392722416483939	-0.1576113589386197	-0.4182277094316091	-0.7480920383326052	-0.9434525437819964	-0.801339025853185	-1.675872988767105	-0.3742810526159569	-0.7701620091914313	-1.879623633068432	-0.7074817905376491	-0.2075011071980101	-0.0966980415649602	0.7506999021881066	-0.5959189096812662	0.2480378652630856	-0.2677336393388083	0.2608867887791897	-0.3156095621775594	-0.5581601659975263	0.2268071240835261	-0.1577959291716792	-0.4736577522125503	0.044200209121943	-0.5670302924244112	-0.4473420868160918	-0.4729687566734963	-0.2222251200667916	-1.3828129910220277
ENSMUSG00000022960.14	ENSMUSG00000022960	Donson	UP	0.5554353054353054	13	0	4	0	5	0	5	0	0.6193536781877707	0.6860712592431996	0.6002432078835288	0.717973426348064	0.5411594646631206	0.6180386138563692	0.5229392124226595	0.767813567376836	0.6043289511095631	0.7811251962654122	0.1248616888476895	1.5771325982670992	-0.0410169300705604	0.0802330449294836	0.6335122769675654	1.5281692808419374	1.845678963419527	0.8157339852962735	1.5016860598388877	0.1020767443767673	0.05654488659275	0.7394568528383172	0.9387982751159488	0.3390056146437559	0.5229392124226595	0.0346157029809681	0.2954416106600829	0.253252092628591	0.7675401003225164	1.0836551962024272	0.8930344609611817	-0.7201468815875697	0.7885096668078058	0.871080480218321	0.2704836110595962	0.4515898058237049	0.4526982124495476	0.8337975524043217	-0.3874624123654528	0.695943538968461	0.7018295823493502	1.2194898191529828	1.2442424775787215		0.6414666700323048	0.6276183246096596		0.0922800235659181	1.1951823995204285	0.0054091259995984	0.7854188367848884	0.1891469732237474	0.4456220916070974	0.5810395776094665	0.848410623678096	-0.3084004315397213	0.8614492566575217	0.5543115368010373	0.8112665096207486	1.038620928688553		0.7509838829100757
ENSMUSG00000026768.11	ENSMUSG00000026768	Itga8	DOWN	0.5554353054353054	0	13	0	4	0	5	0	5	-0.661664854044034	-0.656744167489272	-0.5432447761109177	-0.9542954578797467	-0.20670803588856757	-0.9424111462969039	-0.47278875665946113	-1.0720848158652252	-0.23730532635338808	-0.8406995783190829	0.0942150221747648	-0.4346469482818809	-0.3928333674310674	-0.2012339609364337	-1.3758062612552926	-0.968842616496048	-1.411973558772953	-0.2100447839401076	-1.0360505386486718	0.0490801067885821	-0.1896348922728623		0.0753838039898587	-0.682051834882487	-0.5109305650370414	-0.7238424885162301	-0.0739745001083834	-1.1911589680276853	-0.5638197705872694	-0.7762543304563996	-0.8397723268616207	-0.1951344808192987	-0.0962469597197417	-1.1760553285608657	-0.6641685736833901	-0.203055336829924	-0.4255107197114118	-1.0171298446748265	-0.1488956926040726	-1.127039787055624	-0.8231734230213563	-1.180958225398014	-1.4285757745245875		-0.2635499589868616	0.6498613799473587		-0.0117071523521916	-0.8131492738301562	-0.1655902410194818	-0.6456563378367014	-0.5966957073236226	0.3083416307136319	-0.2110606937199145	-0.3178740044777362	-0.7513151348716678	-0.5489106546379506	-0.930084021766498	-1.65014688432913	-1.608065414385052		-0.1659447677911266
ENSMUSG00000076437.12	ENSMUSG00000076437	Selenoh	DOWN	0.5461760461760462	1	12	0	4	0	5	0	5	-0.3751902185932727	-0.3826161425622939	-0.31740896972782573	-0.502736263813405	-0.26070469060451357	-0.41991095022734637	-0.3199739143535224	-0.4452583707710654	-0.2493780917991087	-0.5151507934744705	-0.4268636856496136	-0.6950564323462158	-0.3199739143535224	-0.961526719718806	-0.7327711169531341	-0.1769242943010084	-0.2402917515585332	0.0580685047673633	-0.2004946045792472	-0.141502481608411	-0.3697071010873526	-0.3428940470166221	-0.2265647378957394	-0.7405878399463227	0.0622807266030558	0.3589241130821973	0.4149929598250647	-0.6350049427119174	-0.5678111944504022	-0.6159617787751792	0.0550335025334509	-0.4221501098992563	-0.6415467116078429	-0.1580665851530166	-0.7501763591541178	-0.2543367929274571	0.100871212231292	-0.0656957239042964	-0.4452583707710654	-0.2361896545209895	-0.7126313469338017	-1.0941916098111415	-0.394326666056038	-0.5708604746965023	-0.1087019640164471	0.3267391991734508	-0.4103149810891544	-0.7760381333851382	-0.2493780917991087	0.2613406139184864	-0.133800713440586	-0.4721148119549784	-0.5084052398145168	-0.7045306057427876	-0.0925468684988692	-0.6868631966752347	-0.5151507934744705	-0.2930153213214707	0.0690884477070491	-0.6017745012281096	-0.3124319311013973	-0.5992293554977909
ENSMUSG00000026365.16	ENSMUSG00000026365	Cfh	UP	0.5369167869167869	11	2	4	0	5	0	5	0	0.5734443116479851	0.48281390027678617	0.5351533432985752	0.7214570097114982	0.4810728276926714	0.5560940658891959	0.3494565739780324	0.7351394542889077	0.3206619031950752	0.6161712265755399	1.3578454801065452	1.5914787157179917	-0.4865938269320566	0.6927126121182909	0.4483877975005317	1.2034710950609209	1.337215359789119	-0.4371919867124755	0.2619492293300891	0.0286035059476914	0.0776200255685069	0.8037959839498897	1.954844808656764	0.8577006876287989	0.2305470416879735	0.3494565739780324	0.2866946816771024	-0.0283314138407322	-0.6751043452579377	1.925682899732346	-0.1422383849104818	-0.1802622313631841	1.084006360204267	0.0594721161282018	0.1885574953146601	1.1309398942497495	0.5278800937309279	-0.0569011912520786	0.2354592961827883	1.0818271678852849	0.6892230407360244	0.7351394542889077	1.5987933258450802	0.7666579742944798	-0.152403059402629	1.207000310659778	1.2095327271594942	0.2048086156491806	0.449480101905176	-0.2986525812792053	1.0339185959927306	0.0584773753886006	1.1604162361412234	0.098560879209961	0.3206619031950752	0.6161712265755399	0.8145125252030108	0.6752816175269362	0.1493399037379986	0.4192273015659615	-0.2378701261921205	1.455996012807044
ENSMUSG00000020477.11	ENSMUSG00000020477	Mrps24	DOWN	0.5276575276575276	2	10	0	4	0	5	0	5	-0.26221734454775913	-0.1682539277657002	-0.19958883995073154	-0.2661969165894473	-0.20967728447856127	-0.3734063371722964	-0.1500474768722338	-0.1269489124922262	-0.1864603786591666	-0.3271491859438881	-0.4484617479543749	-0.2905135280881153	-0.1440918864264928	-0.9641952345533488	-0.5154597710164666	0.0305510956902405	-0.1127570480630494	-0.0785372967972204	-0.1500474768722338	-0.2760231717856871	-0.253926270244652	-0.4752649324702475	-0.0062775681461553	-0.1299140355947335	0.112498431585883	0.0936990351558212	0.4394963160326062	-0.2493041728352196	-0.4638770800340384	-0.3783742425031779	0.0948991734156799	0.0674530823182071	-0.8477246253216539	0.0566150542792915	-0.2056577676069208	-0.1970824429578622	-0.0966205678758305	-0.1086732223904988	-0.1269489124922262	-0.2755421289943927	0.035899199141885	-0.6389526706097186	0.0504601742652114	-0.7996208550463909	-0.3119428081926805	-0.3001482898543999	-0.5317602862736798	-0.1079942400745305	-0.1191109591373042	0.0892523139546709	-0.1864603786591666	0.0125746765397673	-0.4414461402830201	-0.0074302343125768	-0.4019837829712539	-0.658851698507282	-0.3271491859438881	-0.2849431727611581	-0.0105638630583037	-0.2838043864807808	-0.6901910637691889	-0.3583409896854729
ENSMUSG00000020988.10	ENSMUSG00000020988	L2hgdh	DOWN	0.5276575276575276	2	10	1	4	2	5	0	5	-0.339675640128643	-0.2440259551680512	-0.1449284620864701	-0.509669725925705	-0.08598307123665677	-0.61812130126574	-0.1251396912171978	-0.3629122191189046	-0.1006403553892534	-0.7570294958664	-0.1730913079558845	-0.2299114620874611	-0.2230421129729767	-0.3848618967032635	-0.3842936029762639	0.001089888038631	0.0110434775981113	-0.006569138851579	-0.3728134810268083	0.1512802224447076	0.0003101903068111826	-0.5643025615175659	-0.4044318094789257	-0.3998149091665158	-0.043247561739402	0.1200621082333798	0.2789079594215545	-0.0494191335510002	0.3392722185806759	-0.512933312245313	-0.0906496043868167	-0.0025403737792507	-0.1251396912171978	-0.4497223325478339	-0.2061836105109454	-0.0392069275948005	-0.1528597106487589	-0.3629122191189046	0.1585344642755108	-0.115489834988078	-1.5342359830926064	-0.4265149564934881	-0.326215227540219	-0.9608543245221498	-0.1006403553892534	-0.796843119527661	0.7543673177450166	-0.0996935358261768	-0.4018928211356137	0.0514963766675088	-0.0956350807480789	-0.1271320811167305	-0.105915170383737	-0.2435912380148826	0.2196659241263839	-0.0572954634806004	-0.7570294958664	-0.8811214444166834	-0.8504497568228062	-0.7062349641081024	0.0533386864691842	-1.1280566706347723
